mmsi,timestamp,latitude,longitude,sog,cog,heading,vessel_name,imo,call_sign,vessel_type,navigation_status,length_m,width_m,draft_m,cargo,transceiver_class,invalid_mmsi,invalid_timestamp,invalid_latitude,invalid_longitude,sog_unavailable,sog_invalid,cog_unavailable,cog_invalid,heading_unavailable,heading_invalid,is_valid_core_record,duplicate_record,previous_timestamp,previous_latitude,previous_longitude,elapsed_seconds,reporting_gap_minutes,nonpositive_time_interval,distance_nm,calculated_speed_knots,cumulative_distance_nm,sog_change_knots,acceleration_knots_per_minute,speed_difference_knots,previous_cog,course_change_degrees,previous_heading,heading_change_degrees
368051060,2024-06-14 00:00:35+00:00,40.6552,-74.0454,0.0,257.1,7.0,KRISTY ANN,IMO9862774,WDK4022,57,1.0,123.0,24.0,5.1,57.0,A,False,False,False,False,False,False,False,False,False,False,True,False,,,,,,False,,,0.0,,,,,,,
368051060,2024-06-14 00:03:36+00:00,40.65521,-74.04551,0.1,257.1,3.0,KRISTY ANN,IMO9862774,WDK4022,57,1.0,123.0,24.0,5.1,57.0,A,False,False,False,False,False,False,False,False,False,False,True,False,2024-06-14 00:00:35+00:00,40.6552,-74.0454,181.0,3.0166666666666666,False,0.0050462717401392266,0.10036783571547633,0.0050462717401392266,0.1,0.03314917127071824,0.0003678357154763279,257.1,0.0,7.0,4.0
368051060,2024-06-14 00:06:34+00:00,40.65528,-74.04567,0.1,257.1,359.0,KRISTY ANN,IMO9862774,WDK4022,57,1.0,123.0,24.0,5.1,57.0,A,False,False,False,False,False,False,False,False,False,False,True,False,2024-06-14 00:03:36+00:00,40.65521,-74.04551,178.0,2.966666666666667,False,0.008412913823315092,0.1701488188985075,0.01345918556345432,0.0,0.0,0.07014881889850749,257.1,0.0,3.0,4.0
368051060,2024-06-14 00:09:37+00:00,40.65532,-74.04581,0.1,257.1,0.0,KRISTY ANN,IMO9862774,WDK4022,57,1.0,123.0,24.0,5.1,57.0,A,False,False,False,False,False,False,False,False,False,False,True,False,2024-06-14 00:06:34+00:00,40.65528,-74.04567,183.0,3.05,False,0.006814146293692589,0.13404877954805092,0.020273331857146908,0.0,0.0,0.03404877954805091,257.1,0.0,359.0,1.0
368051060,2024-06-14 00:12:36+00:00,40.65533,-74.04587,0.0,257.1,4.0,KRISTY ANN,IMO9862774,WDK4022,57,1.0,123.0,24.0,5.1,57.0,A,False,False,False,False,False,False,False,False,False,False,True,False,2024-06-14 00:09:37+00:00,40.65532,-74.04581,179.0,2.9833333333333334,False,0.00279812944831192,0.05627522912806096,0.023071461305458826,-0.1,-0.0335195530726257,0.05627522912806096,257.1,0.0,0.0,4.0
368051060,2024-06-14 00:15:33+00:00,40.65531,-74.04589,0.0,257.1,7.0,KRISTY ANN,IMO9862774,WDK4022,57,1.0,123.0,24.0,5.1,57.0,A,False,False,False,False,False,False,False,False,False,False,True,False,2024-06-14 00:12:36+00:00,40.65533,-74.04587,177.0,2.95,False,0.001507261268289276,0.030656161388934428,0.024578722573748102,0.0,0.0,0.030656161388934428,257.1,0.0,4.0,3.0
368051060,2024-06-14 00:18:34+00:00,40.65528,-74.04582,0.1,257.1,9.0,KRISTY ANN,IMO9862774,WDK4022,57,1.0,123.0,24.0,5.1,57.0,A,False,False,False,False,False,False,False,False,False,False,True,False,2024-06-14 00:15:33+00:00,40.65531,-74.04589,181.0,3.0166666666666666,False,0.003662045523046844,0.07283626454678807,0.028240768096794946,0.1,0.03314917127071824,-0.027163735453211935,257.1,0.0,7.0,2.0
368051060,2024-06-14 00:21:33+00:00,40.65525,-74.04571,0.1,257.1,8.0,KRISTY ANN,IMO9862774,WDK4022,57,1.0,123.0,24.0,5.1,57.0,A,False,False,False,False,False,False,False,False,False,False,True,False,2024-06-14 00:18:34+00:00,40.65528,-74.04582,179.0,2.9833333333333334,False,0.005324349619606982,0.1070818917909784,0.03356511771640193,0.0,0.0,0.007081891790978401,257.1,0.0,9.0,1.0
368051060,2024-06-14 00:24:33+00:00,40.65522,-74.0456,0.0,257.1,7.0,KRISTY ANN,IMO9862774,WDK4022,57,1.0,123.0,24.0,5.1,57.0,A,False,False,False,False,False,False,False,False,False,False,True,False,2024-06-14 00:21:33+00:00,40.65525,-74.04571,180.0,3.0,False,0.005324351739445409,0.10648703478890818,0.03888946945584734,-0.1,-0.03333333333333333,0.10648703478890818,257.1,0.0,8.0,1.0
368051060,2024-06-14 00:27:38+00:00,40.65523,-74.04555,0.0,257.1,8.0,KRISTY ANN,IMO9862774,WDK4022,57,1.0,123.0,24.0,5.1,57.0,A,False,False,False,False,False,False,False,False,False,False,True,False,2024-06-14 00:24:33+00:00,40.65522,-74.0456,185.0,3.0833333333333335,False,0.0023552784253091106,0.04583244503304215,0.04124474788115645,0.0,0.0,0.04583244503304215,257.1,0.0,7.0,1.0
368051060,2024-06-14 00:30:37+00:00,40.6552,-74.04548,0.0,257.1,11.0,KRISTY ANN,IMO9862774,WDK4022,57,1.0,123.0,24.0,5.1,57.0,A,False,False,False,False,False,False,False,False,False,False,True,False,2024-06-14 00:27:38+00:00,40.65523,-74.04555,179.0,2.9833333333333334,False,0.0036620488523207554,0.07365014451594815,0.04490679673347721,0.0,0.0,0.07365014451594815,257.1,0.0,8.0,3.0
368051060,2024-06-14 00:33:37+00:00,40.6552,-74.04533,0.1,257.1,9.0,KRISTY ANN,IMO9862774,WDK4022,57,1.0,123.0,24.0,5.1,57.0,A,False,False,False,False,False,False,False,False,False,False,True,False,2024-06-14 00:30:37+00:00,40.6552,-74.04548,180.0,3.0,False,0.006832400158742995,0.1366480031748599,0.0517391968922202,0.1,0.03333333333333333,0.03664800317485989,257.1,0.0,11.0,2.0
368051060,2024-06-14 00:36:39+00:00,40.65522,-74.04513,0.1,85.4,8.0,KRISTY ANN,IMO9862774,WDK4022,57,1.0,123.0,24.0,5.1,57.0,A,False,False,False,False,False,False,False,False,False,False,True,False,2024-06-14 00:33:37+00:00,40.6552,-74.04533,182.0,3.033333333333333,False,0.009188666521341668,0.18175384327928573,0.06092786341356187,0.0,0.0,0.08175384327928573,257.1,171.70000000000002,9.0,1.0
368051060,2024-06-14 00:39:39+00:00,40.65523,-74.04497,0.1,77.2,4.0,KRISTY ANN,IMO9862774,WDK4022,57,1.0,123.0,24.0,5.1,57.0,A,False,False,False,False,False,False,False,False,False,False,True,False,2024-06-14 00:36:39+00:00,40.65522,-74.04513,180.0,3.0,False,0.007312580775307048,0.14625161550614094,0.06824044418886892,0.0,0.0,0.04625161550614093,85.4,8.199999999999989,8.0,4.0
368051060,2024-06-14 00:42:32+00:00,40.65524,-74.04484,0.1,77.2,359.0,KRISTY ANN,IMO9862774,WDK4022,57,1.0,123.0,24.0,5.1,57.0,A,False,False,False,False,False,False,False,False,False,False,True,False,2024-06-14 00:39:39+00:00,40.65523,-74.04497,173.0,2.8833333333333333,False,0.005951771703410088,0.12385189671836022,0.074192215892279,0.0,0.0,0.023851896718360216,77.2,0.0,4.0,5.0
368051060,2024-06-14 00:45:33+00:00,40.65523,-74.04475,0.0,77.2,354.0,KRISTY ANN,IMO9862774,WDK4022,57,1.0,123.0,24.0,5.1,57.0,A,False,False,False,False,False,False,False,False,False,False,True,False,2024-06-14 00:42:32+00:00,40.65524,-74.04484,181.0,3.0166666666666666,False,0.00414317235406396,0.08240563798138263,0.07833538824634297,-0.1,-0.03314917127071824,0.08240563798138263,77.2,0.0,359.0,5.0
368051060,2024-06-14 00:48:34+00:00,40.65523,-74.04473,0.0,77.2,349.0,KRISTY ANN,IMO9862774,WDK4022,57,1.0,123.0,24.0,5.1,57.0,A,False,False,False,False,False,False,False,False,False,False,True,False,2024-06-14 00:45:33+00:00,40.65523,-74.04475,181.0,3.0166666666666666,False,0.0009109862777784552,0.018119064088411265,0.07924637452412142,0.0,0.0,0.018119064088411265,77.2,0.0,354.0,5.0
368051060,2024-06-14 00:51:37+00:00,40.65518,-74.04486,0.1,77.2,345.0,KRISTY ANN,IMO9862774,WDK4022,57,1.0,123.0,24.0,5.1,57.0,A,False,False,False,False,False,False,False,False,False,False,True,False,2024-06-14 00:48:34+00:00,40.65523,-74.04473,183.0,3.05,False,0.0066389211891485405,0.13060172831111883,0.08588529571326996,0.1,0.03278688524590164,0.03060172831111882,77.2,0.0,349.0,4.0
368051060,2024-06-14 00:54:33+00:00,40.65528,-74.04514,0.3,293.3,344.0,KRISTY ANN,IMO9862774,WDK4022,57,1.0,123.0,24.0,5.1,57.0,A,False,False,False,False,False,False,False,False,False,False,True,False,2024-06-14 00:51:37+00:00,40.65518,-74.04486,176.0,2.933333333333333,False,0.01409638907930845,0.2883352311676728,0.0999816847925784,0.19999999999999998,0.06818181818181818,-0.0116647688323272,77.2,143.89999999999998,345.0,1.0
368051060,2024-06-14 00:57:35+00:00,40.65537,-74.04551,0.3,297.6,347.0,KRISTY ANN,IMO9862774,WDK4022,57,1.0,123.0,24.0,5.1,57.0,A,False,False,False,False,False,False,False,False,False,False,True,False,2024-06-14 00:54:33+00:00,40.65528,-74.04514,182.0,3.033333333333333,False,0.017698317374929204,0.3500766074161821,0.11768000216750761,0.0,0.0,0.050076607416182084,293.3,4.300000000000011,344.0,3.0
368051060,2024-06-14 01:00:37+00:00,40.65554,-74.0459,0.4,296.3,352.0,KRISTY ANN,IMO9862774,WDK4022,57,1.0,123.0,24.0,5.1,57.0,A,False,False,False,False,False,False,False,False,False,False,True,False,2024-06-14 00:57:35+00:00,40.65537,-74.04551,182.0,3.033333333333333,False,0.02048770827543442,0.40525137248112036,0.13816771044294202,0.10000000000000003,0.03296703296703298,0.005251372481120342,297.6,1.3000000000000114,347.0,5.0
368051060,2024-06-14 01:03:33+00:00,40.65575,-74.04639,0.3,306.7,8.0,KRISTY ANN,IMO9862774,WDK4022,57,1.0,123.0,24.0,5.1,57.0,A,False,False,False,False,False,False,False,False,False,False,True,False,2024-06-14 01:00:37+00:00,40.65554,-74.0459,176.0,2.933333333333333,False,0.025634216716906556,0.524336251027634,0.16380192715984856,-0.10000000000000003,-0.0340909090909091,0.22433625102763405,296.3,10.399999999999977,352.0,16.0
368051060,2024-06-14 01:06:38+00:00,40.65591,-74.04669,0.2,308.6,20.0,KRISTY ANN,IMO9862774,WDK4022,57,1.0,123.0,24.0,5.1,57.0,A,False,False,False,False,False,False,False,False,False,False,True,False,2024-06-14 01:03:33+00:00,40.65575,-74.04639,185.0,3.0833333333333335,False,0.01670351994596703,0.3250414692188179,0.1805054471058156,-0.09999999999999998,-0.03243243243243242,0.12504146921881787,306.7,1.900000000000034,8.0,12.0
368051060,2024-06-14 01:09:36+00:00,40.656,-74.04684,0.1,302.7,28.0,KRISTY ANN,IMO9862774,WDK4022,57,1.0,123.0,24.0,5.1,57.0,A,False,False,False,False,False,False,False,False,False,False,True,False,2024-06-14 01:06:38+00:00,40.65591,-74.04669,178.0,2.966666666666667,False,0.00871091134723197,0.17617573511255671,0.18921635845304757,-0.1,-0.033707865168539325,0.07617573511255671,308.6,5.900000000000034,20.0,8.0
368051060,2024-06-14 01:12:39+00:00,40.65596,-74.04695,0.0,302.7,38.0,KRISTY ANN,IMO9862774,WDK4022,57,1.0,123.0,24.0,5.1,57.0,A,False,False,False,False,False,False,False,False,False,False,True,False,2024-06-14 01:09:36+00:00,40.656,-74.04684,183.0,3.05,False,0.00555621819523226,0.1093026530209625,0.19477257664827982,-0.1,-0.03278688524590164,0.1093026530209625,302.7,0.0,28.0,10.0
368051060,2024-06-14 01:15:36+00:00,40.65591,-74.04699,0.0,302.7,47.0,KRISTY ANN,IMO9862774,WDK4022,57,1.0,123.0,24.0,5.1,57.0,A,False,False,False,False,False,False,False,False,False,False,True,False,2024-06-14 01:12:39+00:00,40.65596,-74.04695,177.0,2.95,False,0.0035116457897268515,0.07142330419783427,0.19828422243800667,0.0,0.0,0.07142330419783427,302.7,0.0,38.0,9.0
368051060,2024-06-14 01:21:37+00:00,40.65576,-74.04673,0.3,121.9,58.0,KRISTY ANN,IMO9862774,WDK4022,57,1.0,123.0,24.0,5.1,57.0,A,False,False,False,False,False,False,False,False,False,False,True,False,2024-06-14 01:15:36+00:00,40.65591,-74.04699,361.0,6.016666666666667,False,0.014878143736081014,0.14836930041521235,0.21316236617408768,0.3,0.04986149584487534,-0.15163069958478764,302.7,179.20000000000005,47.0,11.0
368051060,2024-06-14 01:24:38+00:00,40.65564,-74.04646,0.2,118.3,54.0,KRISTY ANN,IMO9862774,WDK4022,57,1.0,123.0,24.0,5.1,57.0,A,False,False,False,False,False,False,False,False,False,False,True,False,2024-06-14 01:21:37+00:00,40.65576,-74.04673,181.0,3.0166666666666666,False,0.014253292762960527,0.28349090578264036,0.2274156589370482,-0.09999999999999998,-0.033149171270718224,0.08349090578264035,121.9,3.6000000000000227,58.0,4.0
368051060,2024-06-14 01:27:36+00:00,40.65556,-74.04627,0.1,120.2,50.0,KRISTY ANN,IMO9862774,WDK4022,57,1.0,123.0,24.0,5.1,57.0,A,False,False,False,False,False,False,False,False,False,False,True,False,2024-06-14 01:24:38+00:00,40.65564,-74.04646,178.0,2.966666666666667,False,0.009897897125086947,0.2001821890467023,0.23731355606213517,-0.1,-0.033707865168539325,0.10018218904670229,118.3,1.9000000000000057,54.0,4.0
368051060,2024-06-14 01:30:39+00:00,40.65553,-74.04612,0.1,120.2,48.0,KRISTY ANN,IMO9862774,WDK4022,57,1.0,123.0,24.0,5.1,57.0,A,False,False,False,False,False,False,False,False,False,False,True,False,2024-06-14 01:27:36+00:00,40.65556,-74.04627,183.0,3.05,False,0.007065803590946401,0.1389994149038636,0.24437935965308158,0.0,0.0,0.038999414903863605,120.2,0.0,50.0,2.0
368051060,2024-06-14 01:33:36+00:00,40.65547,-74.04602,0.1,120.2,45.0,KRISTY ANN,IMO9862774,WDK4022,57,1.0,123.0,24.0,5.1,57.0,A,False,False,False,False,False,False,False,False,False,False,True,False,2024-06-14 01:30:39+00:00,40.65553,-74.04612,177.0,2.95,False,0.0058072985958655295,0.11811454771251925,0.2501866582489471,0.0,0.0,0.018114547712519247,120.2,0.0,48.0,3.0
368051060,2024-06-14 01:36:33+00:00,40.65544,-74.04593,0.0,120.2,42.0,KRISTY ANN,IMO9862774,WDK4022,57,1.0,123.0,24.0,5.1,57.0,A,False,False,False,False,False,False,False,False,False,False,True,False,2024-06-14 01:33:36+00:00,40.65547,-74.04602,177.0,2.95,False,0.004477683761295572,0.09107153412804554,0.2546643420102427,-0.1,-0.03389830508474576,0.09107153412804554,120.2,0.0,45.0,3.0
368051060,2024-06-14 01:45:33+00:00,40.65543,-74.04585,0.0,120.2,39.0,KRISTY ANN,IMO9862774,WDK4022,57,1.0,123.0,24.0,5.1,57.0,A,False,False,False,False,False,False,False,False,False,False,True,False,2024-06-14 01:36:33+00:00,40.65544,-74.04593,540.0,9.0,False,0.0036930664871455124,0.02462044324763675,0.2583574084973882,0.0,0.0,0.02462044324763675,120.2,0.0,42.0,3.0
368051060,2024-06-14 01:54:38+00:00,40.65543,-74.0458,0.1,120.2,40.0,KRISTY ANN,IMO9862774,WDK4022,57,1.0,123.0,24.0,5.1,57.0,A,False,False,False,False,False,False,False,False,False,False,True,False,2024-06-14 01:45:33+00:00,40.65543,-74.04585,545.0,9.083333333333334,False,0.0022774588687273015,0.015043765004437222,0.2606348673661155,0.1,0.011009174311926606,-0.08495623499556279,120.2,0.0,39.0,1.0
368051060,2024-06-14 01:57:33+00:00,40.65542,-74.04567,0.1,120.2,37.0,KRISTY ANN,IMO9862774,WDK4022,57,1.0,123.0,24.0,5.1,57.0,A,False,False,False,False,False,False,False,False,False,False,True,False,2024-06-14 01:54:38+00:00,40.65543,-74.0458,175.0,2.9166666666666665,False,0.005951754925214514,0.12243610131869856,0.26658662229133,0.0,0.0,0.022436101318698554,120.2,0.0,40.0,3.0
368051060,2024-06-14 02:27:38+00:00,40.65592,-74.04423,0.1,67.3,310.0,KRISTY ANN,IMO9862774,WDK4022,57,1.0,123.0,24.0,5.1,57.0,A,False,False,False,False,False,False,False,False,False,False,True,False,2024-06-14 01:57:33+00:00,40.65542,-74.04567,1805.0,30.083333333333332,False,0.07213416905537355,0.14386870282512176,0.3387207913467036,0.0,0.0,0.04386870282512176,120.2,52.900000000000006,37.0,87.0
368051060,2024-06-14 02:30:33+00:00,40.65598,-74.04437,0.1,67.3,291.0,KRISTY ANN,IMO9862774,WDK4022,57,1.0,123.0,24.0,5.1,57.0,A,False,False,False,False,False,False,False,False,False,False,True,False,2024-06-14 02:27:38+00:00,40.65592,-74.04423,175.0,2.9166666666666665,False,0.007324036537288638,0.15066589448136627,0.3460448278839922,0.0,0.0,0.05066589448136627,67.3,0.0,310.0,19.0
368051060,2024-06-14 02:33:36+00:00,40.65593,-74.04454,0.1,224.6,289.0,KRISTY ANN,IMO9862774,WDK4022,57,1.0,123.0,24.0,5.1,57.0,A,False,False,False,False,False,False,False,False,False,False,True,False,2024-06-14 02:30:33+00:00,40.65598,-74.04437,183.0,3.05,False,0.008304867555644245,0.1633744437175917,0.35434969543963646,0.0,0.0,0.06337444371759168,67.3,157.3,291.0,2.0
368051060,2024-06-14 02:36:37+00:00,40.65586,-74.04467,0.0,224.6,295.0,KRISTY ANN,IMO9862774,WDK4022,57,1.0,123.0,24.0,5.1,57.0,A,False,False,False,False,False,False,False,False,False,False,True,False,2024-06-14 02:33:36+00:00,40.65593,-74.04454,181.0,3.0166666666666666,False,0.007261281286146948,0.14442327419960782,0.3616109767257834,-0.1,-0.03314917127071824,0.14442327419960782,224.6,0.0,289.0,6.0
368051060,2024-06-14 02:39:38+00:00,40.65588,-74.04478,0.0,224.6,298.0,KRISTY ANN,IMO9862774,WDK4022,57,1.0,123.0,24.0,5.1,57.0,A,False,False,False,False,False,False,False,False,False,False,True,False,2024-06-14 02:36:37+00:00,40.65586,-74.04467,181.0,3.0166666666666666,False,0.005152263106287131,0.1024759512852689,0.36676323983207054,0.0,0.0,0.1024759512852689,224.6,0.0,295.0,3.0
368051060,2024-06-14 02:42:38+00:00,40.65594,-74.04482,0.1,224.6,296.0,KRISTY ANN,IMO9862774,WDK4022,57,1.0,123.0,24.0,5.1,57.0,A,False,False,False,False,False,False,False,False,False,False,True,False,2024-06-14 02:39:38+00:00,40.65588,-74.04478,180.0,3.0,False,0.004036954453348061,0.08073908906696121,0.3708001942854186,0.1,0.03333333333333333,-0.01926091093303879,224.6,0.0,298.0,2.0
368051060,2024-06-14 02:45:39+00:00,40.65605,-74.04475,0.1,224.6,290.0,KRISTY ANN,IMO9862774,WDK4022,57,1.0,123.0,24.0,5.1,57.0,A,False,False,False,False,False,False,False,False,False,False,True,False,2024-06-14 02:42:38+00:00,40.65594,-74.04482,181.0,3.0166666666666666,False,0.007333809490637518,0.14586582412317717,0.3781340037760561,0.0,0.0,0.04586582412317716,224.6,0.0,296.0,6.0
368051060,2024-06-14 02:48:39+00:00,40.65618,-74.04464,0.2,31.8,280.0,KRISTY ANN,IMO9862774,WDK4022,57,1.0,123.0,24.0,5.1,57.0,A,False,False,False,False,False,False,False,False,False,False,True,False,2024-06-14 02:45:39+00:00,40.65605,-74.04475,180.0,3.0,False,0.009275007816132549,0.18550015632265096,0.38740901159218866,0.1,0.03333333333333333,-0.01449984367734905,224.6,167.20000000000005,290.0,10.0
368051060,2024-06-14 02:51:39+00:00,40.65632,-74.04452,0.2,38.4,272.0,KRISTY ANN,IMO9862774,WDK4022,57,1.0,123.0,24.0,5.1,57.0,A,False,False,False,False,False,False,False,False,False,False,True,False,2024-06-14 02:48:39+00:00,40.65618,-74.04464,180.0,3.0,False,0.010026491818160895,0.2005298363632179,0.39743550341034956,0.0,0.0,0.0005298363632178782,31.8,6.599999999999994,280.0,8.0
368051060,2024-06-14 02:54:39+00:00,40.65643,-74.04439,0.1,46.6,262.0,KRISTY ANN,IMO9862774,WDK4022,57,1.0,123.0,24.0,5.1,57.0,A,False,False,False,False,False,False,False,False,False,False,True,False,2024-06-14 02:51:39+00:00,40.65632,-74.04452,180.0,3.0,False,0.008870212582743833,0.17740425165487664,0.4063057159930934,-0.1,-0.03333333333333333,0.07740425165487663,38.4,8.199999999999989,272.0,10.0
368051060,2024-06-14 02:57:40+00:00,40.65648,-74.04424,0.1,46.6,259.0,KRISTY ANN,IMO9862774,WDK4022,57,1.0,123.0,24.0,5.1,57.0,A,False,False,False,False,False,False,False,False,False,False,True,False,2024-06-14 02:54:39+00:00,40.65643,-74.04439,181.0,3.0166666666666666,False,0.007462712511469679,0.1484296411121041,0.4137684285045631,0.0,0.0,0.0484296411121041,46.6,0.0,262.0,3.0
368051060,2024-06-14 03:00:41+00:00,40.65654,-74.04409,0.1,46.6,253.0,KRISTY ANN,IMO9862774,WDK4022,57,1.0,123.0,24.0,5.1,57.0,A,False,False,False,False,False,False,False,False,False,False,True,False,2024-06-14 02:57:40+00:00,40.65648,-74.04424,181.0,3.0166666666666666,False,0.0077238166517700985,0.15362287263189148,0.42149224515633316,0.0,0.0,0.05362287263189147,46.6,0.0,259.0,6.0
368051060,2024-06-14 03:03:42+00:00,40.65644,-74.04395,0.2,141.9,258.0,KRISTY ANN,IMO9862774,WDK4022,57,1.0,123.0,24.0,5.1,57.0,A,False,False,False,False,False,False,False,False,False,False,True,False,2024-06-14 03:00:41+00:00,40.65654,-74.04409,181.0,3.0166666666666666,False,0.008758535108575483,0.17420290823686044,0.43025078026490865,0.1,0.03314917127071824,-0.025797091763139574,46.6,95.30000000000001,253.0,5.0
368051060,2024-06-14 03:06:42+00:00,40.65632,-74.0438,0.1,131.0,267.0,KRISTY ANN,IMO9862774,WDK4022,57,1.0,123.0,24.0,5.1,57.0,A,False,False,False,False,False,False,False,False,False,False,True,False,2024-06-14 03:03:42+00:00,40.65644,-74.04395,180.0,3.0,False,0.009929248732157196,0.1985849746431439,0.4401800289970658,-0.1,-0.03333333333333333,0.09858497464314389,141.9,10.900000000000006,258.0,9.0
368051060,2024-06-14 03:09:43+00:00,40.65631,-74.04369,0.0,131.0,269.0,KRISTY ANN,IMO9862774,WDK4022,57,1.0,123.0,24.0,5.1,57.0,A,False,False,False,False,False,False,False,False,False,False,True,False,2024-06-14 03:06:42+00:00,40.65632,-74.0438,181.0,3.0166666666666666,False,0.00504618897241705,0.10036618950663746,0.44522621796948286,-0.1,-0.03314917127071824,0.10036618950663746,131.0,0.0,267.0,2.0
368051060,2024-06-14 03:12:41+00:00,40.65636,-74.04365,0.1,131.0,272.0,KRISTY ANN,IMO9862774,WDK4022,57,1.0,123.0,24.0,5.1,57.0,A,False,False,False,False,False,False,False,False,False,False,True,False,2024-06-14 03:09:43+00:00,40.65631,-74.04369,178.0,2.966666666666667,False,0.0035116401222045884,0.07102193505582313,0.4487378580916874,0.1,0.033707865168539325,-0.028978064944176873,131.0,0.0,269.0,3.0
368051060,2024-06-14 03:15:42+00:00,40.65652,-74.04363,0.1,3.5,265.0,KRISTY ANN,IMO9862774,WDK4022,57,1.0,123.0,24.0,5.1,57.0,A,False,False,False,False,False,False,False,False,False,False,True,False,2024-06-14 03:12:41+00:00,40.65636,-74.04365,181.0,3.0166666666666666,False,0.009649570103437859,0.1919251512285983,0.4583874281951253,0.0,0.0,0.09192515122859829,131.0,127.5,272.0,7.0
368051060,2024-06-14 03:18:42+00:00,40.65665,-74.04362,0.1,3.1,261.0,KRISTY ANN,IMO9862774,WDK4022,57,1.0,123.0,24.0,5.1,57.0,A,False,False,False,False,False,False,False,False,False,False,True,False,2024-06-14 03:15:42+00:00,40.65652,-74.04363,180.0,3.0,False,0.00781853871276668,0.1563707742553336,0.46620596690789196,0.0,0.0,0.0563707742553336,3.5,0.4000000000000057,265.0,4.0
368051060,2024-06-14 03:21:42+00:00,40.65679,-74.04358,0.1,3.1,258.0,KRISTY ANN,IMO9862774,WDK4022,57,1.0,123.0,24.0,5.1,57.0,A,False,False,False,False,False,False,False,False,False,False,True,False,2024-06-14 03:18:42+00:00,40.65665,-74.04362,180.0,3.0,False,0.008600850623807237,0.17201701247614473,0.4748068175316992,0.0,0.0,0.07201701247614473,3.1,0.0,261.0,3.0
368051060,2024-06-14 03:24:41+00:00,40.65688,-74.04359,0.0,3.1,256.0,KRISTY ANN,IMO9862774,WDK4022,57,1.0,123.0,24.0,5.1,57.0,A,False,False,False,False,False,False,False,False,False,False,True,False,2024-06-14 03:21:42+00:00,40.65679,-74.04358,179.0,2.9833333333333334,False,0.005422804173968175,0.10906198338706943,0.48022962170566735,-0.1,-0.0335195530726257,0.10906198338706943,3.1,0.0,258.0,2.0
368051060,2024-06-14 03:27:43+00:00,40.65698,-74.04357,0.1,3.1,256.0,KRISTY ANN,IMO9862774,WDK4022,57,1.0,123.0,24.0,5.1,57.0,A,False,False,False,False,False,False,False,False,False,False,True,False,2024-06-14 03:24:41+00:00,40.65688,-74.04359,182.0,3.033333333333333,False,0.006072760735603558,0.12012054202292752,0.4863023824412709,0.1,0.03296703296703297,0.020120542022927512,3.1,0.0,256.0,0.0
368051060,2024-06-14 03:30:42+00:00,40.65714,-74.04362,0.1,336.5,251.0,KRISTY ANN,IMO9862774,WDK4022,57,1.0,123.0,24.0,5.1,57.0,A,False,False,False,False,False,False,False,False,False,False,True,False,2024-06-14 03:27:43+00:00,40.65698,-74.04357,179.0,2.9833333333333334,False,0.009872735321852892,0.1985578053557006,0.4961751177631238,0.0,0.0,0.0985578053557006,3.1,26.600000000000023,256.0,5.0
368051060,2024-06-14 03:33:42+00:00,40.65725,-74.04372,0.1,336.5,245.0,KRISTY ANN,IMO9862774,WDK4022,57,1.0,123.0,24.0,5.1,57.0,A,False,False,False,False,False,False,False,False,False,False,True,False,2024-06-14 03:30:42+00:00,40.65714,-74.04362,180.0,3.0,False,0.008022776741286602,0.16045553482573202,0.5041978945044104,0.0,0.0,0.060455534825732016,336.5,0.0,251.0,6.0
368051060,2024-06-14 03:36:42+00:00,40.65732,-74.04378,0.1,336.5,242.0,KRISTY ANN,IMO9862774,WDK4022,57,1.0,123.0,24.0,5.1,57.0,A,False,False,False,False,False,False,False,False,False,False,True,False,2024-06-14 03:33:42+00:00,40.65725,-74.04372,180.0,3.0,False,0.005013222796577664,0.10026445593155328,0.5092111173009881,0.0,0.0,0.00026445593155327574,336.5,0.0,245.0,3.0
368051060,2024-06-14 03:39:43+00:00,40.65741,-74.04386,0.1,336.5,237.0,KRISTY ANN,IMO9862774,WDK4022,57,1.0,123.0,24.0,5.1,57.0,A,False,False,False,False,False,False,False,False,False,False,True,False,2024-06-14 03:36:42+00:00,40.65732,-74.04378,181.0,3.0166666666666666,False,0.006517424893931947,0.12962834043179564,0.51572854219492,0.0,0.0,0.02962834043179563,336.5,0.0,242.0,5.0
368051060,2024-06-14 03:42:44+00:00,40.6575,-74.0439,0.0,336.5,233.0,KRISTY ANN,IMO9862774,WDK4022,57,1.0,123.0,24.0,5.1,57.0,A,False,False,False,False,False,False,False,False,False,False,True,False,2024-06-14 03:39:43+00:00,40.65741,-74.04386,181.0,3.0166666666666666,False,0.0057025173106347565,0.11342023380268025,0.5214310595055548,-0.1,-0.03314917127071824,0.11342023380268025,336.5,0.0,237.0,4.0
368051060,2024-06-14 03:45:34+00:00,40.65753,-74.04399,0.0,336.5,230.0,KRISTY ANN,IMO9862774,WDK4022,57,1.0,123.0,24.0,5.1,57.0,A,False,False,False,False,False,False,False,False,False,False,True,False,2024-06-14 03:42:44+00:00,40.6575,-74.0439,170.0,2.8333333333333335,False,0.004477567876234717,0.09481908443791165,0.5259086273817896,0.0,0.0,0.09481908443791165,336.5,0.0,233.0,3.0
368051060,2024-06-14 03:48:34+00:00,40.65761,-74.04407,0.1,336.5,225.0,KRISTY ANN,IMO9862774,WDK4022,57,1.0,123.0,24.0,5.1,57.0,A,False,False,False,False,False,False,False,False,False,False,True,False,2024-06-14 03:45:34+00:00,40.65753,-74.04399,180.0,3.0,False,0.0060289707976534405,0.1205794159530688,0.531937598179443,0.1,0.03333333333333333,0.020579415953068794,336.5,0.0,230.0,5.0
368051060,2024-06-14 03:51:36+00:00,40.65772,-74.04422,0.1,336.5,217.0,KRISTY ANN,IMO9862774,WDK4022,57,1.0,123.0,24.0,5.1,57.0,A,False,False,False,False,False,False,False,False,False,False,True,False,2024-06-14 03:48:34+00:00,40.65761,-74.04407,182.0,3.033333333333333,False,0.009502473953375194,0.18796102325357528,0.5414400721328182,0.0,0.0,0.08796102325357527,336.5,0.0,225.0,8.0
368051060,2024-06-14 03:54:33+00:00,40.65778,-74.04432,0.1,336.5,212.0,KRISTY ANN,IMO9862774,WDK4022,57,1.0,123.0,24.0,5.1,57.0,A,False,False,False,False,False,False,False,False,False,False,True,False,2024-06-14 03:51:36+00:00,40.65772,-74.04422,177.0,2.95,False,0.005807178109817076,0.1181120971488219,0.5472472502426353,0.0,0.0,0.018112097148821893,336.5,0.0,217.0,5.0
368051060,2024-06-14 03:57:36+00:00,40.65787,-74.04445,0.1,336.5,206.0,KRISTY ANN,IMO9862774,WDK4022,57,1.0,123.0,24.0,5.1,57.0,A,False,False,False,False,False,False,False,False,False,False,True,False,2024-06-14 03:54:33+00:00,40.65778,-74.04432,183.0,3.05,False,0.00801621603197106,0.15769605308795528,0.5552634662746064,0.0,0.0,0.05769605308795528,336.5,0.0,212.0,6.0
368051060,2024-06-14 04:00:36+00:00,40.65794,-74.04455,0.0,336.5,202.0,KRISTY ANN,IMO9862774,WDK4022,57,1.0,123.0,24.0,5.1,57.0,A,False,False,False,False,False,False,False,False,False,False,True,False,2024-06-14 03:57:36+00:00,40.65787,-74.04445,180.0,3.0,False,0.006197542674297537,0.12395085348595074,0.5614610089489039,-0.1,-0.03333333333333333,0.12395085348595074,336.5,0.0,206.0,4.0
368051060,2024-06-14 04:03:34+00:00,40.658,-74.04464,0.0,336.5,199.0,KRISTY ANN,IMO9862774,WDK4022,57,1.0,123.0,24.0,5.1,57.0,A,False,False,False,False,False,False,False,False,False,False,True,False,2024-06-14 04:00:36+00:00,40.65794,-74.04455,178.0,2.966666666666667,False,0.005457242761403047,0.11037120191601668,0.566918251710307,0.0,0.0,0.11037120191601668,336.5,0.0,202.0,3.0
368051060,2024-06-14 04:06:37+00:00,40.658,-74.04471,0.0,336.5,195.0,KRISTY ANN,IMO9862774,WDK4022,57,1.0,123.0,24.0,5.1,57.0,A,False,False,False,False,False,False,False,False,False,False,True,False,2024-06-14 04:03:34+00:00,40.658,-74.04464,183.0,3.05,False,0.0031883195914377354,0.06272104114303742,0.5701065713017447,0.0,0.0,0.06272104114303742,336.5,0.0,199.0,4.0
368051060,2024-06-14 04:09:37+00:00,40.65802,-74.04478,0.0,336.5,193.0,KRISTY ANN,IMO9862774,WDK4022,57,1.0,123.0,24.0,5.1,57.0,A,False,False,False,False,False,False,False,False,False,False,True,False,2024-06-14 04:06:37+00:00,40.658,-74.04471,180.0,3.0,False,0.0034069519432563455,0.0681390388651269,0.573513523245001,0.0,0.0,0.0681390388651269,336.5,0.0,195.0,2.0
368051060,2024-06-14 04:12:39+00:00,40.65803,-74.0448,0.0,336.5,190.0,KRISTY ANN,IMO9862774,WDK4022,57,1.0,123.0,24.0,5.1,57.0,A,False,False,False,False,False,False,False,False,False,False,True,False,2024-06-14 04:09:37+00:00,40.65802,-74.04478,182.0,3.033333333333333,False,0.0010910142787998844,0.02158050221801969,0.5746045375238009,0.0,0.0,0.02158050221801969,336.5,0.0,193.0,3.0
368051060,2024-06-14 04:15:38+00:00,40.65802,-74.04479,0.0,336.5,190.0,KRISTY ANN,IMO9862774,WDK4022,57,1.0,123.0,24.0,5.1,57.0,A,False,False,False,False,False,False,False,False,False,False,True,False,2024-06-14 04:12:39+00:00,40.65803,-74.0448,179.0,2.9833333333333334,False,0.0007536194716012599,0.015156592724941539,0.5753581569954022,0.0,0.0,0.015156592724941539,336.5,0.0,190.0,0.0
368051060,2024-06-14 04:18:34+00:00,40.658,-74.04476,0.0,336.5,191.0,KRISTY ANN,IMO9862774,WDK4022,57,1.0,123.0,24.0,5.1,57.0,A,False,False,False,False,False,False,False,False,False,False,True,False,2024-06-14 04:15:38+00:00,40.65802,-74.04479,176.0,2.933333333333333,False,0.0018190803057865738,0.037208460800179914,0.5771772373011888,0.0,0.0,0.037208460800179914,336.5,0.0,190.0,1.0
368051060,2024-06-14 04:21:38+00:00,40.65802,-74.0447,0.0,336.5,192.0,KRISTY ANN,IMO9862774,WDK4022,57,1.0,123.0,24.0,5.1,57.0,A,False,False,False,False,False,False,False,False,False,False,True,False,2024-06-14 04:18:34+00:00,40.658,-74.04476,184.0,3.066666666666667,False,0.002985026685268163,0.05840269601611623,0.5801622639864569,0.0,0.0,0.05840269601611623,336.5,0.0,191.0,1.0
368051060,2024-06-14 04:24:37+00:00,40.658,-74.04465,0.0,336.5,196.0,KRISTY ANN,IMO9862774,WDK4022,57,1.0,123.0,24.0,5.1,57.0,A,False,False,False,False,False,False,False,False,False,False,True,False,2024-06-14 04:21:38+00:00,40.65802,-74.0447,179.0,2.9833333333333334,False,0.0025745602560152975,0.05177886548410654,0.5827368242424722,0.0,0.0,0.05177886548410654,336.5,0.0,192.0,4.0
368051060,2024-06-14 04:27:38+00:00,40.65799,-74.04462,0.1,336.5,195.0,KRISTY ANN,IMO9862774,WDK4022,57,1.0,123.0,24.0,5.1,57.0,A,False,False,False,False,False,False,False,False,False,False,True,False,2024-06-14 04:24:37+00:00,40.658,-74.04465,181.0,3.0166666666666666,False,0.001492513624447598,0.029685353856416314,0.5842293378669198,0.1,0.03314917127071824,-0.0703146461435837,336.5,0.0,196.0,1.0
368051060,2024-06-14 04:30:34+00:00,40.65797,-74.04453,0.0,336.5,198.0,KRISTY ANN,IMO9862774,WDK4022,57,1.0,123.0,24.0,5.1,57.0,A,False,False,False,False,False,False,False,False,False,False,True,False,2024-06-14 04:27:38+00:00,40.65799,-74.04462,176.0,2.933333333333333,False,0.004271527989074866,0.08737216341289498,0.5885008658559946,-0.1,-0.034090909090909095,0.08737216341289498,336.5,0.0,195.0,3.0
368051060,2024-06-14 04:33:37+00:00,40.65796,-74.04449,0.0,336.5,201.0,KRISTY ANN,IMO9862774,WDK4022,57,1.0,123.0,24.0,5.1,57.0,A,False,False,False,False,False,False,False,False,False,False,True,False,2024-06-14 04:30:34+00:00,40.65797,-74.04453,183.0,3.05,False,0.00191827983483658,0.03773665248858846,0.5904191456908312,0.0,0.0,0.03773665248858846,336.5,0.0,198.0,3.0
368051060,2024-06-14 04:36:39+00:00,40.65797,-74.04444,0.0,336.5,205.0,KRISTY ANN,IMO9862774,WDK4022,57,1.0,123.0,24.0,5.1,57.0,A,False,False,False,False,False,False,False,False,False,False,True,False,2024-06-14 04:33:37+00:00,40.65796,-74.04449,182.0,3.033333333333333,False,0.0023551879814443207,0.046586135896700846,0.5927743336722755,0.0,0.0,0.046586135896700846,336.5,0.0,201.0,4.0
368051060,2024-06-14 04:39:34+00:00,40.658,-74.04447,0.0,336.5,207.0,KRISTY ANN,IMO9862774,WDK4022,57,1.0,123.0,24.0,5.1,57.0,A,False,False,False,False,False,False,False,False,False,False,True,False,2024-06-14 04:36:39+00:00,40.65797,-74.04444,175.0,2.9166666666666665,False,0.002260858911940318,0.04650909761705797,0.5950351925842158,0.0,0.0,0.04650909761705797,336.5,0.0,205.0,2.0
368051060,2024-06-14 04:42:39+00:00,40.65806,-74.0445,0.0,336.5,207.0,KRISTY ANN,IMO9862774,WDK4022,57,1.0,123.0,24.0,5.1,57.0,A,False,False,False,False,False,False,False,False,False,False,True,False,2024-06-14 04:39:34+00:00,40.658,-74.04447,185.0,3.0833333333333335,False,0.0038528683073567422,0.07497473462964471,0.5988880608915725,0.0,0.0,0.07497473462964471,336.5,0.0,207.0,0.0
368051060,2024-06-14 04:45:34+00:00,40.65812,-74.04451,0.0,336.5,205.0,KRISTY ANN,IMO9862774,WDK4022,57,1.0,123.0,24.0,5.1,57.0,A,False,False,False,False,False,False,False,False,False,False,True,False,2024-06-14 04:42:39+00:00,40.65806,-74.0445,175.0,2.9166666666666665,False,0.0036311074265825256,0.07469706706112623,0.6025191683181551,0.0,0.0,0.07469706706112623,336.5,0.0,207.0,2.0
368051060,2024-06-14 04:48:40+00:00,40.65821,-74.04455,0.1,336.5,202.0,KRISTY ANN,IMO9862774,WDK4022,57,1.0,123.0,24.0,5.1,57.0,A,False,False,False,False,False,False,False,False,False,False,True,False,2024-06-14 04:45:34+00:00,40.65812,-74.04451,186.0,3.1,False,0.0057025111152994214,0.110371182876763,0.6082216794334545,0.1,0.03225806451612903,0.010371182876762988,336.5,0.0,205.0,3.0
368051060,2024-06-14 04:51:38+00:00,40.65829,-74.04454,0.1,336.5,201.0,KRISTY ANN,IMO9862774,WDK4022,57,1.0,123.0,24.0,5.1,57.0,A,False,False,False,False,False,False,False,False,False,False,True,False,2024-06-14 04:48:40+00:00,40.65821,-74.04455,178.0,2.966666666666667,False,0.004824783885268015,0.09757989880317335,0.6130464633187225,0.0,0.0,-0.00242010119682666,336.5,0.0,202.0,1.0
368051060,2024-06-14 04:54:34+00:00,40.65841,-74.04447,0.1,336.5,200.0,KRISTY ANN,IMO9862774,WDK4022,57,1.0,123.0,24.0,5.1,57.0,A,False,False,False,False,False,False,False,False,False,False,True,False,2024-06-14 04:51:38+00:00,40.65829,-74.04454,176.0,2.933333333333333,False,0.007878782575692984,0.16115691632099283,0.6209252458944154,0.0,0.0,0.06115691632099282,336.5,0.0,201.0,1.0
368051060,2024-06-14 04:57:37+00:00,40.65856,-74.04438,0.1,336.5,200.0,KRISTY ANN,IMO9862774,WDK4022,57,1.0,123.0,24.0,5.1,57.0,A,False,False,False,False,False,False,False,False,False,False,True,False,2024-06-14 04:54:34+00:00,40.65841,-74.04447,183.0,3.05,False,0.009895101565297592,0.1946577357107723,0.630820347459713,0.0,0.0,0.0946577357107723,336.5,0.0,200.0,0.0
368051060,2024-06-14 05:00:38+00:00,40.65865,-74.04426,0.1,336.5,201.0,KRISTY ANN,IMO9862774,WDK4022,57,1.0,123.0,24.0,5.1,57.0,A,False,False,False,False,False,False,False,False,False,False,True,False,2024-06-14 04:57:37+00:00,40.65856,-74.04438,181.0,3.0166666666666666,False,0.007685868486122399,0.15286810248641236,0.6385062159458355,0.0,0.0,0.052868102486412355,336.5,0.0,200.0,1.0
368051060,2024-06-14 05:03:37+00:00,40.65873,-74.04419,0.0,336.5,202.0,KRISTY ANN,IMO9862774,WDK4022,57,1.0,123.0,24.0,5.1,57.0,A,False,False,False,False,False,False,False,False,False,False,True,False,2024-06-14 05:00:38+00:00,40.65865,-74.04426,179.0,2.9833333333333334,False,0.005765089405479608,0.11594593217724351,0.644271305351315,-0.1,-0.0335195530726257,0.11594593217724351,336.5,0.0,201.0,1.0
368051060,2024-06-14 05:06:34+00:00,40.65877,-74.04416,0.0,336.5,205.0,KRISTY ANN,IMO9862774,WDK4022,57,1.0,123.0,24.0,5.1,57.0,A,False,False,False,False,False,False,False,False,False,False,True,False,2024-06-14 05:03:37+00:00,40.65873,-74.04419,177.0,2.95,False,0.0027631214310777073,0.05619907995412286,0.6470344267823928,0.0,0.0,0.05619907995412286,336.5,0.0,202.0,3.0
368051060,2024-06-14 05:09:37+00:00,40.65878,-74.04418,0.0,336.5,205.0,KRISTY ANN,IMO9862774,WDK4022,57,1.0,123.0,24.0,5.1,57.0,A,False,False,False,False,False,False,False,False,False,False,True,False,2024-06-14 05:06:34+00:00,40.65877,-74.04416,183.0,3.05,False,0.0010910057279219666,0.02146240776239934,0.6481254325103147,0.0,0.0,0.02146240776239934,336.5,0.0,205.0,0.0
368051060,2024-06-14 05:12:34+00:00,40.65882,-74.0442,0.0,336.5,205.0,KRISTY ANN,IMO9862774,WDK4022,57,1.0,123.0,24.0,5.1,57.0,A,False,False,False,False,False,False,False,False,False,False,True,False,2024-06-14 05:09:37+00:00,40.65878,-74.04418,177.0,2.95,False,0.002568575142873279,0.05224220629572771,0.650694007653188,0.0,0.0,0.05224220629572771,336.5,0.0,205.0,0.0
368051060,2024-06-14 05:15:36+00:00,40.65881,-74.04423,0.0,336.5,206.0,KRISTY ANN,IMO9862774,WDK4022,57,1.0,123.0,24.0,5.1,57.0,A,False,False,False,False,False,False,False,False,False,False,True,False,2024-06-14 05:12:34+00:00,40.65882,-74.0442,182.0,3.033333333333333,False,0.0014924982468501587,0.029521943344288853,0.6521865059000381,0.0,0.0,0.029521943344288853,336.5,0.0,205.0,1.0
368051060,2024-06-14 05:18:38+00:00,40.65881,-74.04426,0.0,336.5,206.0,KRISTY ANN,IMO9862774,WDK4022,57,1.0,123.0,24.0,5.1,57.0,A,False,False,False,False,False,False,False,False,False,False,True,False,2024-06-14 05:15:36+00:00,40.65881,-74.04423,182.0,3.033333333333333,False,0.0013664060912392567,0.02702781279374354,0.6535529119912774,0.0,0.0,0.02702781279374354,336.5,0.0,206.0,0.0
368051060,2024-06-14 05:21:37+00:00,40.6589,-74.04429,0.1,336.5,205.0,KRISTY ANN,IMO9862774,WDK4022,57,1.0,123.0,24.0,5.1,57.0,A,False,False,False,False,False,False,False,False,False,False,True,False,2024-06-14 05:18:38+00:00,40.65881,-74.04426,179.0,2.9833333333333334,False,0.00557372444415728,0.11209725139087266,0.6591266364354347,0.1,0.0335195530726257,0.012097251390872657,336.5,0.0,206.0,1.0
368051060,2024-06-14 05:24:38+00:00,40.65899,-74.04424,0.0,336.5,201.0,KRISTY ANN,IMO9862774,WDK4022,57,1.0,123.0,24.0,5.1,57.0,A,False,False,False,False,False,False,False,False,False,False,True,False,2024-06-14 05:21:37+00:00,40.6589,-74.04429,181.0,3.0166666666666666,False,0.00586392474811879,0.11663054747639584,0.6649905611835535,-0.1,-0.03314917127071824,0.11663054747639584,336.5,0.0,205.0,4.0
368051060,2024-06-14 05:27:39+00:00,40.65897,-74.0442,0.0,336.5,199.0,KRISTY ANN,IMO9862774,WDK4022,57,1.0,123.0,24.0,5.1,57.0,A,False,False,False,False,False,False,False,False,False,False,True,False,2024-06-14 05:24:38+00:00,40.65899,-74.04424,181.0,3.0166666666666666,False,0.0021820067819078516,0.04339902991639926,0.6671725679654613,0.0,0.0,0.04339902991639926,336.5,0.0,201.0,2.0
368051060,2024-06-14 05:30:37+00:00,40.65895,-74.0441,0.1,336.5,201.0,KRISTY ANN,IMO9862774,WDK4022,57,1.0,123.0,24.0,5.1,57.0,A,False,False,False,False,False,False,False,False,False,False,True,False,2024-06-14 05:27:39+00:00,40.65897,-74.0442,178.0,2.966666666666667,False,0.004710310273503917,0.09526470216075338,0.6718828782389652,0.1,0.033707865168539325,-0.00473529783924663,336.5,0.0,199.0,2.0
368051060,2024-06-14 05:33:38+00:00,40.65893,-74.04407,0.0,336.5,198.0,KRISTY ANN,IMO9862774,WDK4022,57,1.0,123.0,24.0,5.1,57.0,A,False,False,False,False,False,False,False,False,False,False,True,False,2024-06-14 05:30:37+00:00,40.65895,-74.0441,181.0,3.0166666666666666,False,0.001819065996079349,0.0361803181540644,0.6737019442350446,-0.1,-0.03314917127071824,0.0361803181540644,336.5,0.0,201.0,3.0
368051060,2024-06-14 05:36:36+00:00,40.65886,-74.0439,0.1,123.7,201.0,KRISTY ANN,IMO9862774,WDK4022,57,1.0,123.0,24.0,5.1,57.0,A,False,False,False,False,False,False,False,False,False,False,True,False,2024-06-14 05:33:38+00:00,40.65893,-74.04407,178.0,2.966666666666667,False,0.008810062274404394,0.17818103476323494,0.682512006509449,0.1,0.033707865168539325,0.07818103476323493,336.5,147.2,198.0,3.0
368051060,2024-06-14 05:39:36+00:00,40.65879,-74.04376,0.1,123.7,205.0,KRISTY ANN,IMO9862774,WDK4022,57,1.0,123.0,24.0,5.1,57.0,A,False,False,False,False,False,False,False,False,False,False,True,False,2024-06-14 05:36:36+00:00,40.65886,-74.0439,180.0,3.0,False,0.0076370361064341166,0.1527407221286823,0.6901490426158831,0.0,0.0,0.052740722128682305,123.7,0.0,201.0,4.0
368051060,2024-06-14 05:42:34+00:00,40.65873,-74.04367,0.0,123.7,207.0,KRISTY ANN,IMO9862774,WDK4022,57,1.0,123.0,24.0,5.1,57.0,A,False,False,False,False,False,False,False,False,False,False,True,False,2024-06-14 05:39:36+00:00,40.65879,-74.04376,178.0,2.966666666666667,False,0.005457206297255681,0.11037046443887895,0.6956062489131387,-0.1,-0.033707865168539325,0.11037046443887895,123.7,0.0,205.0,2.0
368051060,2024-06-14 05:45:36+00:00,40.65871,-74.0436,0.0,123.7,209.0,KRISTY ANN,IMO9862774,WDK4022,57,1.0,123.0,24.0,5.1,57.0,A,False,False,False,False,False,False,False,False,False,False,True,False,2024-06-14 05:42:34+00:00,40.65873,-74.04367,182.0,3.033333333333333,False,0.0034069201877367453,0.06738963008710046,0.6990131691008754,0.0,0.0,0.06738963008710046,123.7,0.0,207.0,2.0
368051060,2024-06-14 05:48:37+00:00,40.65868,-74.04356,0.0,123.7,212.0,KRISTY ANN,IMO9862774,WDK4022,57,1.0,123.0,24.0,5.1,57.0,A,False,False,False,False,False,False,False,False,False,False,True,False,2024-06-14 05:45:36+00:00,40.65871,-74.0436,181.0,3.0166666666666666,False,0.002561954413761751,0.05095599938973649,0.7015751235146371,0.0,0.0,0.05095599938973649,123.7,0.0,209.0,3.0
368051060,2024-06-14 05:51:36+00:00,40.65868,-74.04357,0.0,123.7,213.0,KRISTY ANN,IMO9862774,WDK4022,57,1.0,123.0,24.0,5.1,57.0,A,False,False,False,False,False,False,False,False,False,False,True,False,2024-06-14 05:48:37+00:00,40.65868,-74.04356,179.0,2.9833333333333334,False,0.00045546958467313013,0.009160282149850662,0.7020305930993103,0.0,0.0,0.009160282149850662,123.7,0.0,212.0,1.0
368051060,2024-06-14 05:54:34+00:00,40.65871,-74.0436,0.0,123.7,212.0,KRISTY ANN,IMO9862774,WDK4022,57,1.0,123.0,24.0,5.1,57.0,A,False,False,False,False,False,False,False,False,False,False,True,False,2024-06-14 05:51:36+00:00,40.65868,-74.04357,178.0,2.966666666666667,False,0.002260850121931727,0.04572505864581021,0.704291443221242,0.0,0.0,0.04572505864581021,123.7,0.0,213.0,1.0
368051060,2024-06-14 05:57:38+00:00,40.65872,-74.04359,0.0,123.7,212.0,KRISTY ANN,IMO9862774,WDK4022,57,1.0,123.0,24.0,5.1,57.0,A,False,False,False,False,False,False,False,False,False,False,True,False,2024-06-14 05:54:34+00:00,40.65871,-74.0436,184.0,3.066666666666667,False,0.0007536166253035551,0.014744673103765206,0.7050450598465456,0.0,0.0,0.014744673103765206,123.7,0.0,212.0,0.0
368051060,2024-06-14 06:03:38+00:00,40.65872,-74.0436,0.0,123.7,211.0,KRISTY ANN,IMO9862774,WDK4022,57,1.0,123.0,24.0,5.1,57.0,A,False,False,False,False,False,False,False,False,False,False,True,False,2024-06-14 05:57:38+00:00,40.65872,-74.04359,360.0,6.0,False,0.0004554693115677258,0.004554693115677258,0.7055005291581133,0.0,0.0,0.004554693115677258,123.7,0.0,212.0,1.0
368051060,2024-06-14 06:06:37+00:00,40.65873,-74.04361,0.0,123.7,211.0,KRISTY ANN,IMO9862774,WDK4022,57,1.0,123.0,24.0,5.1,57.0,A,False,False,False,False,False,False,False,False,False,False,True,False,2024-06-14 06:03:38+00:00,40.65872,-74.0436,179.0,2.9833333333333334,False,0.0007536165834302565,0.015156534638820801,0.7062541457415435,0.0,0.0,0.015156534638820801,123.7,0.0,211.0,0.0
368051060,2024-06-14 06:09:38+00:00,40.65871,-74.04359,0.0,123.7,211.0,KRISTY ANN,IMO9862774,WDK4022,57,1.0,123.0,24.0,5.1,57.0,A,False,False,False,False,False,False,False,False,False,False,True,False,2024-06-14 06:06:37+00:00,40.65873,-74.04361,181.0,3.0166666666666666,False,0.0015072332087338047,0.029978119068738658,0.7077613789502774,0.0,0.0,0.029978119068738658,123.7,0.0,211.0,0.0
368051060,2024-06-14 06:12:36+00:00,40.6587,-74.0436,0.0,123.7,212.0,KRISTY ANN,IMO9862774,WDK4022,57,1.0,123.0,24.0,5.1,57.0,A,False,False,False,False,False,False,False,False,False,False,True,False,2024-06-14 06:09:38+00:00,40.65871,-74.04359,178.0,2.966666666666667,False,0.0007536166659597375,0.015241685378960982,0.7085149956162371,0.0,0.0,0.015241685378960982,123.7,0.0,211.0,1.0
368051060,2024-06-14 06:15:35+00:00,40.65872,-74.04357,0.0,123.7,212.0,KRISTY ANN,IMO9862774,WDK4022,57,1.0,123.0,24.0,5.1,57.0,A,False,False,False,False,False,False,False,False,False,False,True,False,2024-06-14 06:12:36+00:00,40.6587,-74.0436,179.0,2.9833333333333334,False,0.0018190695348409833,0.03658463868953933,0.7103340651510781,0.0,0.0,0.03658463868953933,123.7,0.0,212.0,0.0
368051060,2024-06-14 06:18:38+00:00,40.65868,-74.04354,0.0,123.7,214.0,KRISTY ANN,IMO9862774,WDK4022,57,1.0,123.0,24.0,5.1,57.0,A,False,False,False,False,False,False,False,False,False,False,True,False,2024-06-14 06:15:35+00:00,40.65872,-74.04357,183.0,3.05,False,0.002763121938439225,0.0543564971496241,0.7130971870895173,0.0,0.0,0.0543564971496241,123.7,0.0,212.0,2.0
368051060,2024-06-14 06:21:38+00:00,40.65868,-74.04354,0.0,123.7,215.0,KRISTY ANN,IMO9862774,WDK4022,57,1.0,123.0,24.0,5.1,57.0,A,False,False,False,False,False,False,False,False,False,False,True,False,2024-06-14 06:18:38+00:00,40.65868,-74.04354,180.0,3.0,False,0.0,0.0,0.7130971870895173,0.0,0.0,0.0,123.7,0.0,214.0,1.0
368051060,2024-06-14 06:24:34+00:00,40.65872,-74.04362,0.0,123.7,216.0,KRISTY ANN,IMO9862774,WDK4022,57,1.0,123.0,24.0,5.1,57.0,A,False,False,False,False,False,False,False,False,False,False,True,False,2024-06-14 06:21:38+00:00,40.65868,-74.04354,176.0,2.933333333333333,False,0.00436402633407632,0.08926417501519744,0.7174612134235936,0.0,0.0,0.08926417501519744,123.7,0.0,215.0,1.0
368051060,2024-06-14 06:27:37+00:00,40.65876,-74.04364,0.0,123.7,213.0,KRISTY ANN,IMO9862774,WDK4022,57,1.0,123.0,24.0,5.1,57.0,A,False,False,False,False,False,False,False,False,False,False,True,False,2024-06-14 06:24:34+00:00,40.65872,-74.04362,183.0,3.05,False,0.0025685754334418636,0.050529352789020265,0.7200297888570355,0.0,0.0,0.050529352789020265,123.7,0.0,216.0,3.0
368051060,2024-06-14 06:30:36+00:00,40.65877,-74.0437,0.0,123.7,213.0,KRISTY ANN,IMO9862774,WDK4022,57,1.0,123.0,24.0,5.1,57.0,A,False,False,False,False,False,False,False,False,False,False,True,False,2024-06-14 06:27:37+00:00,40.65876,-74.04364,179.0,2.9833333333333334,False,0.0027979918136699046,0.05627246105704836,0.7228277806707054,0.0,0.0,0.05627246105704836,123.7,0.0,213.0,0.0
368051060,2024-06-14 06:33:34+00:00,40.65879,-74.04368,0.0,123.7,214.0,KRISTY ANN,IMO9862774,WDK4022,57,1.0,123.0,24.0,5.1,57.0,A,False,False,False,False,False,False,False,False,False,False,True,False,2024-06-14 06:30:36+00:00,40.65877,-74.0437,178.0,2.966666666666667,False,0.001507232713556732,0.030483358251709187,0.7243350133842621,0.0,0.0,0.030483358251709187,123.7,0.0,213.0,1.0
368051060,2024-06-14 06:36:38+00:00,40.65876,-74.04368,0.0,123.7,217.0,KRISTY ANN,IMO9862774,WDK4022,57,1.0,123.0,24.0,5.1,57.0,A,False,False,False,False,False,False,False,False,False,False,True,False,2024-06-14 06:33:34+00:00,40.65879,-74.04368,184.0,3.066666666666667,False,0.001801213821844013,0.03524113999260026,0.7261362272061062,0.0,0.0,0.03524113999260026,123.7,0.0,214.0,3.0
368051060,2024-06-14 06:39:37+00:00,40.65879,-74.04374,0.0,123.7,219.0,KRISTY ANN,IMO9862774,WDK4022,57,1.0,123.0,24.0,5.1,57.0,A,False,False,False,False,False,False,False,False,False,False,True,False,2024-06-14 06:36:38+00:00,40.65876,-74.04368,179.0,2.9833333333333334,False,0.003273017185007063,0.06582604394427613,0.7294092443911132,0.0,0.0,0.06582604394427613,123.7,0.0,217.0,2.0
368051060,2024-06-14 06:42:36+00:00,40.65879,-74.04381,0.0,123.7,220.0,KRISTY ANN,IMO9862774,WDK4022,57,1.0,123.0,24.0,5.1,57.0,A,False,False,False,False,False,False,False,False,False,False,True,False,2024-06-14 06:39:37+00:00,40.65879,-74.04374,179.0,2.9833333333333334,False,0.003188281834270139,0.0641218692925838,0.7325975262253833,0.0,0.0,0.0641218692925838,123.7,0.0,219.0,1.0
368051060,2024-06-14 06:45:34+00:00,40.65882,-74.04384,0.0,123.7,218.0,KRISTY ANN,IMO9862774,WDK4022,57,1.0,123.0,24.0,5.1,57.0,A,False,False,False,False,False,False,False,False,False,False,True,False,2024-06-14 06:42:36+00:00,40.65879,-74.04381,178.0,2.966666666666667,False,0.0022608487608951995,0.04572503111922875,0.7348583749862785,0.0,0.0,0.04572503111922875,123.7,0.0,220.0,2.0
368051060,2024-06-14 06:48:37+00:00,40.65881,-74.04388,0.0,123.7,218.0,KRISTY ANN,IMO9862774,WDK4022,57,1.0,123.0,24.0,5.1,57.0,A,False,False,False,False,False,False,False,False,False,False,True,False,2024-06-14 06:45:34+00:00,40.65882,-74.04384,183.0,3.05,False,0.0019182577868406855,0.03773621875752168,0.7367766327731192,0.0,0.0,0.03773621875752168,123.7,0.0,218.0,0.0
368051060,2024-06-14 06:51:38+00:00,40.65885,-74.04391,0.0,123.7,217.0,KRISTY ANN,IMO9862774,WDK4022,57,1.0,123.0,24.0,5.1,57.0,A,False,False,False,False,False,False,False,False,False,False,True,False,2024-06-14 06:48:37+00:00,40.65881,-74.04388,181.0,3.0166666666666666,False,0.00276312062103345,0.054957095224974696,0.7395397533941527,0.0,0.0,0.054957095224974696,123.7,0.0,218.0,1.0
368051060,2024-06-14 06:54:36+00:00,40.65884,-74.04397,0.0,123.7,216.0,KRISTY ANN,IMO9862774,WDK4022,57,1.0,123.0,24.0,5.1,57.0,A,False,False,False,False,False,False,False,False,False,False,True,False,2024-06-14 06:51:38+00:00,40.65885,-74.04391,178.0,2.966666666666667,False,0.0027979886129044294,0.05658853374413453,0.7423377420070572,0.0,0.0,0.05658853374413453,123.7,0.0,217.0,1.0
368051060,2024-06-14 06:57:37+00:00,40.65883,-74.04405,0.0,123.7,216.0,KRISTY ANN,IMO9862774,WDK4022,57,1.0,123.0,24.0,5.1,57.0,A,False,False,False,False,False,False,False,False,False,False,True,False,2024-06-14 06:54:36+00:00,40.65884,-74.04397,181.0,3.0166666666666666,False,0.0036928832521303774,0.0734496116445821,0.7460306252591875,0.0,0.0,0.0734496116445821,123.7,0.0,216.0,0.0
368051060,2024-06-14 07:00:38+00:00,40.65886,-74.04407,0.0,123.7,217.0,KRISTY ANN,IMO9862774,WDK4022,57,1.0,123.0,24.0,5.1,57.0,A,False,False,False,False,False,False,False,False,False,False,True,False,2024-06-14 06:57:37+00:00,40.65883,-74.04405,181.0,3.0166666666666666,False,0.002018459139640161,0.040146148633726966,0.7480490843988277,0.0,0.0,0.040146148633726966,123.7,0.0,216.0,1.0
368051060,2024-06-14 07:03:39+00:00,40.65887,-74.04408,0.0,123.7,216.0,KRISTY ANN,IMO9862774,WDK4022,57,1.0,123.0,24.0,5.1,57.0,A,False,False,False,False,False,False,False,False,False,False,True,False,2024-06-14 07:00:38+00:00,40.65886,-74.04407,181.0,3.0166666666666666,False,0.000753616005677458,0.014989047626733972,0.7488027004045051,0.0,0.0,0.014989047626733972,123.7,0.0,217.0,1.0
368051060,2024-06-14 07:06:39+00:00,40.65885,-74.04411,0.0,123.7,218.0,KRISTY ANN,IMO9862774,WDK4022,57,1.0,123.0,24.0,5.1,57.0,A,False,False,False,False,False,False,False,False,False,False,True,False,2024-06-14 07:03:39+00:00,40.65887,-74.04408,180.0,3.0,False,0.0018190672271373798,0.03638134454274759,0.7506217676316426,0.0,0.0,0.03638134454274759,123.7,0.0,216.0,2.0
368051060,2024-06-14 07:09:38+00:00,40.65886,-74.0442,0.0,123.7,218.0,KRISTY ANN,IMO9862774,WDK4022,57,1.0,123.0,24.0,5.1,57.0,A,False,False,False,False,False,False,False,False,False,False,True,False,2024-06-14 07:06:39+00:00,40.65885,-74.04411,179.0,2.9833333333333334,False,0.004142952265313007,0.08332194500070851,0.7547647198969556,0.0,0.0,0.08332194500070851,123.7,0.0,218.0,0.0
368051060,2024-06-14 07:12:34+00:00,40.65886,-74.04426,0.0,123.7,216.0,KRISTY ANN,IMO9862774,WDK4022,57,1.0,123.0,24.0,5.1,57.0,A,False,False,False,False,False,False,False,False,False,False,True,False,2024-06-14 07:09:38+00:00,40.65886,-74.0442,176.0,2.933333333333333,False,0.002732810133602865,0.05589838909642223,0.7574975300305584,0.0,0.0,0.05589838909642223,123.7,0.0,218.0,2.0
368051060,2024-06-14 07:15:39+00:00,40.65889,-74.04433,0.0,123.7,215.0,KRISTY ANN,IMO9862774,WDK4022,57,1.0,123.0,24.0,5.1,57.0,A,False,False,False,False,False,False,False,False,False,False,True,False,2024-06-14 07:12:34+00:00,40.65886,-74.04426,185.0,3.0833333333333335,False,0.003661896556570773,0.07125852758732315,0.7611594265871292,0.0,0.0,0.07125852758732315,123.7,0.0,216.0,1.0
368051060,2024-06-14 07:18:37+00:00,40.6589,-74.04438,0.0,123.7,215.0,KRISTY ANN,IMO9862774,WDK4022,57,1.0,123.0,24.0,5.1,57.0,A,False,False,False,False,False,False,False,False,False,False,True,False,2024-06-14 07:15:39+00:00,40.65889,-74.04433,178.0,2.966666666666667,False,0.0023551572821945478,0.047632394471350405,0.7635145838693238,0.0,0.0,0.047632394471350405,123.7,0.0,215.0,0.0
368051060,2024-06-14 07:21:38+00:00,40.6589,-74.04441,0.0,123.7,214.0,KRISTY ANN,IMO9862774,WDK4022,57,1.0,123.0,24.0,5.1,57.0,A,False,False,False,False,False,False,False,False,False,False,True,False,2024-06-14 07:18:37+00:00,40.6589,-74.04438,181.0,3.0166666666666666,False,0.001366404247192514,0.027177101049132877,0.7648809881165163,0.0,0.0,0.027177101049132877,123.7,0.0,215.0,1.0
368051060,2024-06-14 07:24:39+00:00,40.65891,-74.04444,0.0,123.7,215.0,KRISTY ANN,IMO9862774,WDK4022,57,1.0,123.0,24.0,5.1,57.0,A,False,False,False,False,False,False,False,False,False,False,True,False,2024-06-14 07:21:38+00:00,40.6589,-74.04441,181.0,3.0166666666666666,False,0.001492496559656923,0.029685014446215047,0.7663734846761732,0.0,0.0,0.029685014446215047,123.7,0.0,214.0,1.0
368051060,2024-06-14 07:27:35+00:00,40.65888,-74.04447,0.0,123.7,215.0,KRISTY ANN,IMO9862774,WDK4022,57,1.0,123.0,24.0,5.1,57.0,A,False,False,False,False,False,False,False,False,False,False,True,False,2024-06-14 07:24:39+00:00,40.65891,-74.04444,176.0,2.933333333333333,False,0.0022608476463953702,0.046244610948996207,0.7686343323225685,0.0,0.0,0.046244610948996207,123.7,0.0,215.0,0.0
368051060,2024-06-14 07:30:37+00:00,40.65888,-74.04444,0.0,123.7,216.0,KRISTY ANN,IMO9862774,WDK4022,57,1.0,123.0,24.0,5.1,57.0,A,False,False,False,False,False,False,False,False,False,False,True,False,2024-06-14 07:27:35+00:00,40.65888,-74.04447,182.0,3.033333333333333,False,0.0013664046574316587,0.027027784432714128,0.7700007369800002,0.0,0.0,0.027027784432714128,123.7,0.0,215.0,1.0
368051060,2024-06-14 07:33:35+00:00,40.65887,-74.04443,0.0,123.7,217.0,KRISTY ANN,IMO9862774,WDK4022,57,1.0,123.0,24.0,5.1,57.0,A,False,False,False,False,False,False,False,False,False,False,True,False,2024-06-14 07:30:37+00:00,40.65888,-74.04444,178.0,2.966666666666667,False,0.0007536159644126486,0.015241671190368174,0.7707543529444129,0.0,0.0,0.015241671190368174,123.7,0.0,216.0,1.0
368051060,2024-06-14 07:36:34+00:00,40.65884,-74.04443,0.0,123.7,218.0,KRISTY ANN,IMO9862774,WDK4022,57,1.0,123.0,24.0,5.1,57.0,A,False,False,False,False,False,False,False,False,False,False,True,False,2024-06-14 07:33:35+00:00,40.65887,-74.04443,179.0,2.9833333333333334,False,0.001801213822225937,0.03622552938554957,0.7725555667666388,0.0,0.0,0.03622552938554957,123.7,0.0,217.0,1.0
368051060,2024-06-14 07:39:38+00:00,40.65883,-74.04445,0.0,123.7,218.0,KRISTY ANN,IMO9862774,WDK4022,57,1.0,123.0,24.0,5.1,57.0,A,False,False,False,False,False,False,False,False,False,False,True,False,2024-06-14 07:36:34+00:00,40.65884,-74.04443,184.0,3.066666666666667,False,0.0010910050436203653,0.02134575085344193,0.7736465718102592,0.0,0.0,0.02134575085344193,123.7,0.0,218.0,0.0
368051060,2024-06-14 07:42:35+00:00,40.65885,-74.04444,0.0,123.7,219.0,KRISTY ANN,IMO9862774,WDK4022,57,1.0,123.0,24.0,5.1,57.0,A,False,False,False,False,False,False,False,False,False,False,True,False,2024-06-14 07:39:38+00:00,40.65883,-74.04445,177.0,2.95,False,0.0012842874747589672,0.026121101181538316,0.7749308592850181,0.0,0.0,0.026121101181538316,123.7,0.0,218.0,1.0
368051060,2024-06-14 07:45:38+00:00,40.65884,-74.04446,0.0,123.7,218.0,KRISTY ANN,IMO9862774,WDK4022,57,1.0,123.0,24.0,5.1,57.0,A,False,False,False,False,False,False,False,False,False,False,True,False,2024-06-14 07:42:35+00:00,40.65885,-74.04444,183.0,3.05,False,0.0010910049305092471,0.021462392075591745,0.7760218642155274,0.0,0.0,0.021462392075591745,123.7,0.0,219.0,1.0
368051060,2024-06-14 07:48:37+00:00,40.65887,-74.04448,0.0,123.7,217.0,KRISTY ANN,IMO9862774,WDK4022,57,1.0,123.0,24.0,5.1,57.0,A,False,False,False,False,False,False,False,False,False,False,True,False,2024-06-14 07:45:38+00:00,40.65884,-74.04446,179.0,2.9833333333333334,False,0.002018459077831112,0.04059470771056985,0.7780403232933586,0.0,0.0,0.04059470771056985,123.7,0.0,218.0,1.0
368051060,2024-06-14 07:51:37+00:00,40.65886,-74.04447,0.0,123.7,215.0,KRISTY ANN,IMO9862774,WDK4022,57,1.0,123.0,24.0,5.1,57.0,A,False,False,False,False,False,False,False,False,False,False,True,False,2024-06-14 07:48:37+00:00,40.65887,-74.04448,180.0,3.0,False,0.000753616005677458,0.01507232011354916,0.7787939392990361,0.0,0.0,0.01507232011354916,123.7,0.0,217.0,2.0
368051060,2024-06-14 07:54:34+00:00,40.65889,-74.04442,0.0,123.7,213.0,KRISTY ANN,IMO9862774,WDK4022,57,1.0,123.0,24.0,5.1,57.0,A,False,False,False,False,False,False,False,False,False,False,True,False,2024-06-14 07:51:37+00:00,40.65886,-74.04447,177.0,2.95,False,0.002903558932488915,0.059055435915028785,0.781697498231525,0.0,0.0,0.059055435915028785,123.7,0.0,215.0,2.0
368051060,2024-06-14 07:57:38+00:00,40.65894,-74.04441,0.0,123.7,207.0,KRISTY ANN,IMO9862774,WDK4022,57,1.0,123.0,24.0,5.1,57.0,A,False,False,False,False,False,False,False,False,False,False,True,False,2024-06-14 07:54:34+00:00,40.65889,-74.04442,184.0,3.066666666666667,False,0.0030363783351450607,0.05940740220935988,0.78473387656667,0.0,0.0,0.05940740220935988,123.7,0.0,213.0,6.0
368051060,2024-06-14 08:00:35+00:00,40.65896,-74.04438,0.0,123.7,203.0,KRISTY ANN,IMO9862774,WDK4022,57,1.0,123.0,24.0,5.1,57.0,A,False,False,False,False,False,False,False,False,False,False,True,False,2024-06-14 07:57:38+00:00,40.65894,-74.04441,177.0,2.95,False,0.001819065841967776,0.036997949328158156,0.7865529424086378,0.0,0.0,0.036997949328158156,123.7,0.0,207.0,4.0
368051060,2024-06-14 08:03:40+00:00,40.65898,-74.0444,0.0,123.7,198.0,KRISTY ANN,IMO9862774,WDK4022,57,1.0,123.0,24.0,5.1,57.0,A,False,False,False,False,False,False,False,False,False,False,True,False,2024-06-14 08:00:35+00:00,40.65896,-74.04438,185.0,3.0833333333333335,False,0.0015072311451436737,0.029329903364957974,0.7880601735537816,0.0,0.0,0.029329903364957974,123.7,0.0,203.0,5.0
368051060,2024-06-14 08:06:40+00:00,40.65895,-74.04436,0.0,123.7,200.0,KRISTY ANN,IMO9862774,WDK4022,57,1.0,123.0,24.0,5.1,57.0,A,False,False,False,False,False,False,False,False,False,False,True,False,2024-06-14 08:03:40+00:00,40.65898,-74.0444,180.0,3.0,False,0.0025619491702721818,0.05123898340544363,0.7906221227240537,0.0,0.0,0.05123898340544363,123.7,0.0,198.0,2.0
368051060,2024-06-14 08:09:41+00:00,40.65894,-74.04435,0.0,123.7,199.0,KRISTY ANN,IMO9862774,WDK4022,57,1.0,123.0,24.0,5.1,57.0,A,False,False,False,False,False,False,False,False,False,False,True,False,2024-06-14 08:06:40+00:00,40.65895,-74.04436,181.0,3.0166666666666666,False,0.0007536156756047886,0.014989041061752702,0.7913757383996586,0.0,0.0,0.014989041061752702,123.7,0.0,200.0,1.0
368051060,2024-06-14 08:12:42+00:00,40.65897,-74.04428,0.0,123.7,200.0,KRISTY ANN,IMO9862774,WDK4022,57,1.0,123.0,24.0,5.1,57.0,A,False,False,False,False,False,False,False,False,False,False,True,False,2024-06-14 08:09:41+00:00,40.65894,-74.04435,181.0,3.0166666666666666,False,0.0036618932267177607,0.07283323544853006,0.7950376316263763,0.0,0.0,0.07283323544853006,123.7,0.0,199.0,1.0
368051060,2024-06-14 08:15:34+00:00,40.65892,-74.04425,0.0,123.7,202.0,KRISTY ANN,IMO9862774,WDK4022,57,1.0,123.0,24.0,5.1,57.0,A,False,False,False,False,False,False,False,False,False,False,True,False,2024-06-14 08:12:42+00:00,40.65897,-74.04428,172.0,2.8666666666666667,False,0.003298363284747951,0.06903551061100362,0.7983359949111243,0.0,0.0,0.06903551061100362,123.7,0.0,200.0,2.0
368051060,2024-06-14 08:18:44+00:00,40.65891,-74.0442,0.0,123.7,206.0,KRISTY ANN,IMO9862774,WDK4022,57,1.0,123.0,24.0,5.1,57.0,A,False,False,False,False,False,False,False,False,False,False,True,False,2024-06-14 08:15:34+00:00,40.65892,-74.04425,190.0,3.1666666666666665,False,0.0023551566225477774,0.04462402021669473,0.8006911515336721,0.0,0.0,0.04462402021669473,123.7,0.0,202.0,4.0
368051060,2024-06-14 08:21:37+00:00,40.65889,-74.0442,0.0,123.7,207.0,KRISTY ANN,IMO9862774,WDK4022,57,1.0,123.0,24.0,5.1,57.0,A,False,False,False,False,False,False,False,False,False,False,True,False,2024-06-14 08:18:44+00:00,40.65891,-74.0442,173.0,2.8833333333333333,False,0.0012008092144353672,0.024987937410215735,0.8018919607481074,0.0,0.0,0.024987937410215735,123.7,0.0,206.0,1.0
368051060,2024-06-14 08:24:43+00:00,40.6589,-74.04417,0.0,123.7,208.0,KRISTY ANN,IMO9862774,WDK4022,57,1.0,123.0,24.0,5.1,57.0,A,False,False,False,False,False,False,False,False,False,False,True,False,2024-06-14 08:21:37+00:00,40.65889,-74.0442,186.0,3.1,False,0.001492496747335558,0.0288870338193979,0.803384457495443,0.0,0.0,0.0288870338193979,123.7,0.0,207.0,1.0
368051060,2024-06-14 08:27:39+00:00,40.65893,-74.04419,0.0,123.7,205.0,KRISTY ANN,IMO9862774,WDK4022,57,1.0,123.0,24.0,5.1,57.0,A,False,False,False,False,False,False,False,False,False,False,True,False,2024-06-14 08:24:43+00:00,40.6589,-74.04417,176.0,2.933333333333333,False,0.0020184587076498063,0.04128665538374603,0.8054029162030928,0.0,0.0,0.04128665538374603,123.7,0.0,208.0,3.0
368051060,2024-06-14 08:30:35+00:00,40.65891,-74.04422,0.0,123.7,206.0,KRISTY ANN,IMO9862774,WDK4022,57,1.0,123.0,24.0,5.1,57.0,A,False,False,False,False,False,False,False,False,False,False,True,False,2024-06-14 08:27:39+00:00,40.65893,-74.04419,176.0,2.933333333333333,False,0.0018190663035460805,0.03720817439071528,0.8072219825066389,0.0,0.0,0.03720817439071528,123.7,0.0,205.0,1.0
368051060,2024-06-14 08:33:35+00:00,40.65889,-74.0443,0.0,123.7,202.0,KRISTY ANN,IMO9862774,WDK4022,57,1.0,123.0,24.0,5.1,57.0,A,False,False,False,False,False,False,False,False,False,False,True,False,2024-06-14 08:30:35+00:00,40.65891,-74.04422,180.0,3.0,False,0.003836511165373491,0.07673022330746981,0.8110584936720124,0.0,0.0,0.07673022330746981,123.7,0.0,206.0,4.0
368051060,2024-06-14 08:36:38+00:00,40.65891,-74.04437,0.0,123.7,199.0,KRISTY ANN,IMO9862774,WDK4022,57,1.0,123.0,24.0,5.1,57.0,A,False,False,False,False,False,False,False,False,False,False,True,False,2024-06-14 08:33:35+00:00,40.65889,-74.0443,183.0,3.05,False,0.003406912136298621,0.0670212223534155,0.8144654058083111,0.0,0.0,0.0670212223534155,123.7,0.0,202.0,3.0
368051060,2024-06-14 08:39:39+00:00,40.65893,-74.04441,0.0,123.7,196.0,KRISTY ANN,IMO9862774,WDK4022,57,1.0,123.0,24.0,5.1,57.0,A,False,False,False,False,False,False,False,False,False,False,True,False,2024-06-14 08:36:38+00:00,40.65891,-74.04437,181.0,3.0166666666666666,False,0.0021820081496734603,0.043399057120577116,0.8166474139579846,0.0,0.0,0.043399057120577116,123.7,0.0,199.0,3.0
368051060,2024-06-14 08:42:37+00:00,40.65895,-74.04446,0.0,123.7,194.0,KRISTY ANN,IMO9862774,WDK4022,57,1.0,123.0,24.0,5.1,57.0,A,False,False,False,False,False,False,False,False,False,False,True,False,2024-06-14 08:39:39+00:00,40.65893,-74.04441,178.0,2.966666666666667,False,0.0025745321725110385,0.05206919000584123,0.8192219461304956,0.0,0.0,0.05206919000584123,123.7,0.0,196.0,2.0
368051060,2024-06-14 08:45:40+00:00,40.65898,-74.04448,0.0,123.7,191.0,KRISTY ANN,IMO9862774,WDK4022,57,1.0,123.0,24.0,5.1,57.0,A,False,False,False,False,False,False,False,False,False,False,True,False,2024-06-14 08:42:37+00:00,40.65895,-74.04446,183.0,3.05,False,0.0020184583999354735,0.03970737835938636,0.821240404530431,0.0,0.0,0.03970737835938636,123.7,0.0,194.0,3.0
368051060,2024-06-14 08:48:37+00:00,40.65895,-74.04453,0.0,123.7,188.0,KRISTY ANN,IMO9862774,WDK4022,57,1.0,123.0,24.0,5.1,57.0,A,False,False,False,False,False,False,False,False,False,False,True,False,2024-06-14 08:45:40+00:00,40.65898,-74.04448,177.0,2.95,False,0.0029035565231372066,0.059055386911265224,0.8241439610535682,0.0,0.0,0.059055386911265224,123.7,0.0,191.0,3.0
368051060,2024-06-14 08:51:40+00:00,40.6589,-74.04457,0.0,123.7,185.0,KRISTY ANN,IMO9862774,WDK4022,57,1.0,123.0,24.0,5.1,57.0,A,False,False,False,False,False,False,False,False,False,False,True,False,2024-06-14 08:48:37+00:00,40.65895,-74.04453,183.0,3.05,False,0.00351160342415751,0.06908072309818053,0.8276555644777257,0.0,0.0,0.06908072309818053,123.7,0.0,188.0,3.0
368051060,2024-06-14 08:54:39+00:00,40.65885,-74.04466,0.0,123.7,182.0,KRISTY ANN,IMO9862774,WDK4022,57,1.0,123.0,24.0,5.1,57.0,A,False,False,False,False,False,False,False,False,False,False,True,False,2024-06-14 08:51:40+00:00,40.6589,-74.04457,179.0,2.9833333333333334,False,0.005080915273597039,0.10218600550251028,0.8327364797513227,0.0,0.0,0.10218600550251028,123.7,0.0,185.0,3.0
368051060,2024-06-14 08:57:35+00:00,40.65879,-74.04471,0.0,123.7,179.0,KRISTY ANN,IMO9862774,WDK4022,57,1.0,123.0,24.0,5.1,57.0,A,False,False,False,False,False,False,False,False,False,False,True,False,2024-06-14 08:54:39+00:00,40.65885,-74.04466,176.0,2.933333333333333,False,0.004261898253871786,0.08717519155646834,0.8369983780051945,0.0,0.0,0.08717519155646834,123.7,0.0,182.0,3.0
368051060,2024-06-14 09:00:39+00:00,40.65872,-74.04477,0.1,123.7,176.0,KRISTY ANN,IMO9862774,WDK4022,57,1.0,123.0,24.0,5.1,57.0,A,False,False,False,False,False,False,False,False,False,False,True,False,2024-06-14 08:57:35+00:00,40.65879,-74.04471,184.0,3.066666666666667,False,0.005013189969499372,0.09808415157716162,0.8420115679746939,0.1,0.03260869565217391,-0.001915848422838387,123.7,0.0,179.0,3.0
368051060,2024-06-14 09:03:38+00:00,40.65864,-74.04495,0.1,123.7,172.0,KRISTY ANN,IMO9862774,WDK4022,57,1.0,123.0,24.0,5.1,57.0,A,False,False,False,False,False,False,False,False,False,False,True,False,2024-06-14 09:00:39+00:00,40.65872,-74.04477,179.0,2.9833333333333334,False,0.00950187918749241,0.19109924622889762,0.8515134471621864,0.0,0.0,0.09109924622889762,123.7,0.0,176.0,4.0
368051060,2024-06-14 09:06:38+00:00,40.65856,-74.04509,0.1,123.7,168.0,KRISTY ANN,IMO9862774,WDK4022,57,1.0,123.0,24.0,5.1,57.0,A,False,False,False,False,False,False,False,False,False,False,True,False,2024-06-14 09:03:38+00:00,40.65864,-74.04495,180.0,3.0,False,0.007983224922858696,0.15966449845717393,0.8594966720850451,0.0,0.0,0.05966449845717392,123.7,0.0,172.0,4.0
368051060,2024-06-14 09:09:37+00:00,40.65845,-74.04529,0.2,239.3,163.0,KRISTY ANN,IMO9862774,WDK4022,57,1.0,123.0,24.0,5.1,57.0,A,False,False,False,False,False,False,False,False,False,False,True,False,2024-06-14 09:06:38+00:00,40.65856,-74.04509,179.0,2.9833333333333334,False,0.01125167637140098,0.22629069797231022,0.8707483484564461,0.1,0.0335195530726257,0.026290697972310206,123.7,115.60000000000002,168.0,5.0
368051060,2024-06-14 09:12:40+00:00,40.65831,-74.04562,0.3,246.0,155.0,KRISTY ANN,IMO9862774,WDK4022,57,1.0,123.0,24.0,5.1,57.0,A,False,False,False,False,False,False,False,False,False,False,True,False,2024-06-14 09:09:37+00:00,40.65845,-74.04529,183.0,3.05,False,0.017221296305382917,0.33877959945015573,0.887969644761829,0.09999999999999998,0.032786885245901634,0.038779599450155744,239.3,6.699999999999989,163.0,8.0
368051060,2024-06-14 09:15:37+00:00,40.65812,-74.04601,0.4,236.8,144.0,KRISTY ANN,IMO9862774,WDK4022,57,1.0,123.0,24.0,5.1,57.0,A,False,False,False,False,False,False,False,False,False,False,True,False,2024-06-14 09:12:40+00:00,40.65831,-74.04562,177.0,2.95,False,0.021111017289945667,0.4293766228463526,0.9090806620517747,0.10000000000000003,0.03389830508474577,0.029376622846352562,246.0,9.199999999999989,155.0,11.0
368051060,2024-06-14 09:18:36+00:00,40.65791,-74.04645,0.5,224.7,126.0,KRISTY ANN,IMO9862774,WDK4022,57,1.0,123.0,24.0,5.1,57.0,A,False,False,False,False,False,False,False,False,False,False,True,False,2024-06-14 09:15:37+00:00,40.65812,-74.04601,179.0,2.9833333333333334,False,0.02367721098361865,0.47618971810629684,0.9327578730353934,0.09999999999999998,0.03351955307262569,-0.023810281893703156,236.8,12.100000000000023,144.0,18.0
368051060,2024-06-14 09:21:35+00:00,40.65751,-74.04685,0.5,209.2,105.0,KRISTY ANN,IMO9862774,WDK4022,57,1.0,123.0,24.0,5.1,57.0,A,False,False,False,False,False,False,False,False,False,False,True,False,2024-06-14 09:18:36+00:00,40.65791,-74.04645,179.0,2.9833333333333334,False,0.03014483087945653,0.6062647551175615,0.9629027039148499,0.0,0.0,0.1062647551175615,224.7,15.5,126.0,21.0
368051060,2024-06-14 09:24:36+00:00,40.65706,-74.04714,0.5,200.2,85.0,KRISTY ANN,IMO9862774,WDK4022,57,1.0,123.0,24.0,5.1,57.0,A,False,False,False,False,False,False,False,False,False,False,True,False,2024-06-14 09:21:35+00:00,40.65751,-74.04685,181.0,3.0166666666666666,False,0.03007421507341108,0.5981611837805519,0.992976918988261,0.0,0.0,0.09816118378055194,209.2,9.0,105.0,20.0
368051060,2024-06-14 09:27:40+00:00,40.65666,-74.04724,0.3,174.8,68.0,KRISTY ANN,IMO9862774,WDK4022,57,1.0,123.0,24.0,5.1,57.0,A,False,False,False,False,False,False,False,False,False,False,True,False,2024-06-14 09:24:36+00:00,40.65706,-74.04714,184.0,3.066666666666667,False,0.024444293693940918,0.478257920098844,1.017421212682202,-0.2,-0.06521739130434782,0.178257920098844,200.2,25.399999999999977,85.0,17.0
368051060,2024-06-14 09:30:36+00:00,40.65646,-74.04719,0.1,160.7,63.0,KRISTY ANN,IMO9862774,WDK4022,57,1.0,123.0,24.0,5.1,57.0,A,False,False,False,False,False,False,False,False,False,False,True,False,2024-06-14 09:27:40+00:00,40.65666,-74.04724,176.0,2.933333333333333,False,0.012222148754995915,0.24999849726128007,1.0296433614371978,-0.19999999999999998,-0.06818181818181818,0.14999849726128006,174.8,14.100000000000023,68.0,5.0
368051060,2024-06-14 09:33:39+00:00,40.65637,-74.04703,0.2,127.8,65.0,KRISTY ANN,IMO9862774,WDK4022,57,1.0,123.0,24.0,5.1,57.0,A,False,False,False,False,False,False,False,False,False,False,True,False,2024-06-14 09:30:36+00:00,40.65646,-74.04719,183.0,3.05,False,0.009072529873296672,0.1784759975074755,1.0387158913104946,0.1,0.03278688524590164,-0.021524002492524508,160.7,32.89999999999998,63.0,2.0
368051060,2024-06-14 09:36:37+00:00,40.65624,-74.04679,0.3,133.3,63.0,KRISTY ANN,IMO9862774,WDK4022,57,1.0,123.0,24.0,5.1,57.0,A,False,False,False,False,False,False,False,False,False,False,True,False,2024-06-14 09:33:39+00:00,40.65637,-74.04703,178.0,2.966666666666667,False,0.013432172379346428,0.2716619132901525,1.052148063689841,0.09999999999999998,0.03370786516853932,-0.0283380867098475,127.8,5.5,65.0,2.0
368051060,2024-06-14 09:39:40+00:00,40.65604,-74.04654,0.3,138.5,58.0,KRISTY ANN,IMO9862774,WDK4022,57,1.0,123.0,24.0,5.1,57.0,A,False,False,False,False,False,False,False,False,False,False,True,False,2024-06-14 09:36:37+00:00,40.65624,-74.04679,183.0,3.05,False,0.016548776074040306,0.3255496932598093,1.0686968397638814,0.0,0.0,0.025549693259809325,133.3,5.199999999999989,63.0,5.0
368051060,2024-06-14 09:42:38+00:00,40.65583,-74.04636,0.2,146.2,52.0,KRISTY ANN,IMO9862774,WDK4022,57,1.0,123.0,24.0,5.1,57.0,A,False,False,False,False,False,False,False,False,False,False,True,False,2024-06-14 09:39:40+00:00,40.65604,-74.04654,178.0,2.966666666666667,False,0.015039758829800005,0.3041748976813484,1.0837365985936813,-0.09999999999999998,-0.03370786516853932,0.10417489768134841,138.5,7.699999999999989,58.0,6.0
368051060,2024-06-14 09:45:39+00:00,40.65562,-74.04622,0.2,164.9,47.0,KRISTY ANN,IMO9862774,WDK4022,57,1.0,123.0,24.0,5.1,57.0,A,False,False,False,False,False,False,False,False,False,False,True,False,2024-06-14 09:42:38+00:00,40.65583,-74.04636,181.0,3.0166666666666666,False,0.014129348567670138,0.28102571736802484,1.0978659471613514,0.0,0.0,0.08102571736802483,146.2,18.700000000000017,52.0,5.0
368051060,2024-06-14 09:48:39+00:00,40.65541,-74.04618,0.2,179.8,43.0,KRISTY ANN,IMO9862774,WDK4022,57,1.0,123.0,24.0,5.1,57.0,A,False,False,False,False,False,False,False,False,False,False,True,False,2024-06-14 09:45:39+00:00,40.65562,-74.04622,180.0,3.0,False,0.01273945626869432,0.25478912537388637,1.1106054034300457,0.0,0.0,0.05478912537388636,164.9,14.900000000000006,47.0,4.0
368051060,2024-06-14 09:51:39+00:00,40.65521,-74.04613,0.1,157.3,31.0,KRISTY ANN,IMO9862774,WDK4022,57,1.0,123.0,24.0,5.1,57.0,A,False,False,False,False,False,False,False,False,False,False,True,False,2024-06-14 09:48:39+00:00,40.65541,-74.04618,180.0,3.0,False,0.012222156706547091,0.24444313413094182,1.1228275601365927,-0.1,-0.03333333333333333,0.1444431341309418,179.8,22.5,43.0,12.0
368051060,2024-06-14 09:54:37+00:00,40.65517,-74.04608,0.0,157.3,25.0,KRISTY ANN,IMO9862774,WDK4022,57,1.0,123.0,24.0,5.1,57.0,A,False,False,False,False,False,False,False,False,False,False,True,False,2024-06-14 09:51:39+00:00,40.65521,-74.04613,178.0,2.966666666666667,False,0.0033097775291560257,0.06693932081439154,1.1261373376657486,-0.1,-0.033707865168539325,0.06693932081439154,157.3,0.0,31.0,6.0
368051060,2024-06-14 09:57:41+00:00,40.65516,-74.04611,0.1,286.5,25.0,KRISTY ANN,IMO9862774,WDK4022,57,1.0,123.0,24.0,5.1,57.0,A,False,False,False,False,False,False,False,False,False,False,True,False,2024-06-14 09:54:37+00:00,40.65517,-74.04608,184.0,3.066666666666667,False,0.0014925666911333958,0.0292023917830447,1.127629904356882,0.1,0.03260869565217391,-0.0707976082169553,157.3,129.2,25.0,0.0
368051060,2024-06-14 10:00:39+00:00,40.65518,-74.04614,0.0,286.5,21.0,KRISTY ANN,IMO9862774,WDK4022,57,1.0,123.0,24.0,5.1,57.0,A,False,False,False,False,False,False,False,False,False,False,True,False,2024-06-14 09:57:41+00:00,40.65516,-74.04611,178.0,2.966666666666667,False,0.0018191239993304374,0.036791271896570645,1.1294490283562124,-0.1,-0.033707865168539325,0.036791271896570645,286.5,0.0,25.0,4.0
368051060,2024-06-14 10:03:35+00:00,40.65518,-74.04618,0.1,286.5,25.0,KRISTY ANN,IMO9862774,WDK4022,57,1.0,123.0,24.0,5.1,57.0,A,False,False,False,False,False,False,False,False,False,False,True,False,2024-06-14 10:00:39+00:00,40.65518,-74.04614,176.0,2.933333333333333,False,0.0018219739227254012,0.0372676484193832,1.1312710022789378,0.1,0.034090909090909095,-0.0627323515806168,286.5,0.0,21.0,4.0
368051060,2024-06-14 10:06:38+00:00,40.65522,-74.04627,0.0,286.5,25.0,KRISTY ANN,IMO9862774,WDK4022,57,1.0,123.0,24.0,5.1,57.0,A,False,False,False,False,False,False,False,False,False,False,True,False,2024-06-14 10:03:35+00:00,40.65518,-74.04618,183.0,3.05,False,0.004751124095957241,0.09346473631391294,1.136022126374895,-0.1,-0.03278688524590164,0.09346473631391294,286.5,0.0,25.0,0.0
368051060,2024-06-14 10:09:36+00:00,40.65526,-74.04634,0.0,286.5,28.0,KRISTY ANN,IMO9862774,WDK4022,57,1.0,123.0,24.0,5.1,57.0,A,False,False,False,False,False,False,False,False,False,False,True,False,2024-06-14 10:06:38+00:00,40.65522,-74.04627,178.0,2.966666666666667,False,0.0039917407256256175,0.08073183490029338,1.1400138671005207,0.0,0.0,0.08073183490029338,286.5,0.0,25.0,3.0
368051060,2024-06-14 10:12:36+00:00,40.65526,-74.04638,0.0,286.5,31.0,KRISTY ANN,IMO9862774,WDK4022,57,1.0,123.0,24.0,5.1,57.0,A,False,False,False,False,False,False,False,False,False,False,True,False,2024-06-14 10:09:36+00:00,40.65526,-74.04634,180.0,3.0,False,0.0018219717368776988,0.036439434737553976,1.1418358388373984,0.0,0.0,0.036439434737553976,286.5,0.0,28.0,3.0
368051060,2024-06-14 10:15:38+00:00,40.65525,-74.04635,0.0,286.5,30.0,KRISTY ANN,IMO9862774,WDK4022,57,1.0,123.0,24.0,5.1,57.0,A,False,False,False,False,False,False,False,False,False,False,True,False,2024-06-14 10:12:36+00:00,40.65526,-74.04638,182.0,3.033333333333333,False,0.0014925650035199007,0.029523263805888145,1.1433284038409182,0.0,0.0,0.029523263805888145,286.5,0.0,31.0,1.0
368051060,2024-06-14 10:18:38+00:00,40.65524,-74.04631,0.0,286.5,31.0,KRISTY ANN,IMO9862774,WDK4022,57,1.0,123.0,24.0,5.1,57.0,A,False,False,False,False,False,False,False,False,False,False,True,False,2024-06-14 10:15:38+00:00,40.65525,-74.04635,180.0,3.0,False,0.0019183503845271468,0.03836700769054293,1.1452467542254454,0.0,0.0,0.03836700769054293,286.5,0.0,30.0,1.0
368051060,2024-06-14 10:21:40+00:00,40.65522,-74.04624,0.1,286.5,30.0,KRISTY ANN,IMO9862774,WDK4022,57,1.0,123.0,24.0,5.1,57.0,A,False,False,False,False,False,False,False,False,False,False,True,False,2024-06-14 10:18:38+00:00,40.65524,-74.04631,182.0,3.033333333333333,False,0.0034070762770876313,0.06739271756876633,1.1486538305025331,0.1,0.03296703296703297,-0.032607282431233675,286.5,0.0,31.0,1.0
368051060,2024-06-14 10:24:39+00:00,40.65519,-74.04615,0.0,286.5,28.0,KRISTY ANN,IMO9862774,WDK4022,57,1.0,123.0,24.0,5.1,57.0,A,False,False,False,False,False,False,False,False,False,False,True,False,2024-06-14 10:21:40+00:00,40.65522,-74.04624,179.0,2.9833333333333334,False,0.004477697825302108,0.0900542579390368,1.1531315283278352,-0.1,-0.0335195530726257,0.0900542579390368,286.5,0.0,30.0,2.0
368051060,2024-06-14 10:27:36+00:00,40.65517,-74.0461,0.0,286.5,25.0,KRISTY ANN,IMO9862774,WDK4022,57,1.0,123.0,24.0,5.1,57.0,A,False,False,False,False,False,False,False,False,False,False,True,False,2024-06-14 10:24:39+00:00,40.65519,-74.04615,177.0,2.95,False,0.0025746457109889903,0.05236567547774218,1.1557061740388241,0.0,0.0,0.05236567547774218,286.5,0.0,28.0,3.0
368051060,2024-06-14 10:30:39+00:00,40.65514,-74.04611,0.0,286.5,24.0,KRISTY ANN,IMO9862774,WDK4022,57,1.0,123.0,24.0,5.1,57.0,A,False,False,False,False,False,False,False,False,False,False,True,False,2024-06-14 10:27:36+00:00,40.65517,-74.0461,183.0,3.05,False,0.0018579143409477113,0.03654913457602055,1.1575640883797718,0.0,0.0,0.03654913457602055,286.5,0.0,25.0,1.0
368051060,2024-06-14 10:33:36+00:00,40.65519,-74.04612,0.0,286.5,25.0,KRISTY ANN,IMO9862774,WDK4022,57,1.0,123.0,24.0,5.1,57.0,A,False,False,False,False,False,False,False,False,False,False,True,False,2024-06-14 10:30:39+00:00,40.65514,-74.04611,177.0,2.95,False,0.003036382175295936,0.06175692559923938,1.1606004705550677,0.0,0.0,0.06175692559923938,286.5,0.0,24.0,1.0
368051060,2024-06-14 10:36:36+00:00,40.65516,-74.04609,0.0,286.5,26.0,KRISTY ANN,IMO9862774,WDK4022,57,1.0,123.0,24.0,5.1,57.0,A,False,False,False,False,False,False,False,False,False,False,True,False,2024-06-14 10:33:36+00:00,40.65519,-74.04612,180.0,3.0,False,0.0022608936963550946,0.04521787392710189,1.1628613642514227,0.0,0.0,0.04521787392710189,286.5,0.0,25.0,1.0
368051060,2024-06-14 10:39:37+00:00,40.65515,-74.04604,0.0,286.5,25.0,KRISTY ANN,IMO9862774,WDK4022,57,1.0,123.0,24.0,5.1,57.0,A,False,False,False,False,False,False,False,False,False,False,True,False,2024-06-14 10:36:36+00:00,40.65516,-74.04609,181.0,3.0166666666666666,False,0.0023552807370858567,0.04684536272656953,1.1652166449885086,0.0,0.0,0.04684536272656953,286.5,0.0,26.0,1.0
368051060,2024-06-14 10:42:40+00:00,40.65515,-74.04597,0.0,286.5,22.0,KRISTY ANN,IMO9862774,WDK4022,57,1.0,123.0,24.0,5.1,57.0,A,False,False,False,False,False,False,False,False,False,False,True,False,2024-06-14 10:39:37+00:00,40.65515,-74.04604,183.0,3.05,False,0.003188455797455664,0.0627237206056852,1.1684051007859644,0.0,0.0,0.0627237206056852,286.5,0.0,25.0,3.0
368051060,2024-06-14 10:45:38+00:00,40.65511,-74.04595,0.0,286.5,19.0,KRISTY ANN,IMO9862774,WDK4022,57,1.0,123.0,24.0,5.1,57.0,A,False,False,False,False,False,False,False,False,False,False,True,False,2024-06-14 10:42:40+00:00,40.65515,-74.04597,178.0,2.966666666666667,False,0.0025685929155479653,0.05194907020209368,1.1709736937015123,0.0,0.0,0.05194907020209368,286.5,0.0,22.0,3.0
368051060,2024-06-14 10:48:36+00:00,40.65512,-74.04597,0.0,286.5,18.0,KRISTY ANN,IMO9862774,WDK4022,57,1.0,123.0,24.0,5.1,57.0,A,False,False,False,False,False,False,False,False,False,False,True,False,2024-06-14 10:45:38+00:00,40.65511,-74.04595,178.0,2.966666666666667,False,0.0010910474562736516,0.022066128329130033,1.172064741157786,0.0,0.0,0.022066128329130033,286.5,0.0,19.0,1.0
368051060,2024-06-14 10:51:36+00:00,40.65509,-74.04601,0.0,286.5,18.0,KRISTY ANN,IMO9862774,WDK4022,57,1.0,123.0,24.0,5.1,57.0,A,False,False,False,False,False,False,False,False,False,False,True,False,2024-06-14 10:48:36+00:00,40.65512,-74.04597,180.0,3.0,False,0.002562024134997543,0.05124048269995086,1.1746267652927835,0.0,0.0,0.05124048269995086,286.5,0.0,18.0,0.0
368051060,2024-06-14 10:54:36+00:00,40.6551,-74.04602,0.0,286.5,16.0,KRISTY ANN,IMO9862774,WDK4022,57,1.0,123.0,24.0,5.1,57.0,A,False,False,False,False,False,False,False,False,False,False,True,False,2024-06-14 10:51:36+00:00,40.65509,-74.04601,180.0,3.0,False,0.0007536315622388493,0.015072631244776985,1.1753803968550225,0.0,0.0,0.015072631244776985,286.5,0.0,18.0,2.0
368051060,2024-06-14 10:57:35+00:00,40.65511,-74.04611,0.0,286.5,17.0,KRISTY ANN,IMO9862774,WDK4022,57,1.0,123.0,24.0,5.1,57.0,A,False,False,False,False,False,False,False,False,False,False,True,False,2024-06-14 10:54:36+00:00,40.6551,-74.04602,179.0,2.9833333333333334,False,0.00414318025756248,0.08332653031969232,1.179523577112585,0.0,0.0,0.08332653031969232,286.5,0.0,16.0,1.0
368051060,2024-06-14 11:00:39+00:00,40.65513,-74.04616,0.0,286.5,19.0,KRISTY ANN,IMO9862774,WDK4022,57,1.0,123.0,24.0,5.1,57.0,A,False,False,False,False,False,False,False,False,False,False,True,False,2024-06-14 10:57:35+00:00,40.65511,-74.04611,184.0,3.066666666666667,False,0.002574647523415923,0.050373538501615876,1.1820982246360008,0.0,0.0,0.050373538501615876,286.5,0.0,17.0,2.0
368051060,2024-06-14 11:03:36+00:00,40.65514,-74.04621,0.0,286.5,21.0,KRISTY ANN,IMO9862774,WDK4022,57,1.0,123.0,24.0,5.1,57.0,A,False,False,False,False,False,False,False,False,False,False,True,False,2024-06-14 11:00:39+00:00,40.65513,-74.04616,177.0,2.95,False,0.002355281396587206,0.047904028405163515,1.184453506032588,0.0,0.0,0.047904028405163515,286.5,0.0,19.0,2.0
368051060,2024-06-14 11:06:36+00:00,40.65516,-74.04622,0.0,286.5,20.0,KRISTY ANN,IMO9862774,WDK4022,57,1.0,123.0,24.0,5.1,57.0,A,False,False,False,False,False,False,False,False,False,False,True,False,2024-06-14 11:03:36+00:00,40.65514,-74.04621,180.0,3.0,False,0.0012842964096284725,0.02568592819256945,1.1857378024422165,0.0,0.0,0.02568592819256945,286.5,0.0,21.0,1.0
368051060,2024-06-14 11:09:38+00:00,40.65515,-74.04621,0.0,286.5,21.0,KRISTY ANN,IMO9862774,WDK4022,57,1.0,123.0,24.0,5.1,57.0,A,False,False,False,False,False,False,False,False,False,False,True,False,2024-06-14 11:06:36+00:00,40.65516,-74.04622,182.0,3.033333333333333,False,0.0007536313152685569,0.014906993049268158,1.186491433757485,0.0,0.0,0.014906993049268158,286.5,0.0,20.0,1.0
368051060,2024-06-14 11:12:38+00:00,40.65513,-74.04613,0.0,286.5,22.0,KRISTY ANN,IMO9862774,WDK4022,57,1.0,123.0,24.0,5.1,57.0,A,False,False,False,False,False,False,False,False,False,False,True,False,2024-06-14 11:09:38+00:00,40.65515,-74.04621,180.0,3.0,False,0.0038367062148327758,0.0767341242966555,1.1903281399723178,0.0,0.0,0.0767341242966555,286.5,0.0,21.0,1.0
368051060,2024-06-14 11:15:40+00:00,40.6551,-74.04598,0.1,286.5,18.0,KRISTY ANN,IMO9862774,WDK4022,57,1.0,123.0,24.0,5.1,57.0,A,False,False,False,False,False,False,False,False,False,False,True,False,2024-06-14 11:12:38+00:00,40.65513,-74.04613,182.0,3.033333333333333,False,0.007065846170797432,0.13976399019159758,1.1973939861431153,0.1,0.03296703296703297,0.03976399019159757,286.5,0.0,22.0,4.0
368051060,2024-06-14 11:18:38+00:00,40.65507,-74.04592,0.0,286.5,14.0,KRISTY ANN,IMO9862774,WDK4022,57,1.0,123.0,24.0,5.1,57.0,A,False,False,False,False,False,False,False,False,False,False,True,False,2024-06-14 11:15:40+00:00,40.6551,-74.04598,178.0,2.966666666666667,False,0.003273143396139359,0.06619840576461625,1.2006671295392546,-0.1,-0.033707865168539325,0.06619840576461625,286.5,0.0,18.0,4.0
368051060,2024-06-14 11:21:36+00:00,40.65509,-74.04595,0.0,286.5,14.0,KRISTY ANN,IMO9862774,WDK4022,57,1.0,123.0,24.0,5.1,57.0,A,False,False,False,False,False,False,False,False,False,False,True,False,2024-06-14 11:18:38+00:00,40.65507,-74.04592,178.0,2.966666666666667,False,0.001819125384680004,0.03679129991487649,1.2024862549239346,0.0,0.0,0.03679129991487649,286.5,0.0,14.0,0.0
368051060,2024-06-14 11:24:38+00:00,40.65507,-74.04595,0.0,286.5,13.0,KRISTY ANN,IMO9862774,WDK4022,57,1.0,123.0,24.0,5.1,57.0,A,False,False,False,False,False,False,False,False,False,False,True,False,2024-06-14 11:21:36+00:00,40.65509,-74.04595,182.0,3.033333333333333,False,0.001200809214817291,0.023752270183199163,1.2036870641387518,0.0,0.0,0.023752270183199163,286.5,0.0,14.0,1.0
368051060,2024-06-14 11:27:38+00:00,40.65507,-74.04599,0.0,286.5,13.0,KRISTY ANN,IMO9862774,WDK4022,57,1.0,123.0,24.0,5.1,57.0,A,False,False,False,False,False,False,False,False,False,False,True,False,2024-06-14 11:24:38+00:00,40.65507,-74.04595,180.0,3.0,False,0.0018219769260871112,0.03643953852174222,1.205509041064839,0.0,0.0,0.03643953852174222,286.5,0.0,13.0,0.0
368051060,2024-06-14 11:30:37+00:00,40.65508,-74.04604,0.0,286.5,13.0,KRISTY ANN,IMO9862774,WDK4022,57,1.0,123.0,24.0,5.1,57.0,A,False,False,False,False,False,False,False,False,False,False,True,False,2024-06-14 11:27:38+00:00,40.65507,-74.04599,179.0,2.9833333333333334,False,0.002355283377062834,0.04736882769511845,1.2078643244419018,0.0,0.0,0.04736882769511845,286.5,0.0,13.0,0.0
368051060,2024-06-14 11:33:36+00:00,40.65513,-74.04611,0.1,286.5,12.0,KRISTY ANN,IMO9862774,WDK4022,57,1.0,123.0,24.0,5.1,57.0,A,False,False,False,False,False,False,False,False,False,False,True,False,2024-06-14 11:30:37+00:00,40.65508,-74.04604,179.0,2.9833333333333334,False,0.004379315745084081,0.08807562392347873,1.2122436401869858,0.1,0.0335195530726257,-0.011924376076521276,286.5,0.0,13.0,1.0
368051060,2024-06-14 11:36:40+00:00,40.65516,-74.04624,0.1,286.5,13.0,KRISTY ANN,IMO9862774,WDK4022,57,1.0,123.0,24.0,5.1,57.0,A,False,False,False,False,False,False,False,False,False,False,True,False,2024-06-14 11:33:36+00:00,40.65513,-74.04611,184.0,3.066666666666667,False,0.006189310667723767,0.12109520871633456,1.2184329508547096,0.0,0.0,0.02109520871633455,286.5,0.0,12.0,1.0
368051060,2024-06-14 11:39:36+00:00,40.6552,-74.04632,0.1,286.5,16.0,KRISTY ANN,IMO9862774,WDK4022,57,1.0,123.0,24.0,5.1,57.0,A,False,False,False,False,False,False,False,False,False,False,True,False,2024-06-14 11:36:40+00:00,40.65516,-74.04624,176.0,2.933333333333333,False,0.004364186861416643,0.08926745852897679,1.2227971377161262,0.0,0.0,-0.010732541471023219,286.5,0.0,13.0,3.0
368051060,2024-06-14 11:42:36+00:00,40.65516,-74.04626,0.2,107.1,23.0,KRISTY ANN,IMO9862774,WDK4022,57,1.0,123.0,24.0,5.1,57.0,A,False,False,False,False,False,False,False,False,False,False,True,False,2024-06-14 11:39:36+00:00,40.6552,-74.04632,180.0,3.0,False,0.003638247690957829,0.07276495381915657,1.226435385407084,0.1,0.03333333333333333,-0.12723504618084344,286.5,179.4,16.0,7.0
368051060,2024-06-14 11:45:38+00:00,40.65514,-74.04594,0.4,95.5,24.0,KRISTY ANN,IMO9862774,WDK4022,57,1.0,123.0,24.0,5.1,57.0,A,False,False,False,False,False,False,False,False,False,False,True,False,2024-06-14 11:42:36+00:00,40.65516,-74.04626,182.0,3.033333333333333,False,0.01462517788101772,0.2892892328113395,1.2410605632881018,0.2,0.06593406593406594,-0.11071076718866052,107.1,11.599999999999994,23.0,1.0
368051060,2024-06-14 11:48:41+00:00,40.65509,-74.04548,0.3,91.8,18.0,KRISTY ANN,IMO9862774,WDK4022,57,1.0,123.0,24.0,5.1,57.0,A,False,False,False,False,False,False,False,False,False,False,True,False,2024-06-14 11:45:38+00:00,40.65514,-74.04594,183.0,3.05,False,0.021166687017305563,0.4163938429633881,1.2622272503054073,-0.10000000000000003,-0.032786885245901655,0.11639384296338812,95.5,3.6999999999999886,24.0,6.0
368051060,2024-06-14 11:51:36+00:00,40.65505,-74.04516,0.2,102.0,7.0,KRISTY ANN,IMO9862774,WDK4022,57,1.0,123.0,24.0,5.1,57.0,A,False,False,False,False,False,False,False,False,False,False,True,False,2024-06-14 11:48:41+00:00,40.65509,-74.04548,175.0,2.9166666666666665,False,0.014772344629651515,0.30388823238140256,1.2769995949350588,-0.09999999999999998,-0.03428571428571428,0.10388823238140255,91.8,10.199999999999989,18.0,11.0
368051060,2024-06-14 11:54:36+00:00,40.65502,-74.04509,0.0,101.1,0.0,KRISTY ANN,IMO9862774,WDK4022,57,1.0,123.0,24.0,5.1,57.0,A,False,False,False,False,False,False,False,False,False,False,True,False,2024-06-14 11:51:36+00:00,40.65505,-74.04516,180.0,3.0,False,0.003662056341531024,0.07324112683062048,1.2806616512765898,-0.2,-0.06666666666666667,0.07324112683062048,102.0,0.9000000000000057,7.0,7.0
368051060,2024-06-14 11:57:36+00:00,40.655,-74.04519,0.1,101.1,359.0,KRISTY ANN,IMO9862774,WDK4022,57,1.0,123.0,24.0,5.1,57.0,A,False,False,False,False,False,False,False,False,False,False,True,False,2024-06-14 11:54:36+00:00,40.65502,-74.04509,180.0,3.0,False,0.0047105710456137595,0.09421142091227519,1.2853722223222035,0.1,0.03333333333333333,-0.0057885790877248156,101.1,0.0,0.0,1.0
368051060,2024-06-14 12:00:39+00:00,40.655,-74.04531,0.0,101.1,1.0,KRISTY ANN,IMO9862774,WDK4022,57,1.0,123.0,24.0,5.1,57.0,A,False,False,False,False,False,False,False,False,False,False,True,False,2024-06-14 11:57:36+00:00,40.655,-74.04519,183.0,3.05,False,0.005465936512467811,0.10752661991739955,1.2908381588346713,-0.1,-0.03278688524590164,0.10752661991739955,101.1,0.0,359.0,2.0
368051060,2024-06-14 12:03:39+00:00,40.65501,-74.04531,0.0,101.1,3.0,KRISTY ANN,IMO9862774,WDK4022,57,1.0,123.0,24.0,5.1,57.0,A,False,False,False,False,False,False,False,False,False,False,True,False,2024-06-14 12:00:39+00:00,40.655,-74.04531,180.0,3.0,False,0.0006004046070267217,0.012008092140534433,1.291438563441698,0.0,0.0,0.012008092140534433,101.1,0.0,1.0,2.0
368051060,2024-06-14 12:06:36+00:00,40.655,-74.04535,0.1,101.1,3.0,KRISTY ANN,IMO9862774,WDK4022,57,1.0,123.0,24.0,5.1,57.0,A,False,False,False,False,False,False,False,False,False,False,True,False,2024-06-14 12:03:39+00:00,40.65501,-74.04531,177.0,2.95,False,0.0019183566085156003,0.03901742254608001,1.2933569200502137,0.1,0.03389830508474576,-0.060982577453919995,101.1,0.0,3.0,0.0
368051060,2024-06-14 12:09:39+00:00,40.65499,-74.04539,0.0,101.1,4.0,KRISTY ANN,IMO9862774,WDK4022,57,1.0,123.0,24.0,5.1,57.0,A,False,False,False,False,False,False,False,False,False,False,True,False,2024-06-14 12:06:36+00:00,40.655,-74.04535,183.0,3.05,False,0.0019183568685506454,0.03773816790591433,1.2952752769187643,-0.1,-0.03278688524590164,0.03773816790591433,101.1,0.0,3.0,1.0
368051060,2024-06-14 12:12:37+00:00,40.655,-74.04542,0.0,101.1,4.0,KRISTY ANN,IMO9862774,WDK4022,57,1.0,123.0,24.0,5.1,57.0,A,False,False,False,False,False,False,False,False,False,False,True,False,2024-06-14 12:09:39+00:00,40.65499,-74.04539,178.0,2.966666666666667,False,0.0014925698789939915,0.030186806541451516,1.2967678467977584,0.0,0.0,0.030186806541451516,101.1,0.0,4.0,0.0
368051060,2024-06-14 12:15:36+00:00,40.65502,-74.04552,0.1,101.1,0.0,KRISTY ANN,IMO9862774,WDK4022,57,1.0,123.0,24.0,5.1,57.0,A,False,False,False,False,False,False,False,False,False,False,True,False,2024-06-14 12:12:37+00:00,40.655,-74.04542,179.0,2.9833333333333334,False,0.0047105710456137595,0.0947377416994946,1.301478417843372,0.1,0.0335195530726257,-0.005262258300505404,101.1,0.0,4.0,4.0
368051060,2024-06-14 12:18:40+00:00,40.65512,-74.04594,0.5,291.8,359.0,KRISTY ANN,IMO9862774,WDK4022,57,1.0,123.0,24.0,5.1,57.0,A,False,False,False,False,False,False,False,False,False,False,True,False,2024-06-14 12:15:36+00:00,40.65502,-74.04552,184.0,3.066666666666667,False,0.02005079699792567,0.3922982021333283,1.3215292148412976,0.4,0.13043478260869565,-0.10770179786667172,101.1,169.29999999999995,0.0,1.0
368051060,2024-06-14 12:21:35+00:00,40.65532,-74.0466,0.6,282.0,7.0,KRISTY ANN,IMO9862774,WDK4022,57,1.0,123.0,24.0,5.1,57.0,A,False,False,False,False,False,False,False,False,False,False,True,False,2024-06-14 12:18:40+00:00,40.65512,-74.04594,175.0,2.9166666666666665,False,0.03237207579024503,0.6659398448278977,1.3539012906315426,0.09999999999999998,0.03428571428571428,0.06593984482789772,291.8,9.800000000000011,359.0,8.0
368051060,2024-06-14 12:24:38+00:00,40.6554,-74.04711,0.1,288.7,27.0,KRISTY ANN,IMO9862774,WDK4022,57,1.0,123.0,24.0,5.1,57.0,A,False,False,False,False,False,False,False,False,False,False,True,False,2024-06-14 12:21:35+00:00,40.65532,-74.0466,183.0,3.05,False,0.023721485088057624,0.46665216566670736,1.3776227757196002,-0.5,-0.1639344262295082,0.36665216566670733,282.0,6.699999999999989,7.0,20.0
368051060,2024-06-14 12:27:36+00:00,40.65534,-74.04703,0.1,133.2,34.0,KRISTY ANN,IMO9862774,WDK4022,57,1.0,123.0,24.0,5.1,57.0,A,False,False,False,False,False,False,False,False,False,False,True,False,2024-06-14 12:24:38+00:00,40.6554,-74.04711,178.0,2.966666666666667,False,0.005124037976757216,0.10363222874340436,1.3827468136963574,0.0,0.0,0.003632228743404353,288.7,155.5,27.0,7.0
368051060,2024-06-14 12:30:38+00:00,40.65521,-74.04668,0.4,109.1,36.0,KRISTY ANN,IMO9862774,WDK4022,57,1.0,123.0,24.0,5.1,57.0,A,False,False,False,False,False,False,False,False,False,False,True,False,2024-06-14 12:27:36+00:00,40.65534,-74.04703,182.0,3.033333333333333,False,0.01775041940172134,0.3511071969571254,1.4004972330980787,0.30000000000000004,0.09890109890109892,-0.04889280304287463,133.2,24.099999999999994,34.0,2.0
368051060,2024-06-14 12:33:36+00:00,40.65509,-74.04609,0.5,100.7,31.0,KRISTY ANN,IMO9862774,WDK4022,57,1.0,123.0,24.0,5.1,57.0,A,False,False,False,False,False,False,False,False,False,False,True,False,2024-06-14 12:30:38+00:00,40.65521,-74.04668,178.0,2.966666666666667,False,0.027823167773028866,0.5627157527129434,1.4283204008711077,0.09999999999999998,0.03370786516853932,0.06271575271294338,109.1,8.399999999999977,36.0,5.0
368051060,2024-06-14 12:36:35+00:00,40.65504,-74.04569,0.2,109.0,21.0,KRISTY ANN,IMO9862774,WDK4022,57,1.0,123.0,24.0,5.1,57.0,A,False,False,False,False,False,False,False,False,False,False,True,False,2024-06-14 12:33:36+00:00,40.65509,-74.04609,179.0,2.9833333333333334,False,0.018465432134763295,0.3713718194700998,1.446785833005871,-0.3,-0.10055865921787709,0.17137181947009977,100.7,8.300000000000011,31.0,10.0
368051060,2024-06-14 12:39:39+00:00,40.65497,-74.04559,0.1,113.5,13.0,KRISTY ANN,IMO9862774,WDK4022,57,1.0,123.0,24.0,5.1,57.0,A,False,False,False,False,False,False,False,False,False,False,True,False,2024-06-14 12:36:35+00:00,40.65504,-74.04569,184.0,3.066666666666667,False,0.006197688185509312,0.12125911667300826,1.4529835211913802,-0.1,-0.03260869565217391,0.021259116673008255,109.0,4.5,21.0,8.0
368051060,2024-06-14 12:42:40+00:00,40.65495,-74.04571,0.1,113.5,8.0,KRISTY ANN,IMO9862774,WDK4022,57,1.0,123.0,24.0,5.1,57.0,A,False,False,False,False,False,False,False,False,False,False,True,False,2024-06-14 12:39:39+00:00,40.65497,-74.04559,181.0,3.0166666666666666,False,0.005596288104217953,0.1113073877082024,1.4585798092955982,0.0,0.0,0.011307387708202388,113.5,0.0,13.0,5.0
368051060,2024-06-14 12:45:39+00:00,40.65495,-74.04583,0.1,113.5,6.0,KRISTY ANN,IMO9862774,WDK4022,57,1.0,123.0,24.0,5.1,57.0,A,False,False,False,False,False,False,False,False,False,False,True,False,2024-06-14 12:42:40+00:00,40.65495,-74.04571,179.0,2.9833333333333334,False,0.005465940608738774,0.10992953179586361,1.464045749904337,0.0,0.0,0.009929531795863603,113.5,0.0,8.0,2.0
368051060,2024-06-14 12:48:39+00:00,40.65499,-74.04596,0.0,113.5,9.0,KRISTY ANN,IMO9862774,WDK4022,57,1.0,123.0,24.0,5.1,57.0,A,False,False,False,False,False,False,False,False,False,False,True,False,2024-06-14 12:45:39+00:00,40.65495,-74.04583,180.0,3.0,False,0.006389925689783015,0.1277985137956603,1.47043567559412,-0.1,-0.03333333333333333,0.1277985137956603,113.5,0.0,6.0,3.0
368051060,2024-06-14 12:51:41+00:00,40.655,-74.04601,0.0,113.5,10.0,KRISTY ANN,IMO9862774,WDK4022,57,1.0,123.0,24.0,5.1,57.0,A,False,False,False,False,False,False,False,False,False,False,True,False,2024-06-14 12:48:39+00:00,40.65499,-74.04596,182.0,3.033333333333333,False,0.002355286018253773,0.04658807508633837,1.4727909616123738,0.0,0.0,0.04658807508633837,113.5,0.0,9.0,1.0
368051060,2024-06-14 12:54:36+00:00,40.65499,-74.04601,0.0,113.5,15.0,KRISTY ANN,IMO9862774,WDK4022,57,1.0,123.0,24.0,5.1,57.0,A,False,False,False,False,False,False,False,False,False,False,True,False,2024-06-14 12:51:41+00:00,40.655,-74.04601,175.0,2.9166666666666665,False,0.0006004046074086456,0.012351180495263568,1.4733913662197824,0.0,0.0,0.012351180495263568,113.5,0.0,10.0,5.0
368051060,2024-06-14 12:57:36+00:00,40.65498,-74.04586,0.1,113.5,15.0,KRISTY ANN,IMO9862774,WDK4022,57,1.0,123.0,24.0,5.1,57.0,A,False,False,False,False,False,False,False,False,False,False,True,False,2024-06-14 12:54:36+00:00,40.65499,-74.04601,180.0,3.0,False,0.006858751962794495,0.1371750392558899,1.480250118182577,0.1,0.03333333333333333,0.037175039255889886,113.5,0.0,15.0,0.0
368051060,2024-06-14 13:00:36+00:00,40.65498,-74.04568,0.1,87.8,14.0,KRISTY ANN,IMO9862774,WDK4022,57,1.0,123.0,24.0,5.1,57.0,A,False,False,False,False,False,False,False,False,False,False,True,False,2024-06-14 12:57:36+00:00,40.65498,-74.04586,180.0,3.0,False,0.008198907226174503,0.16397814452349005,1.4884490254087515,0.0,0.0,0.06397814452349004,113.5,25.69999999999999,15.0,1.0
368051060,2024-06-14 13:03:36+00:00,40.65498,-74.04548,0.1,95.3,10.0,KRISTY ANN,IMO9862774,WDK4022,57,1.0,123.0,24.0,5.1,57.0,A,False,False,False,False,False,False,False,False,False,False,True,False,2024-06-14 13:00:36+00:00,40.65498,-74.04568,180.0,3.0,False,0.009109896918100071,0.1821979383620014,1.4975589223268515,0.0,0.0,0.0821979383620014,87.8,7.5,14.0,4.0
368051060,2024-06-14 13:06:39+00:00,40.65494,-74.04548,0.2,257.8,2.0,KRISTY ANN,IMO9862774,WDK4022,57,1.0,123.0,24.0,5.1,57.0,A,False,False,False,False,False,False,False,False,False,False,True,False,2024-06-14 13:03:36+00:00,40.65498,-74.04548,183.0,3.05,False,0.002401618429252658,0.047244952706609666,1.499960540756104,0.1,0.03278688524590164,-0.15275504729339034,95.3,162.5,10.0,8.0
368051060,2024-06-14 13:09:41+00:00,40.65501,-74.04596,0.5,287.2,359.0,KRISTY ANN,IMO9862774,WDK4022,57,1.0,123.0,24.0,5.1,57.0,A,False,False,False,False,False,False,False,False,False,False,True,False,2024-06-14 13:06:39+00:00,40.65494,-74.04548,182.0,3.033333333333333,False,0.022264041601910606,0.44038763608174825,1.5222245823580147,0.3,0.0989010989010989,-0.059612363918251754,257.8,29.399999999999977,2.0,3.0
368051060,2024-06-14 13:12:38+00:00,40.65516,-74.04647,0.4,296.9,6.0,KRISTY ANN,IMO9862774,WDK4022,57,1.0,123.0,24.0,5.1,57.0,A,False,False,False,False,False,False,False,False,False,False,True,False,2024-06-14 13:09:41+00:00,40.65501,-74.04596,177.0,2.95,False,0.024914885107022697,0.5067434259055464,1.5471394674650374,-0.09999999999999998,-0.033898305084745756,0.10674342590554642,287.2,9.699999999999989,359.0,7.0
368051060,2024-06-14 13:15:42+00:00,40.65527,-74.04681,0.1,281.6,19.0,KRISTY ANN,IMO9862774,WDK4022,57,1.0,123.0,24.0,5.1,57.0,A,False,False,False,False,False,False,False,False,False,False,True,False,2024-06-14 13:12:38+00:00,40.65516,-74.04647,184.0,3.066666666666667,False,0.016836235338578382,0.3294046044504466,1.5639757028036159,-0.30000000000000004,-0.09782608695652174,0.2294046044504466,296.9,15.299999999999955,6.0,13.0
368051060,2024-06-14 13:18:38+00:00,40.65522,-74.04679,0.2,105.8,30.0,KRISTY ANN,IMO9862774,WDK4022,57,1.0,123.0,24.0,5.1,57.0,A,False,False,False,False,False,False,False,False,False,False,True,False,2024-06-14 13:15:42+00:00,40.65527,-74.04681,176.0,2.933333333333333,False,0.0031372022468720466,0.06417004595874641,1.567112905050488,0.1,0.034090909090909095,-0.1358299540412536,281.6,175.8,19.0,11.0
368051060,2024-06-14 13:21:41+00:00,40.65513,-74.04642,0.4,102.9,30.0,KRISTY ANN,IMO9862774,WDK4022,57,1.0,123.0,24.0,5.1,57.0,A,False,False,False,False,False,False,False,False,False,False,True,False,2024-06-14 13:18:38+00:00,40.65522,-74.04679,183.0,3.05,False,0.017698353456919974,0.34816433030006505,1.584811258507408,0.2,0.06557377049180328,-0.05183566969993497,105.8,2.8999999999999773,30.0,0.0
368051060,2024-06-14 13:24:36+00:00,40.65506,-74.04597,0.3,99.6,25.0,KRISTY ANN,IMO9862774,WDK4022,57,1.0,123.0,24.0,5.1,57.0,A,False,False,False,False,False,False,False,False,False,False,True,False,2024-06-14 13:21:41+00:00,40.65513,-74.04642,175.0,2.9166666666666665,False,0.02092367913995693,0.43042997087911394,1.6057349376473649,-0.10000000000000003,-0.0342857142857143,0.13042997087911395,102.9,3.3000000000000114,30.0,5.0
368051060,2024-06-14 13:27:40+00:00,40.65501,-74.04564,0.1,101.9,17.0,KRISTY ANN,IMO9862774,WDK4022,57,1.0,123.0,24.0,5.1,57.0,A,False,False,False,False,False,False,False,False,False,False,True,False,2024-06-14 13:24:36+00:00,40.65506,-74.04597,184.0,3.066666666666667,False,0.015328165212419276,0.29989888459081193,1.6210631028597842,-0.19999999999999998,-0.06521739130434781,0.19989888459081193,99.6,2.3000000000000114,25.0,8.0
368051060,2024-06-14 13:30:41+00:00,40.65497,-74.04558,0.0,101.9,9.0,KRISTY ANN,IMO9862774,WDK4022,57,1.0,123.0,24.0,5.1,57.0,A,False,False,False,False,False,False,False,False,False,False,True,False,2024-06-14 13:27:40+00:00,40.65501,-74.04564,181.0,3.0166666666666666,False,0.003638253538428651,0.0723630538030008,1.624701356398213,-0.1,-0.03314917127071824,0.0723630538030008,101.9,0.0,17.0,8.0
368051060,2024-06-14 13:33:41+00:00,40.65495,-74.04569,0.1,101.9,4.0,KRISTY ANN,IMO9862774,WDK4022,57,1.0,123.0,24.0,5.1,57.0,A,False,False,False,False,False,False,False,False,False,False,True,False,2024-06-14 13:30:41+00:00,40.65497,-74.04558,180.0,3.0,False,0.005152329563164024,0.10304659126328047,1.6298536859613768,0.1,0.03333333333333333,0.003046591263280468,101.9,0.0,9.0,5.0
368051060,2024-06-14 13:36:36+00:00,40.65499,-74.04596,0.2,280.1,5.0,KRISTY ANN,IMO9862774,WDK4022,57,1.0,123.0,24.0,5.1,57.0,A,False,False,False,False,False,False,False,False,False,False,True,False,2024-06-14 13:33:41+00:00,40.65495,-74.04569,175.0,2.9166666666666665,False,0.012530662223203022,0.2577736228773193,1.64238434818458,0.1,0.03428571428571429,0.0577736228773193,101.9,178.20000000000005,4.0,1.0
368051060,2024-06-14 13:39:42+00:00,40.65504,-74.04617,0.1,291.7,8.0,KRISTY ANN,IMO9862774,WDK4022,57,1.0,123.0,24.0,5.1,57.0,A,False,False,False,False,False,False,False,False,False,False,True,False,2024-06-14 13:36:36+00:00,40.65499,-74.04596,186.0,3.1,False,0.010025406023035928,0.19404011657488893,1.652409754207616,-0.1,-0.03225806451612903,0.09404011657488892,280.1,11.599999999999966,5.0,3.0
368051060,2024-06-14 13:42:36+00:00,40.65505,-74.04625,0.0,291.7,15.0,KRISTY ANN,IMO9862774,WDK4022,57,1.0,123.0,24.0,5.1,57.0,A,False,False,False,False,False,False,False,False,False,False,True,False,2024-06-14 13:39:42+00:00,40.65504,-74.04617,174.0,2.9,False,0.00369308750454805,0.0764087069906493,1.656102841712164,-0.1,-0.034482758620689655,0.0764087069906493,291.7,0.0,8.0,7.0
368051060,2024-06-14 13:45:44+00:00,40.65503,-74.04612,0.1,291.7,18.0,KRISTY ANN,IMO9862774,WDK4022,57,1.0,123.0,24.0,5.1,57.0,A,False,False,False,False,False,False,False,False,False,False,True,False,2024-06-14 13:42:36+00:00,40.65505,-74.04625,188.0,3.1333333333333333,False,0.0060419573354560056,0.11569705535979584,1.66214479904762,0.1,0.03191489361702128,0.015697055359795833,291.7,0.0,15.0,3.0
368051060,2024-06-14 13:48:41+00:00,40.655,-74.04601,0.0,291.7,16.0,KRISTY ANN,IMO9862774,WDK4022,57,1.0,123.0,24.0,5.1,57.0,A,False,False,False,False,False,False,False,False,False,False,True,False,2024-06-14 13:45:44+00:00,40.65503,-74.04612,177.0,2.95,False,0.005324367286736664,0.10829221600142368,1.6674691663343566,-0.1,-0.03389830508474576,0.10829221600142368,291.7,0.0,18.0,2.0
368051060,2024-06-14 13:51:46+00:00,40.65499,-74.04591,0.0,291.7,14.0,KRISTY ANN,IMO9862774,WDK4022,57,1.0,123.0,24.0,5.1,57.0,A,False,False,False,False,False,False,False,False,False,False,True,False,2024-06-14 13:48:41+00:00,40.655,-74.04601,185.0,3.0833333333333335,False,0.0045943478125599485,0.08940352500116656,1.6720635141469165,0.0,0.0,0.08940352500116656,291.7,0.0,16.0,2.0
368051060,2024-06-14 13:54:36+00:00,40.655,-74.04589,0.0,291.7,12.0,KRISTY ANN,IMO9862774,WDK4022,57,1.0,123.0,24.0,5.1,57.0,A,False,False,False,False,False,False,False,False,False,False,True,False,2024-06-14 13:51:46+00:00,40.65499,-74.04591,170.0,2.8333333333333335,False,0.0010910488248593727,0.02310456334996319,1.673154562971776,0.0,0.0,0.02310456334996319,291.7,0.0,14.0,2.0
368051060,2024-06-14 13:57:36+00:00,40.65498,-74.04589,0.0,291.7,11.0,KRISTY ANN,IMO9862774,WDK4022,57,1.0,123.0,24.0,5.1,57.0,A,False,False,False,False,False,False,False,False,False,False,True,False,2024-06-14 13:54:36+00:00,40.655,-74.04589,180.0,3.0,False,0.001200809214817291,0.02401618429634582,1.6743553721865931,0.0,0.0,0.02401618429634582,291.7,0.0,12.0,1.0
368051060,2024-06-14 14:00:41+00:00,40.65498,-74.0459,0.0,291.7,11.0,KRISTY ANN,IMO9862774,WDK4022,57,1.0,123.0,24.0,5.1,57.0,A,False,False,False,False,False,False,False,False,False,False,True,False,2024-06-14 13:57:36+00:00,40.65498,-74.04589,185.0,3.0833333333333335,False,0.00045549484596305056,0.008863683489010715,1.674810867032556,0.0,0.0,0.008863683489010715,291.7,0.0,11.0,0.0
368051060,2024-06-14 14:03:36+00:00,40.65499,-74.04583,0.0,291.7,10.0,KRISTY ANN,IMO9862774,WDK4022,57,1.0,123.0,24.0,5.1,57.0,A,False,False,False,False,False,False,False,False,False,False,True,False,2024-06-14 14:00:41+00:00,40.65498,-74.0459,175.0,2.9166666666666665,False,0.003244500939910725,0.06674401933530634,1.6780553679724668,0.0,0.0,0.06674401933530634,291.7,0.0,11.0,1.0
368051060,2024-06-14 14:06:42+00:00,40.65498,-74.04583,0.0,291.7,6.0,KRISTY ANN,IMO9862774,WDK4022,57,1.0,123.0,24.0,5.1,57.0,A,False,False,False,False,False,False,False,False,False,False,True,False,2024-06-14 14:03:36+00:00,40.65499,-74.04583,186.0,3.1,False,0.0006004046074086456,0.011620734336941529,1.6786557725798754,0.0,0.0,0.011620734336941529,291.7,0.0,10.0,4.0
368051060,2024-06-14 14:09:36+00:00,40.65499,-74.04592,0.1,291.7,4.0,KRISTY ANN,IMO9862774,WDK4022,57,1.0,123.0,24.0,5.1,57.0,A,False,False,False,False,False,False,False,False,False,False,True,False,2024-06-14 14:06:42+00:00,40.65498,-74.04583,174.0,2.9,False,0.004143187553030238,0.08572112178683251,1.6827989601329056,0.1,0.034482758620689655,-0.014278878213167492,291.7,0.0,6.0,2.0
368051060,2024-06-14 14:12:43+00:00,40.65499,-74.04601,0.0,291.7,7.0,KRISTY ANN,IMO9862774,WDK4022,57,1.0,123.0,24.0,5.1,57.0,A,False,False,False,False,False,False,False,False,False,False,True,False,2024-06-14 14:09:36+00:00,40.65499,-74.04592,187.0,3.1166666666666667,False,0.004099452998647018,0.07891995077609233,1.6868984131315528,-0.1,-0.03208556149732621,0.07891995077609233,291.7,0.0,4.0,3.0
368051060,2024-06-14 14:15:40+00:00,40.65502,-74.04612,0.0,291.7,8.0,KRISTY ANN,IMO9862774,WDK4022,57,1.0,123.0,24.0,5.1,57.0,A,False,False,False,False,False,False,False,False,False,False,True,False,2024-06-14 14:12:43+00:00,40.65499,-74.04601,177.0,2.95,False,0.005324367993571158,0.10829223037771847,1.6922227811251238,0.0,0.0,0.10829223037771847,291.7,0.0,7.0,1.0
368051060,2024-06-14 14:18:36+00:00,40.65502,-74.04616,0.0,291.7,9.0,KRISTY ANN,IMO9862774,WDK4022,57,1.0,123.0,24.0,5.1,57.0,A,False,False,False,False,False,False,False,False,False,False,True,False,2024-06-14 14:15:40+00:00,40.65502,-74.04612,176.0,2.933333333333333,False,0.0018219782915127086,0.037267737780941765,1.6940447594166366,0.0,0.0,0.037267737780941765,291.7,0.0,8.0,1.0
368051060,2024-06-14 14:21:41+00:00,40.65501,-74.04619,0.0,291.7,12.0,KRISTY ANN,IMO9862774,WDK4022,57,1.0,123.0,24.0,5.1,57.0,A,False,False,False,False,False,False,False,False,False,False,True,False,2024-06-14 14:18:36+00:00,40.65502,-74.04616,185.0,3.0833333333333335,False,0.0014925695039701467,0.029044595752932584,1.6955373289206068,0.0,0.0,0.029044595752932584,291.7,0.0,9.0,3.0
368051060,2024-06-14 14:24:36+00:00,40.65502,-74.04618,0.0,291.7,13.0,KRISTY ANN,IMO9862774,WDK4022,57,1.0,123.0,24.0,5.1,57.0,A,False,False,False,False,False,False,False,False,False,False,True,False,2024-06-14 14:21:41+00:00,40.65501,-74.04619,175.0,2.9166666666666665,False,0.0007536318922977427,0.015503284641553563,1.6962909608129046,0.0,0.0,0.015503284641553563,291.7,0.0,12.0,1.0
368051060,2024-06-14 14:27:42+00:00,40.655,-74.04613,0.0,291.7,15.0,KRISTY ANN,IMO9862774,WDK4022,57,1.0,123.0,24.0,5.1,57.0,A,False,False,False,False,False,False,False,False,False,False,True,False,2024-06-14 14:24:36+00:00,40.65502,-74.04618,186.0,3.1,False,0.002574650844749348,0.04983195183385835,1.698865611657654,0.0,0.0,0.04983195183385835,291.7,0.0,13.0,2.0
368051060,2024-06-14 14:30:36+00:00,40.655,-74.04602,0.1,291.7,14.0,KRISTY ANN,IMO9862774,WDK4022,57,1.0,123.0,24.0,5.1,57.0,A,False,False,False,False,False,False,False,False,False,False,True,False,2024-06-14 14:27:42+00:00,40.655,-74.04613,174.0,2.9,False,0.005010441803047264,0.10366431316649512,1.7038760534607011,0.1,0.034482758620689655,0.0036643131664951117,291.7,0.0,15.0,1.0
368051060,2024-06-14 14:33:36+00:00,40.65499,-74.04592,0.0,291.7,13.0,KRISTY ANN,IMO9862774,WDK4022,57,1.0,123.0,24.0,5.1,57.0,A,False,False,False,False,False,False,False,False,False,False,True,False,2024-06-14 14:30:36+00:00,40.655,-74.04602,180.0,3.0,False,0.00459434781313447,0.09188695626268939,1.7084704012738356,-0.1,-0.03333333333333333,0.09188695626268939,291.7,0.0,14.0,1.0
368051060,2024-06-14 14:36:40+00:00,40.65495,-74.04578,0.0,291.7,11.0,KRISTY ANN,IMO9862774,WDK4022,57,1.0,123.0,24.0,5.1,57.0,A,False,False,False,False,False,False,False,False,False,False,True,False,2024-06-14 14:33:36+00:00,40.65499,-74.04592,184.0,3.066666666666667,False,0.006814175811013299,0.13332083108504278,1.715284577084849,0.0,0.0,0.13332083108504278,291.7,0.0,13.0,2.0
368051060,2024-06-14 14:39:37+00:00,40.65496,-74.0457,0.0,291.7,10.0,KRISTY ANN,IMO9862774,WDK4022,57,1.0,123.0,24.0,5.1,57.0,A,False,False,False,False,False,False,False,False,False,False,True,False,2024-06-14 14:36:40+00:00,40.65495,-74.04578,177.0,2.95,False,0.003693092354680341,0.07511374280705778,1.7189776694395293,0.0,0.0,0.07511374280705778,291.7,0.0,11.0,1.0
368051060,2024-06-14 14:42:42+00:00,40.65495,-74.04566,0.1,291.7,8.0,KRISTY ANN,IMO9862774,WDK4022,57,1.0,123.0,24.0,5.1,57.0,A,False,False,False,False,False,False,False,False,False,False,True,False,2024-06-14 14:39:37+00:00,40.65496,-74.0457,185.0,3.0833333333333335,False,0.0019183579054603168,0.0373302078900386,1.7208960273449896,0.1,0.032432432432432434,-0.0626697921099614,291.7,0.0,10.0,2.0
368051060,2024-06-14 14:45:41+00:00,40.65494,-74.04563,0.0,291.7,4.0,KRISTY ANN,IMO9862774,WDK4022,57,1.0,123.0,24.0,5.1,57.0,A,False,False,False,False,False,False,False,False,False,False,True,False,2024-06-14 14:42:42+00:00,40.65495,-74.04566,179.0,2.9833333333333334,False,0.0014925708165530167,0.03001818402006067,1.7223885981615426,-0.1,-0.0335195530726257,0.03001818402006067,291.7,0.0,8.0,4.0
368051060,2024-06-14 14:48:42+00:00,40.65495,-74.04573,0.1,291.7,3.0,KRISTY ANN,IMO9862774,WDK4022,57,1.0,123.0,24.0,5.1,57.0,A,False,False,False,False,False,False,False,False,False,False,True,False,2024-06-14 14:45:41+00:00,40.65494,-74.04563,181.0,3.0166666666666666,False,0.004594351197419157,0.09137936083264622,1.7269829493589617,0.1,0.03314917127071824,-0.008620639167353783,291.7,0.0,4.0,1.0
368051060,2024-06-14 14:51:40+00:00,40.65498,-74.04583,0.1,291.7,6.0,KRISTY ANN,IMO9862774,WDK4022,57,1.0,123.0,24.0,5.1,57.0,A,False,False,False,False,False,False,False,False,False,False,True,False,2024-06-14 14:48:42+00:00,40.65495,-74.04573,178.0,2.966666666666667,False,0.004898156389957596,0.09906383710026598,1.7318811057489192,0.0,0.0,-0.0009361628997340277,291.7,0.0,3.0,3.0
368051060,2024-06-14 14:54:36+00:00,40.65499,-74.04593,0.0,291.7,10.0,KRISTY ANN,IMO9862774,WDK4022,57,1.0,123.0,24.0,5.1,57.0,A,False,False,False,False,False,False,False,False,False,False,True,False,2024-06-14 14:51:40+00:00,40.65498,-74.04583,176.0,2.933333333333333,False,0.004594348489991679,0.09397531002255706,1.736475454238911,-0.1,-0.034090909090909095,0.09397531002255706,291.7,0.0,6.0,4.0
368051060,2024-06-14 14:57:40+00:00,40.65501,-74.04592,0.0,291.7,12.0,KRISTY ANN,IMO9862774,WDK4022,57,1.0,123.0,24.0,5.1,57.0,A,False,False,False,False,False,False,False,False,False,False,True,False,2024-06-14 14:54:36+00:00,40.65499,-74.04593,184.0,3.066666666666667,False,0.0012842967724724195,0.025127545548373424,1.7377597510113834,0.0,0.0,0.025127545548373424,291.7,0.0,10.0,2.0
368051060,2024-06-14 15:00:41+00:00,40.65498,-74.04582,0.1,291.7,12.0,KRISTY ANN,IMO9862774,WDK4022,57,1.0,123.0,24.0,5.1,57.0,A,False,False,False,False,False,False,False,False,False,False,True,False,2024-06-14 14:57:40+00:00,40.65501,-74.04592,181.0,3.0166666666666666,False,0.004898154485331942,0.09742185716682317,1.7426579054967153,0.1,0.03314917127071824,-0.0025781428331768386,291.7,0.0,12.0,0.0
368051060,2024-06-14 15:03:39+00:00,40.65499,-74.04568,0.1,291.7,13.0,KRISTY ANN,IMO9862774,WDK4022,57,1.0,123.0,24.0,5.1,57.0,A,False,False,False,False,False,False,False,False,False,False,True,False,2024-06-14 15:00:41+00:00,40.65498,-74.04582,178.0,2.966666666666667,False,0.006405129843425233,0.1295419518894991,1.7490630353401406,0.0,0.0,0.029541951889499096,291.7,0.0,12.0,1.0
368051060,2024-06-14 15:06:42+00:00,40.65501,-74.04558,0.0,291.7,13.0,KRISTY ANN,IMO9862774,WDK4022,57,1.0,123.0,24.0,5.1,57.0,A,False,False,False,False,False,False,False,False,False,False,True,False,2024-06-14 15:03:39+00:00,40.65499,-74.04568,183.0,3.05,False,0.004710571705771025,0.09266698437582345,1.7537736070459116,-0.1,-0.03278688524590164,0.09266698437582345,291.7,0.0,13.0,0.0
368051060,2024-06-14 15:09:40+00:00,40.65503,-74.04549,0.0,291.7,12.0,KRISTY ANN,IMO9862774,WDK4022,57,1.0,123.0,24.0,5.1,57.0,A,False,False,False,False,False,False,False,False,False,False,True,False,2024-06-14 15:06:42+00:00,40.65501,-74.04558,178.0,2.966666666666667,False,0.0042717025346294055,0.08639398384643741,1.758045309580541,0.0,0.0,0.08639398384643741,291.7,0.0,13.0,1.0
368051060,2024-06-14 15:12:40+00:00,40.65504,-74.0454,0.1,291.7,14.0,KRISTY ANN,IMO9862774,WDK4022,57,1.0,123.0,24.0,5.1,57.0,A,False,False,False,False,False,False,False,False,False,False,True,False,2024-06-14 15:09:40+00:00,40.65503,-74.04549,180.0,3.0,False,0.00414318451330948,0.0828636902661896,1.7621884940938506,0.1,0.03333333333333333,-0.017136309733810404,291.7,0.0,12.0,2.0
368051060,2024-06-14 15:15:39+00:00,40.65509,-74.04527,0.1,291.7,15.0,KRISTY ANN,IMO9862774,WDK4022,57,1.0,123.0,24.0,5.1,57.0,A,False,False,False,False,False,False,False,False,False,False,True,False,2024-06-14 15:12:40+00:00,40.65504,-74.0454,179.0,2.9833333333333334,False,0.006638932271659304,0.1335204255752709,1.76882742636551,0.0,0.0,0.03352042557527091,291.7,0.0,14.0,1.0
368051060,2024-06-14 15:18:42+00:00,40.65514,-74.04519,0.0,291.7,17.0,KRISTY ANN,IMO9862774,WDK4022,57,1.0,123.0,24.0,5.1,57.0,A,False,False,False,False,False,False,False,False,False,False,True,False,2024-06-14 15:15:39+00:00,40.65509,-74.04527,183.0,3.05,False,0.004721284155101267,0.09287772108395935,1.7735487105206111,-0.1,-0.03278688524590164,0.09287772108395935,291.7,0.0,15.0,2.0
368051060,2024-06-14 15:21:36+00:00,40.65521,-74.0451,0.1,291.7,17.0,KRISTY ANN,IMO9862774,WDK4022,57,1.0,123.0,24.0,5.1,57.0,A,False,False,False,False,False,False,False,False,False,False,True,False,2024-06-14 15:18:42+00:00,40.65514,-74.04519,174.0,2.9,False,0.005871049362821192,0.12146998681699019,1.7794197598834323,0.1,0.034482758620689655,0.02146998681699018,291.7,0.0,17.0,0.0
368051060,2024-06-14 15:24:43+00:00,40.65528,-74.04506,0.0,291.7,18.0,KRISTY ANN,IMO9862774,WDK4022,57,1.0,123.0,24.0,5.1,57.0,A,False,False,False,False,False,False,False,False,False,False,True,False,2024-06-14 15:21:36+00:00,40.65521,-74.0451,187.0,3.1166666666666667,False,0.004580762101823745,0.0881857944736122,1.784000521985256,-0.1,-0.03208556149732621,0.0881857944736122,291.7,0.0,17.0,1.0
368051060,2024-06-14 15:27:41+00:00,40.65535,-74.04501,0.0,291.7,20.0,KRISTY ANN,IMO9862774,WDK4022,57,1.0,123.0,24.0,5.1,57.0,A,False,False,False,False,False,False,False,False,False,False,True,False,2024-06-14 15:24:43+00:00,40.65528,-74.04506,178.0,2.966666666666667,False,0.004780233855547685,0.09667888696613296,1.7887807558408035,0.0,0.0,0.09667888696613296,291.7,0.0,18.0,2.0
368051060,2024-06-14 15:30:44+00:00,40.65542,-74.04498,0.0,291.7,20.0,KRISTY ANN,IMO9862774,WDK4022,57,1.0,123.0,24.0,5.1,57.0,A,False,False,False,False,False,False,False,False,False,False,True,False,2024-06-14 15:27:41+00:00,40.65535,-74.04501,183.0,3.05,False,0.004419395462785935,0.0869389271367725,1.7932001513035896,0.0,0.0,0.0869389271367725,291.7,0.0,20.0,0.0
368051060,2024-06-14 15:33:42+00:00,40.65544,-74.04494,0.0,291.7,19.0,KRISTY ANN,IMO9862774,WDK4022,57,1.0,123.0,24.0,5.1,57.0,A,False,False,False,False,False,False,False,False,False,False,True,False,2024-06-14 15:30:44+00:00,40.65542,-74.04498,178.0,2.966666666666667,False,0.0021820877302614955,0.0441321113985471,1.795382239033851,0.0,0.0,0.0441321113985471,291.7,0.0,20.0,1.0
368051060,2024-06-14 15:36:45+00:00,40.65544,-74.04488,0.0,291.7,19.0,KRISTY ANN,IMO9862774,WDK4022,57,1.0,123.0,24.0,5.1,57.0,A,False,False,False,False,False,False,False,False,False,False,True,False,2024-06-14 15:33:42+00:00,40.65544,-74.04494,183.0,3.05,False,0.0027329502322623335,0.053762955388767214,1.7981151892661134,0.0,0.0,0.053762955388767214,291.7,0.0,19.0,0.0
368051060,2024-06-14 15:39:41+00:00,40.65545,-74.0448,0.0,291.7,16.0,KRISTY ANN,IMO9862774,WDK4022,57,1.0,123.0,24.0,5.1,57.0,A,False,False,False,False,False,False,False,False,False,False,True,False,2024-06-14 15:36:45+00:00,40.65544,-74.04488,176.0,2.933333333333333,False,0.003693065948871069,0.07553998531781732,1.8018082552149843,0.0,0.0,0.07553998531781732,291.7,0.0,19.0,3.0
368051060,2024-06-14 15:42:46+00:00,40.65548,-74.04476,0.1,291.7,15.0,KRISTY ANN,IMO9862774,WDK4022,57,1.0,123.0,24.0,5.1,57.0,A,False,False,False,False,False,False,False,False,False,False,True,False,2024-06-14 15:39:41+00:00,40.65545,-74.0448,185.0,3.0833333333333335,False,0.0025620171436401408,0.04985546874110544,1.8043702723586246,0.1,0.032432432432432434,-0.050144531258894565,291.7,0.0,16.0,1.0
368051060,2024-06-14 15:45:37+00:00,40.65555,-74.0447,0.1,291.7,13.0,KRISTY ANN,IMO9862774,WDK4022,57,1.0,123.0,24.0,5.1,57.0,A,False,False,False,False,False,False,False,False,False,False,True,False,2024-06-14 15:42:46+00:00,40.65548,-74.04476,171.0,2.85,False,0.005013262321801202,0.10554236466949898,1.8093835346804257,0.0,0.0,0.005542364669498978,291.7,0.0,15.0,2.0
368051060,2024-06-14 15:48:36+00:00,40.65566,-74.04469,0.1,291.7,16.0,KRISTY ANN,IMO9862774,WDK4022,57,1.0,123.0,24.0,5.1,57.0,A,False,False,False,False,False,False,False,False,False,False,True,False,2024-06-14 15:45:37+00:00,40.65555,-74.0447,179.0,2.9833333333333334,False,0.006620139006226143,0.13314246046041403,1.8160036736866518,0.0,0.0,0.033142460460414025,291.7,0.0,13.0,3.0
368051060,2024-06-14 15:51:40+00:00,40.65576,-74.04462,0.0,291.7,13.0,KRISTY ANN,IMO9862774,WDK4022,57,1.0,123.0,24.0,5.1,57.0,A,False,False,False,False,False,False,False,False,False,False,True,False,2024-06-14 15:48:36+00:00,40.65566,-74.04469,184.0,3.066666666666667,False,0.006798135697468438,0.1330070027765564,1.8228018093841203,-0.1,-0.03260869565217391,0.1330070027765564,291.7,0.0,16.0,3.0
368051060,2024-06-14 15:54:39+00:00,40.6558,-74.04452,0.1,291.7,9.0,KRISTY ANN,IMO9862774,WDK4022,57,1.0,123.0,24.0,5.1,57.0,A,False,False,False,False,False,False,False,False,False,False,True,False,2024-06-14 15:51:40+00:00,40.65576,-74.04462,179.0,2.9833333333333334,False,0.005149255187227686,0.10356043951966296,1.827951064571348,0.1,0.0335195530726257,0.00356043951966295,291.7,0.0,13.0,4.0
368051060,2024-06-14 15:57:39+00:00,40.65589,-74.04447,0.1,291.7,6.0,KRISTY ANN,IMO9862774,WDK4022,57,1.0,123.0,24.0,5.1,57.0,A,False,False,False,False,False,False,False,False,False,False,True,False,2024-06-14 15:54:39+00:00,40.6558,-74.04452,180.0,3.0,False,0.005863965847787782,0.11727931695575564,1.8338150304191356,0.0,0.0,0.01727931695575563,291.7,0.0,9.0,3.0
368051060,2024-06-14 16:00:39+00:00,40.65594,-74.04434,0.1,291.7,357.0,KRISTY ANN,IMO9862774,WDK4022,57,1.0,123.0,24.0,5.1,57.0,A,False,False,False,False,False,False,False,False,False,False,True,False,2024-06-14 15:57:39+00:00,40.65589,-74.04447,180.0,3.0,False,0.006638864984230408,0.13277729968460814,1.840453895403366,0.0,0.0,0.03277729968460813,291.7,0.0,6.0,9.0
368051060,2024-06-14 16:03:39+00:00,40.65597,-74.04427,0.0,291.7,354.0,KRISTY ANN,IMO9862774,WDK4022,57,1.0,123.0,24.0,5.1,57.0,A,False,False,False,False,False,False,False,False,False,False,True,False,2024-06-14 16:00:39+00:00,40.65594,-74.04434,180.0,3.0,False,0.003662018060846605,0.0732403612169321,1.8441159134642127,-0.1,-0.03333333333333333,0.0732403612169321,291.7,0.0,357.0,3.0
368051060,2024-06-14 16:06:42+00:00,40.65601,-74.04434,0.0,291.7,356.0,KRISTY ANN,IMO9862774,WDK4022,57,1.0,123.0,24.0,5.1,57.0,A,False,False,False,False,False,False,False,False,False,False,True,False,2024-06-14 16:03:39+00:00,40.65597,-74.04427,183.0,3.05,False,0.003991712096244258,0.07852548386054278,1.848107625560457,0.0,0.0,0.07852548386054278,291.7,0.0,354.0,2.0
368051060,2024-06-14 16:09:37+00:00,40.65603,-74.04441,0.0,291.7,357.0,KRISTY ANN,IMO9862774,WDK4022,57,1.0,123.0,24.0,5.1,57.0,A,False,False,False,False,False,False,False,False,False,False,True,False,2024-06-14 16:06:42+00:00,40.65601,-74.04434,175.0,2.9166666666666665,False,0.003407040944860786,0.07008769943713616,1.8515146665053177,0.0,0.0,0.07008769943713616,291.7,0.0,356.0,1.0
368051060,2024-06-14 16:12:43+00:00,40.65606,-74.0445,0.1,291.7,357.0,KRISTY ANN,IMO9862774,WDK4022,57,1.0,123.0,24.0,5.1,57.0,A,False,False,False,False,False,False,False,False,False,False,True,False,2024-06-14 16:09:37+00:00,40.65603,-74.04441,186.0,3.1,False,0.004477650570935453,0.08666420459875071,1.8559923170762531,0.1,0.03225806451612903,-0.013335795401249295,291.7,0.0,357.0,0.0
368051060,2024-06-14 16:15:42+00:00,40.65615,-74.04464,0.1,291.7,357.0,KRISTY ANN,IMO9862774,WDK4022,57,1.0,123.0,24.0,5.1,57.0,A,False,False,False,False,False,False,False,False,False,False,True,False,2024-06-14 16:12:43+00:00,40.65606,-74.0445,179.0,2.9833333333333334,False,0.008358419612353155,0.16810229387972825,1.8643507366886063,0.0,0.0,0.06810229387972824,291.7,0.0,357.0,0.0
368051060,2024-06-14 16:18:41+00:00,40.65625,-74.04475,0.1,321.7,357.0,KRISTY ANN,IMO9862774,WDK4022,57,1.0,123.0,24.0,5.1,57.0,A,False,False,False,False,False,False,False,False,False,False,True,False,2024-06-14 16:15:42+00:00,40.65615,-74.04464,179.0,2.9833333333333334,False,0.007819986780430867,0.1572734771483303,1.8721707234690372,0.0,0.0,0.05727347714833028,291.7,30.0,357.0,0.0
368051060,2024-06-14 16:21:43+00:00,40.65638,-74.04482,0.1,315.7,352.0,KRISTY ANN,IMO9862774,WDK4022,57,1.0,123.0,24.0,5.1,57.0,A,False,False,False,False,False,False,False,False,False,False,True,False,2024-06-14 16:18:41+00:00,40.65625,-74.04475,182.0,3.033333333333333,False,0.008431368653162935,0.1667743250076185,1.8806020921222002,0.0,0.0,0.06677432500761848,321.7,6.0,357.0,5.0
368051060,2024-06-14 16:24:37+00:00,40.65646,-74.04484,0.0,313.6,346.0,KRISTY ANN,IMO9862774,WDK4022,57,1.0,123.0,24.0,5.1,57.0,A,False,False,False,False,False,False,False,False,False,False,True,False,2024-06-14 16:21:43+00:00,40.65638,-74.04482,174.0,2.9,False,0.004888859858518051,0.10114882465899415,1.8854909519807181,-0.1,-0.034482758620689655,0.10114882465899415,315.7,2.099999999999966,352.0,6.0
368051060,2024-06-14 16:27:37+00:00,40.65651,-74.04486,0.0,313.6,339.0,KRISTY ANN,IMO9862774,WDK4022,57,1.0,123.0,24.0,5.1,57.0,A,False,False,False,False,False,False,False,False,False,False,True,False,2024-06-14 16:24:37+00:00,40.65646,-74.04484,180.0,3.0,False,0.0031371973302701645,0.06274394660540329,1.8886281493109882,0.0,0.0,0.06274394660540329,313.6,0.0,346.0,7.0
368051060,2024-06-14 16:30:42+00:00,40.65651,-74.0448,0.0,313.6,326.0,KRISTY ANN,IMO9862774,WDK4022,57,1.0,123.0,24.0,5.1,57.0,A,False,False,False,False,False,False,False,False,False,False,True,False,2024-06-14 16:27:37+00:00,40.65651,-74.04486,185.0,3.0833333333333335,False,0.0027329064018517192,0.05318088133333076,1.89136105571284,0.0,0.0,0.05318088133333076,313.6,0.0,339.0,13.0
368051060,2024-06-14 16:33:37+00:00,40.65648,-74.0447,0.0,313.6,314.0,KRISTY ANN,IMO9862774,WDK4022,57,1.0,123.0,24.0,5.1,57.0,A,False,False,False,False,False,False,False,False,False,False,True,False,2024-06-14 16:30:42+00:00,40.65651,-74.0448,175.0,2.9166666666666665,False,0.004898059252716306,0.10076007605587829,1.8962591149655563,0.0,0.0,0.10076007605587829,313.6,0.0,326.0,12.0
368051060,2024-06-14 16:36:44+00:00,40.65645,-74.04463,0.0,313.6,305.0,KRISTY ANN,IMO9862774,WDK4022,57,1.0,123.0,24.0,5.1,57.0,A,False,False,False,False,False,False,False,False,False,False,True,False,2024-06-14 16:33:37+00:00,40.65648,-74.0447,187.0,3.1166666666666667,False,0.0036619968397913717,0.07049833488368416,1.8999211118053476,0.0,0.0,0.07049833488368416,313.6,0.0,314.0,9.0
368051060,2024-06-14 16:39:40+00:00,40.65648,-74.04449,0.1,313.6,297.0,KRISTY ANN,IMO9862774,WDK4022,57,1.0,123.0,24.0,5.1,57.0,A,False,False,False,False,False,False,False,False,False,False,True,False,2024-06-14 16:36:44+00:00,40.65645,-74.04463,176.0,2.933333333333333,False,0.00662629381411946,0.13553782801607986,1.9065474056194671,0.1,0.034090909090909095,0.03553782801607985,313.6,0.0,305.0,8.0
368051060,2024-06-14 16:42:45+00:00,40.65659,-74.04436,0.1,40.3,284.0,KRISTY ANN,IMO9862774,WDK4022,57,1.0,123.0,24.0,5.1,57.0,A,False,False,False,False,False,False,False,False,False,False,True,False,2024-06-14 16:39:40+00:00,40.65648,-74.04449,185.0,3.0833333333333335,False,0.008870203102599103,0.17260935767219876,1.9154176087220662,0.0,0.0,0.07260935767219875,313.6,86.69999999999999,297.0,13.0
368051060,2024-06-14 16:45:39+00:00,40.65667,-74.04422,0.1,48.7,278.0,KRISTY ANN,IMO9862774,WDK4022,57,1.0,123.0,24.0,5.1,57.0,A,False,False,False,False,False,False,False,False,False,False,True,False,2024-06-14 16:42:45+00:00,40.65659,-74.04436,174.0,2.9,False,0.007983375329687754,0.1651732826831949,1.923400984051754,0.0,0.0,0.06517328268319489,40.3,8.400000000000006,284.0,6.0
368051060,2024-06-14 16:48:43+00:00,40.65679,-74.04408,0.2,33.1,270.0,KRISTY ANN,IMO9862774,WDK4022,57,1.0,123.0,24.0,5.1,57.0,A,False,False,False,False,False,False,False,False,False,False,True,False,2024-06-14 16:45:39+00:00,40.65667,-74.04422,184.0,3.066666666666667,False,0.009621487159115323,0.18824648789573456,1.9330224712108695,0.1,0.03260869565217391,-0.011753512104265451,48.7,15.599999999999994,278.0,8.0
368051060,2024-06-14 16:51:37+00:00,40.65688,-74.04393,0.1,54.4,265.0,KRISTY ANN,IMO9862774,WDK4022,57,1.0,123.0,24.0,5.1,57.0,A,False,False,False,False,False,False,False,False,False,False,True,False,2024-06-14 16:48:43+00:00,40.65679,-74.04408,174.0,2.9,False,0.008710840661726654,0.18022428955296524,1.9417333118725961,-0.1,-0.034482758620689655,0.08022428955296523,33.1,21.30000000000001,270.0,5.0
368051060,2024-06-14 16:54:41+00:00,40.65692,-74.04374,0.1,54.4,266.0,KRISTY ANN,IMO9862774,WDK4022,57,1.0,123.0,24.0,5.1,57.0,A,False,False,False,False,False,False,False,False,False,False,True,False,2024-06-14 16:51:37+00:00,40.65688,-74.04393,184.0,3.066666666666667,False,0.008981210133888671,0.17571932870651746,1.9507145220064848,0.0,0.0,0.07571932870651746,54.4,0.0,265.0,1.0
368051060,2024-06-14 16:57:38+00:00,40.657,-74.04358,0.1,55.0,265.0,KRISTY ANN,IMO9862774,WDK4022,57,1.0,123.0,24.0,5.1,57.0,A,False,False,False,False,False,False,False,False,False,False,True,False,2024-06-14 16:54:41+00:00,40.65692,-74.04374,177.0,2.95,False,0.008728211373530342,0.17752294319044765,1.959442733380015,0.0,0.0,0.07752294319044764,54.4,0.5999999999999943,266.0,1.0
368051060,2024-06-14 17:00:42+00:00,40.65712,-74.04345,0.1,33.1,264.0,KRISTY ANN,IMO9862774,WDK4022,57,1.0,123.0,24.0,5.1,57.0,A,False,False,False,False,False,False,False,False,False,False,True,False,2024-06-14 16:57:38+00:00,40.657,-74.04358,184.0,3.066666666666667,False,0.009325830911630346,0.1824619091405937,1.9687685642916455,0.0,0.0,0.0824619091405937,55.0,21.900000000000006,265.0,1.0
368051060,2024-06-14 17:03:39+00:00,40.65724,-74.04337,0.1,25.8,261.0,KRISTY ANN,IMO9862774,WDK4022,57,1.0,123.0,24.0,5.1,57.0,A,False,False,False,False,False,False,False,False,False,False,True,False,2024-06-14 17:00:42+00:00,40.65712,-74.04345,177.0,2.95,False,0.008073877601386063,0.16421445968920806,1.9768424418930315,0.0,0.0,0.06421445968920805,33.1,7.300000000000011,264.0,3.0
368051060,2024-06-14 17:06:41+00:00,40.65743,-74.04327,0.1,12.6,255.0,KRISTY ANN,IMO9862774,WDK4022,57,1.0,123.0,24.0,5.1,57.0,A,False,False,False,False,False,False,False,False,False,False,True,False,2024-06-14 17:03:39+00:00,40.65724,-74.04337,182.0,3.033333333333333,False,0.012283380062395915,0.24296795727816095,1.9891258219554273,0.0,0.0,0.14296795727816095,25.8,13.199999999999989,261.0,6.0
368051060,2024-06-14 17:09:43+00:00,40.65762,-74.04331,0.1,328.5,245.0,KRISTY ANN,IMO9862774,WDK4022,57,1.0,123.0,24.0,5.1,57.0,A,False,False,False,False,False,False,False,False,False,False,True,False,2024-06-14 17:06:41+00:00,40.65743,-74.04327,182.0,3.033333333333333,False,0.011552259112871104,0.2285062242106372,2.0006780810682985,0.0,0.0,0.1285062242106372,12.6,44.10000000000002,255.0,10.0
368051060,2024-06-14 17:12:39+00:00,40.65773,-74.04342,0.1,328.5,237.0,KRISTY ANN,IMO9862774,WDK4022,57,1.0,123.0,24.0,5.1,57.0,A,False,False,False,False,False,False,False,False,False,False,True,False,2024-06-14 17:09:43+00:00,40.65762,-74.04331,176.0,2.933333333333333,False,0.008289830080279196,0.169564706187529,2.0089679111485776,0.0,0.0,0.069564706187529,328.5,0.0,245.0,8.0
368051060,2024-06-14 17:15:41+00:00,40.65783,-74.04353,0.1,328.5,231.0,KRISTY ANN,IMO9862774,WDK4022,57,1.0,123.0,24.0,5.1,57.0,A,False,False,False,False,False,False,False,False,False,False,True,False,2024-06-14 17:12:39+00:00,40.65773,-74.04342,182.0,3.033333333333333,False,0.007819910753865155,0.15467955337315692,2.016787821902443,0.0,0.0,0.054679553373156914,328.5,0.0,237.0,6.0
368051060,2024-06-14 17:18:38+00:00,40.65793,-74.04362,0.1,328.5,224.0,KRISTY ANN,IMO9862774,WDK4022,57,1.0,123.0,24.0,5.1,57.0,A,False,False,False,False,False,False,False,False,False,False,True,False,2024-06-14 17:15:41+00:00,40.65783,-74.04353,177.0,2.95,False,0.007269981308080749,0.1478640266050322,2.0240578032105234,0.0,0.0,0.047864026605032195,328.5,0.0,231.0,7.0
368051060,2024-06-14 17:21:38+00:00,40.65802,-74.0437,0.1,328.5,218.0,KRISTY ANN,IMO9862774,WDK4022,57,1.0,123.0,24.0,5.1,57.0,A,False,False,False,False,False,False,False,False,False,False,True,False,2024-06-14 17:18:38+00:00,40.65793,-74.04362,180.0,3.0,False,0.006517406266448733,0.13034812532897463,2.030575209476972,0.0,0.0,0.03034812532897463,328.5,0.0,224.0,6.0
368051060,2024-06-14 17:24:37+00:00,40.65806,-74.04382,0.1,328.5,213.0,KRISTY ANN,IMO9862774,WDK4022,57,1.0,123.0,24.0,5.1,57.0,A,False,False,False,False,False,False,False,False,False,False,True,False,2024-06-14 17:21:38+00:00,40.65802,-74.0437,179.0,2.9833333333333334,False,0.005970051121555349,0.12006806724915785,2.0365452605985275,0.0,0.0,0.020068067249157842,328.5,0.0,218.0,5.0
368051060,2024-06-14 17:27:37+00:00,40.65815,-74.04397,0.1,328.5,208.0,KRISTY ANN,IMO9862774,WDK4022,57,1.0,123.0,24.0,5.1,57.0,A,False,False,False,False,False,False,False,False,False,False,True,False,2024-06-14 17:24:37+00:00,40.65806,-74.04382,180.0,3.0,False,0.0087107386489874,0.17421477297974797,2.045255999247515,0.0,0.0,0.07421477297974796,328.5,0.0,213.0,5.0
368051060,2024-06-14 17:30:39+00:00,40.65819,-74.04409,0.1,328.5,204.0,KRISTY ANN,IMO9862774,WDK4022,57,1.0,123.0,24.0,5.1,57.0,A,False,False,False,False,False,False,False,False,False,False,True,False,2024-06-14 17:27:37+00:00,40.65815,-74.04397,182.0,3.033333333333333,False,0.005970041370394389,0.1180887304034055,2.0512260406179093,0.0,0.0,0.0180887304034055,328.5,0.0,208.0,4.0
368051060,2024-06-14 17:33:41+00:00,40.65823,-74.04419,0.0,328.5,200.0,KRISTY ANN,IMO9862774,WDK4022,57,1.0,123.0,24.0,5.1,57.0,A,False,False,False,False,False,False,False,False,False,False,True,False,2024-06-14 17:30:39+00:00,40.65819,-74.04409,182.0,3.033333333333333,False,0.0051491084326663146,0.10185049647032271,2.0563751490505755,-0.1,-0.03296703296703297,0.10185049647032271,328.5,0.0,204.0,4.0
368051060,2024-06-14 17:36:38+00:00,40.65829,-74.04428,0.0,328.5,196.0,KRISTY ANN,IMO9862774,WDK4022,57,1.0,123.0,24.0,5.1,57.0,A,False,False,False,False,False,False,False,False,False,False,True,False,2024-06-14 17:33:41+00:00,40.65823,-74.04419,177.0,2.95,False,0.005457229376035674,0.11099449578377643,2.0618323784266113,0.0,0.0,0.11099449578377643,328.5,0.0,200.0,4.0
368051060,2024-06-14 17:39:39+00:00,40.65831,-74.04432,0.0,328.5,196.0,KRISTY ANN,IMO9862774,WDK4022,57,1.0,123.0,24.0,5.1,57.0,A,False,False,False,False,False,False,False,False,False,False,True,False,2024-06-14 17:36:38+00:00,40.65829,-74.04428,181.0,3.0166666666666666,False,0.0021820222875193083,0.04339933831530116,2.0640144007141306,0.0,0.0,0.04339933831530116,328.5,0.0,196.0,0.0
368051060,2024-06-14 17:42:42+00:00,40.65834,-74.04439,0.0,328.5,195.0,KRISTY ANN,IMO9862774,WDK4022,57,1.0,123.0,24.0,5.1,57.0,A,False,False,False,False,False,False,False,False,False,False,True,False,2024-06-14 17:39:39+00:00,40.65831,-74.04432,183.0,3.05,False,0.00366191944313828,0.07203775953714649,2.0676763201572688,0.0,0.0,0.07203775953714649,328.5,0.0,196.0,1.0
368051060,2024-06-14 17:45:42+00:00,40.65838,-74.04443,0.0,328.5,193.0,KRISTY ANN,IMO9862774,WDK4022,57,1.0,123.0,24.0,5.1,57.0,A,False,False,False,False,False,False,False,False,False,False,True,False,2024-06-14 17:42:42+00:00,40.65834,-74.04439,180.0,3.0,False,0.0030144723592746615,0.06028944718549323,2.0706907925165434,0.0,0.0,0.06028944718549323,328.5,0.0,195.0,2.0
368051060,2024-06-14 17:48:43+00:00,40.65837,-74.04445,0.0,328.5,196.0,KRISTY ANN,IMO9862774,WDK4022,57,1.0,123.0,24.0,5.1,57.0,A,False,False,False,False,False,False,False,False,False,False,True,False,2024-06-14 17:45:42+00:00,40.65838,-74.04443,181.0,3.0166666666666666,False,0.0010910102885148803,0.02169965214725729,2.071781802805058,0.0,0.0,0.02169965214725729,328.5,0.0,193.0,3.0
368051060,2024-06-14 17:51:42+00:00,40.65837,-74.04448,0.0,328.5,197.0,KRISTY ANN,IMO9862774,WDK4022,57,1.0,123.0,24.0,5.1,57.0,A,False,False,False,False,False,False,False,False,False,False,True,False,2024-06-14 17:48:43+00:00,40.65837,-74.04445,179.0,2.9833333333333334,False,0.0013664151031179952,0.027480974140920572,2.073148217908176,0.0,0.0,0.027480974140920572,328.5,0.0,196.0,1.0
368051060,2024-06-14 17:54:45+00:00,40.65842,-74.04457,0.0,328.5,196.0,KRISTY ANN,IMO9862774,WDK4022,57,1.0,123.0,24.0,5.1,57.0,A,False,False,False,False,False,False,False,False,False,False,True,False,2024-06-14 17:51:42+00:00,40.65837,-74.04448,183.0,3.05,False,0.00508093907007534,0.09995289973918701,2.0782291569782516,0.0,0.0,0.09995289973918701,328.5,0.0,197.0,1.0
368051060,2024-06-14 17:57:37+00:00,40.65838,-74.04458,0.0,328.5,197.0,KRISTY ANN,IMO9862774,WDK4022,57,1.0,123.0,24.0,5.1,57.0,A,False,False,False,False,False,False,False,False,False,False,True,False,2024-06-14 17:54:45+00:00,40.65842,-74.04457,172.0,2.8666666666666667,False,0.0024444274102053344,0.05116243416708839,2.0806735843884567,0.0,0.0,0.05116243416708839,328.5,0.0,196.0,1.0
368051060,2024-06-14 18:00:43+00:00,40.65839,-74.04464,0.0,328.5,198.0,KRISTY ANN,IMO9862774,WDK4022,57,1.0,123.0,24.0,5.1,57.0,A,False,False,False,False,False,False,False,False,False,False,True,False,2024-06-14 17:57:37+00:00,40.65838,-74.04458,186.0,3.1,False,0.0027980070185817966,0.05415497455319607,2.0834715914070387,0.0,0.0,0.05415497455319607,328.5,0.0,197.0,1.0
368051060,2024-06-14 18:03:37+00:00,40.6584,-74.04467,0.0,328.5,196.0,KRISTY ANN,IMO9862774,WDK4022,57,1.0,123.0,24.0,5.1,57.0,A,False,False,False,False,False,False,False,False,False,False,True,False,2024-06-14 18:00:43+00:00,40.65839,-74.04464,174.0,2.9,False,0.0014925061230119654,0.03087943702783377,2.0849640975300505,0.0,0.0,0.03087943702783377,328.5,0.0,198.0,2.0
368051060,2024-06-14 18:06:37+00:00,40.65842,-74.0447,0.0,328.5,194.0,KRISTY ANN,IMO9862774,WDK4022,57,1.0,123.0,24.0,5.1,57.0,A,False,False,False,False,False,False,False,False,False,False,True,False,2024-06-14 18:03:37+00:00,40.6584,-74.04467,180.0,3.0,False,0.0018190741514706966,0.03638148302941393,2.086783171681521,0.0,0.0,0.03638148302941393,328.5,0.0,196.0,2.0
368051060,2024-06-14 18:09:37+00:00,40.65842,-74.04471,0.0,328.5,193.0,KRISTY ANN,IMO9862774,WDK4022,57,1.0,123.0,24.0,5.1,57.0,A,False,False,False,False,False,False,False,False,False,False,True,False,2024-06-14 18:06:37+00:00,40.65842,-74.0447,180.0,3.0,False,0.00045547135927338707,0.009109427185467742,2.0872386430407945,0.0,0.0,0.009109427185467742,328.5,0.0,194.0,1.0
368051060,2024-06-14 18:12:43+00:00,40.65841,-74.04468,0.1,328.5,191.0,KRISTY ANN,IMO9862774,WDK4022,57,1.0,123.0,24.0,5.1,57.0,A,False,False,False,False,False,False,False,False,False,False,True,False,2024-06-14 18:09:37+00:00,40.65842,-74.04471,186.0,3.1,False,0.0014925057478116595,0.028887208022161152,2.088731148788606,0.1,0.03225806451612903,-0.07111279197783885,328.5,0.0,193.0,2.0
368051060,2024-06-14 18:15:37+00:00,40.6584,-74.04455,0.0,328.5,191.0,KRISTY ANN,IMO9862774,WDK4022,57,1.0,123.0,24.0,5.1,57.0,A,False,False,False,False,False,False,False,False,False,False,True,False,2024-06-14 18:12:43+00:00,40.65841,-74.04468,174.0,2.9,False,0.005951491782146047,0.12313431273405616,2.094682640570752,-0.1,-0.034482758620689655,0.12313431273405616,328.5,0.0,191.0,0.0
368051060,2024-06-14 18:18:37+00:00,40.65836,-74.04442,0.1,328.5,193.0,KRISTY ANN,IMO9862774,WDK4022,57,1.0,123.0,24.0,5.1,57.0,A,False,False,False,False,False,False,False,False,False,False,True,False,2024-06-14 18:15:37+00:00,40.6584,-74.04455,180.0,3.0,False,0.0063896452241377615,0.1277929044827552,2.10107228579489,0.1,0.03333333333333333,0.027792904482755204,328.5,0.0,191.0,2.0
368051060,2024-06-14 18:21:41+00:00,40.65832,-74.04427,0.1,328.5,198.0,KRISTY ANN,IMO9862774,WDK4022,57,1.0,123.0,24.0,5.1,57.0,A,False,False,False,False,False,False,False,False,False,False,True,False,2024-06-14 18:18:37+00:00,40.65836,-74.04442,184.0,3.066666666666667,False,0.007241896777931312,0.1416892847856126,2.1083141825728213,0.0,0.0,0.041689284785612596,328.5,0.0,193.0,5.0
368051060,2024-06-14 18:24:38+00:00,40.65829,-74.04419,0.0,328.5,200.0,KRISTY ANN,IMO9862774,WDK4022,57,1.0,123.0,24.0,5.1,57.0,A,False,False,False,False,False,False,False,False,False,False,True,False,2024-06-14 18:21:41+00:00,40.65832,-74.04427,177.0,2.95,False,0.004064662743989639,0.0826711066574164,2.112378845316811,-0.1,-0.03389830508474576,0.0826711066574164,328.5,0.0,198.0,2.0
368051060,2024-06-14 18:27:37+00:00,40.65827,-74.04415,0.0,328.5,202.0,KRISTY ANN,IMO9862774,WDK4022,57,1.0,123.0,24.0,5.1,57.0,A,False,False,False,False,False,False,False,False,False,False,True,False,2024-06-14 18:24:38+00:00,40.65829,-74.04419,179.0,2.9833333333333334,False,0.002182022744270553,0.04388425630935191,2.1145608680610812,0.0,0.0,0.04388425630935191,328.5,0.0,200.0,2.0
368051060,2024-06-14 18:30:43+00:00,40.65827,-74.04413,0.0,328.5,200.0,KRISTY ANN,IMO9862774,WDK4022,57,1.0,123.0,24.0,5.1,57.0,A,False,False,False,False,False,False,False,False,False,False,True,False,2024-06-14 18:27:37+00:00,40.65827,-74.04415,186.0,3.1,False,0.0009109447679814508,0.0176311890577055,2.1154718128290626,0.0,0.0,0.0176311890577055,328.5,0.0,202.0,2.0
368051060,2024-06-14 18:33:41+00:00,40.65823,-74.0441,0.0,328.5,201.0,KRISTY ANN,IMO9862774,WDK4022,57,1.0,123.0,24.0,5.1,57.0,A,False,False,False,False,False,False,False,False,False,False,True,False,2024-06-14 18:30:43+00:00,40.65827,-74.04413,178.0,2.966666666666667,False,0.002763126495632043,0.05588345721503009,2.1182349393246946,0.0,0.0,0.05588345721503009,328.5,0.0,200.0,1.0
368051060,2024-06-14 18:36:37+00:00,40.65822,-74.04404,0.0,328.5,203.0,KRISTY ANN,IMO9862774,WDK4022,57,1.0,123.0,24.0,5.1,57.0,A,False,False,False,False,False,False,False,False,False,False,True,False,2024-06-14 18:33:41+00:00,40.65823,-74.0441,176.0,2.933333333333333,False,0.002798013420459686,0.05723209269122085,2.1210329527451544,0.0,0.0,0.05723209269122085,328.5,0.0,201.0,2.0
368051060,2024-06-14 18:39:37+00:00,40.65823,-74.04404,0.0,328.5,203.0,KRISTY ANN,IMO9862774,WDK4022,57,1.0,123.0,24.0,5.1,57.0,A,False,False,False,False,False,False,False,False,False,False,True,False,2024-06-14 18:36:37+00:00,40.65822,-74.04404,180.0,3.0,False,0.0006004046074086456,0.012008092148172913,2.121633357352563,0.0,0.0,0.012008092148172913,328.5,0.0,203.0,0.0
368051060,2024-06-14 18:42:41+00:00,40.65819,-74.04402,0.0,328.5,201.0,KRISTY ANN,IMO9862774,WDK4022,57,1.0,123.0,24.0,5.1,57.0,A,False,False,False,False,False,False,False,False,False,False,True,False,2024-06-14 18:39:37+00:00,40.65823,-74.04404,184.0,3.066666666666667,False,0.0025685780002771543,0.05025478696194432,2.1242019353528403,0.0,0.0,0.05025478696194432,328.5,0.0,203.0,2.0
368051060,2024-06-14 18:45:41+00:00,40.65815,-74.04395,0.0,328.5,205.0,KRISTY ANN,IMO9862774,WDK4022,57,1.0,123.0,24.0,5.1,57.0,A,False,False,False,False,False,False,False,False,False,False,True,False,2024-06-14 18:42:41+00:00,40.65819,-74.04402,180.0,3.0,False,0.003991628876784438,0.07983257753568876,2.128193564229625,0.0,0.0,0.07983257753568876,328.5,0.0,201.0,4.0
368051060,2024-06-14 18:48:42+00:00,40.65816,-74.04393,0.0,328.5,208.0,KRISTY ANN,IMO9862774,WDK4022,57,1.0,123.0,24.0,5.1,57.0,A,False,False,False,False,False,False,False,False,False,False,True,False,2024-06-14 18:45:41+00:00,40.65815,-74.04395,181.0,3.0166666666666666,False,0.0010910127968287117,0.021699702036372167,2.1292845770264535,0.0,0.0,0.021699702036372167,328.5,0.0,205.0,3.0
368051060,2024-06-14 18:51:37+00:00,40.65816,-74.04391,0.0,328.5,213.0,KRISTY ANN,IMO9862774,WDK4022,57,1.0,123.0,24.0,5.1,57.0,A,False,False,False,False,False,False,False,False,False,False,True,False,2024-06-14 18:48:42+00:00,40.65816,-74.04393,175.0,2.9166666666666665,False,0.0009109462700463709,0.018739466126668203,2.1301955232965,0.0,0.0,0.018739466126668203,328.5,0.0,208.0,5.0
368051060,2024-06-14 18:54:38+00:00,40.6582,-74.04399,0.1,328.5,215.0,KRISTY ANN,IMO9862774,WDK4022,57,1.0,123.0,24.0,5.1,57.0,A,False,False,False,False,False,False,False,False,False,False,True,False,2024-06-14 18:51:37+00:00,40.65816,-74.04391,181.0,3.0166666666666666,False,0.004364050048414961,0.08679878549333624,2.134559573344915,0.1,0.03314917127071824,-0.01320121450666377,328.5,0.0,213.0,2.0
368051060,2024-06-14 18:57:43+00:00,40.65824,-74.04407,0.0,328.5,214.0,KRISTY ANN,IMO9862774,WDK4022,57,1.0,123.0,24.0,5.1,57.0,A,False,False,False,False,False,False,False,False,False,False,True,False,2024-06-14 18:54:38+00:00,40.6582,-74.04399,185.0,3.0833333333333335,False,0.004364048224672414,0.08492201950713887,2.1389236215695875,-0.1,-0.032432432432432434,0.08492201950713887,328.5,0.0,215.0,1.0
368051060,2024-06-14 19:00:37+00:00,40.65825,-74.04414,0.0,328.5,214.0,KRISTY ANN,IMO9862774,WDK4022,57,1.0,123.0,24.0,5.1,57.0,A,False,False,False,False,False,False,False,False,False,False,True,False,2024-06-14 18:57:43+00:00,40.65824,-74.04407,174.0,2.9,False,0.003244347829761713,0.0671244378571389,2.1421679693993494,0.0,0.0,0.0671244378571389,328.5,0.0,214.0,0.0
368051060,2024-06-14 19:03:42+00:00,40.65828,-74.0442,0.1,328.5,214.0,KRISTY ANN,IMO9862774,WDK4022,57,1.0,123.0,24.0,5.1,57.0,A,False,False,False,False,False,False,False,False,False,False,True,False,2024-06-14 19:00:37+00:00,40.65825,-74.04414,185.0,3.0833333333333335,False,0.003273034629049653,0.06369148467339865,2.145441004028399,0.1,0.032432432432432434,-0.03630851532660136,328.5,0.0,214.0,0.0
368051060,2024-06-14 19:06:43+00:00,40.65831,-74.04424,0.0,328.5,213.0,KRISTY ANN,IMO9862774,WDK4022,57,1.0,123.0,24.0,5.1,57.0,A,False,False,False,False,False,False,False,False,False,False,True,False,2024-06-14 19:03:42+00:00,40.65828,-74.0442,181.0,3.0166666666666666,False,0.002561962182527164,0.05095615390661763,2.148002966210926,-0.1,-0.03314917127071824,0.05095615390661763,328.5,0.0,214.0,1.0
368051060,2024-06-14 19:09:37+00:00,40.65831,-74.04423,0.0,328.5,214.0,KRISTY ANN,IMO9862774,WDK4022,57,1.0,123.0,24.0,5.1,57.0,A,False,False,False,False,False,False,False,False,False,False,True,False,2024-06-14 19:06:43+00:00,40.65831,-74.04424,174.0,2.9,False,0.0004554721108875971,0.009423560914915802,2.1484584383218137,0.0,0.0,0.009423560914915802,328.5,0.0,213.0,1.0
368051060,2024-06-14 19:12:42+00:00,40.65832,-74.04424,0.0,328.5,211.0,KRISTY ANN,IMO9862774,WDK4022,57,1.0,123.0,24.0,5.1,57.0,A,False,False,False,False,False,False,False,False,False,False,True,False,2024-06-14 19:09:37+00:00,40.65831,-74.04423,185.0,3.0833333333333335,False,0.0007536182758896056,0.014665004287581515,2.1492120565977033,0.0,0.0,0.014665004287581515,328.5,0.0,214.0,3.0
368051060,2024-06-14 19:15:37+00:00,40.6583,-74.04422,0.0,328.5,211.0,KRISTY ANN,IMO9862774,WDK4022,57,1.0,123.0,24.0,5.1,57.0,A,False,False,False,False,False,False,False,False,False,False,True,False,2024-06-14 19:12:42+00:00,40.65832,-74.04424,175.0,2.9166666666666665,False,0.0015072365927394872,0.031006009907783735,2.1507192931904426,0.0,0.0,0.031006009907783735,328.5,0.0,211.0,0.0
368051060,2024-06-14 19:18:41+00:00,40.65833,-74.04414,0.0,328.5,214.0,KRISTY ANN,IMO9862774,WDK4022,57,1.0,123.0,24.0,5.1,57.0,A,False,False,False,False,False,False,False,False,False,False,True,False,2024-06-14 19:15:37+00:00,40.6583,-74.04422,184.0,3.066666666666667,False,0.004064662254341471,0.07952600062842008,2.1547839554447843,0.0,0.0,0.07952600062842008,328.5,0.0,211.0,3.0
368051060,2024-06-14 19:21:38+00:00,40.65838,-74.04409,0.0,328.5,215.0,KRISTY ANN,IMO9862774,WDK4022,57,1.0,123.0,24.0,5.1,57.0,A,False,False,False,False,False,False,False,False,False,False,True,False,2024-06-14 19:18:41+00:00,40.65833,-74.04414,177.0,2.95,False,0.0037680905519805767,0.0766391298707914,2.158552045996765,0.0,0.0,0.0766391298707914,328.5,0.0,214.0,1.0
368051060,2024-06-14 19:24:37+00:00,40.65842,-74.04406,0.0,328.5,214.0,KRISTY ANN,IMO9862774,WDK4022,57,1.0,123.0,24.0,5.1,57.0,A,False,False,False,False,False,False,False,False,False,False,True,False,2024-06-14 19:21:38+00:00,40.65838,-74.04409,179.0,2.9833333333333334,False,0.0027631249765546883,0.055571228578753504,2.1613151709733196,0.0,0.0,0.055571228578753504,328.5,0.0,215.0,1.0
368051060,2024-06-14 19:27:43+00:00,40.65847,-74.04399,0.1,328.5,216.0,KRISTY ANN,IMO9862774,WDK4022,57,1.0,123.0,24.0,5.1,57.0,A,False,False,False,False,False,False,False,False,False,False,True,False,2024-06-14 19:24:37+00:00,40.65842,-74.04406,186.0,3.1,False,0.004379199528756747,0.0847587005565822,2.1656943705020764,0.1,0.03225806451612903,-0.015241299443417802,328.5,0.0,214.0,2.0
368051060,2024-06-14 19:30:38+00:00,40.65854,-74.04397,0.1,328.5,218.0,KRISTY ANN,IMO9862774,WDK4022,57,1.0,123.0,24.0,5.1,57.0,A,False,False,False,False,False,False,False,False,False,False,True,False,2024-06-14 19:27:43+00:00,40.65847,-74.04399,175.0,2.9166666666666665,False,0.004300420149009389,0.08846578592247886,2.169994790651086,0.0,0.0,-0.011534214077521143,328.5,0.0,216.0,2.0
368051060,2024-06-14 19:33:37+00:00,40.65863,-74.04388,0.1,328.5,217.0,KRISTY ANN,IMO9862774,WDK4022,57,1.0,123.0,24.0,5.1,57.0,A,False,False,False,False,False,False,False,False,False,False,True,False,2024-06-14 19:30:38+00:00,40.65854,-74.04397,179.0,2.9833333333333334,False,0.006782554452005052,0.13640891635317423,2.176777345103091,0.0,0.0,0.036408916353174225,328.5,0.0,218.0,1.0
368051060,2024-06-14 19:36:37+00:00,40.65872,-74.04382,0.0,328.5,217.0,KRISTY ANN,IMO9862774,WDK4022,57,1.0,123.0,24.0,5.1,57.0,A,False,False,False,False,False,False,False,False,False,False,True,False,2024-06-14 19:33:37+00:00,40.65863,-74.04388,180.0,3.0,False,0.006055380561181612,0.12110761122363224,2.1828327256642726,-0.1,-0.03333333333333333,0.12110761122363224,328.5,0.0,217.0,0.0
368051060,2024-06-14 19:39:39+00:00,40.65875,-74.04382,0.0,328.5,215.0,KRISTY ANN,IMO9862774,WDK4022,57,1.0,123.0,24.0,5.1,57.0,A,False,False,False,False,False,False,False,False,False,False,True,False,2024-06-14 19:36:37+00:00,40.65872,-74.04382,182.0,3.033333333333333,False,0.0018012138214620892,0.035628405259689674,2.184633939485735,0.0,0.0,0.035628405259689674,328.5,0.0,217.0,2.0
368051060,2024-06-14 19:42:39+00:00,40.65874,-74.04379,0.0,328.5,216.0,KRISTY ANN,IMO9862774,WDK4022,57,1.0,123.0,24.0,5.1,57.0,A,False,False,False,False,False,False,False,False,False,False,True,False,2024-06-14 19:39:39+00:00,40.65875,-74.04382,180.0,3.0,False,0.0014924995600528004,0.029849991201056005,2.1861264390457875,0.0,0.0,0.029849991201056005,328.5,0.0,215.0,1.0
368051060,2024-06-14 19:45:38+00:00,40.65871,-74.04381,0.0,328.5,216.0,KRISTY ANN,IMO9862774,WDK4022,57,1.0,123.0,24.0,5.1,57.0,A,False,False,False,False,False,False,False,False,False,False,True,False,2024-06-14 19:42:39+00:00,40.65874,-74.04379,179.0,2.9833333333333334,False,0.0020184598789796974,0.040594723823055366,2.1881448989247674,0.0,0.0,0.040594723823055366,328.5,0.0,216.0,0.0
368051060,2024-06-14 19:48:38+00:00,40.65874,-74.04378,0.0,328.5,213.0,KRISTY ANN,IMO9862774,WDK4022,57,1.0,123.0,24.0,5.1,57.0,A,False,False,False,False,False,False,False,False,False,False,True,False,2024-06-14 19:45:38+00:00,40.65871,-74.04381,180.0,3.0,False,0.0022608497508533614,0.045216995017067226,2.1904057486756208,0.0,0.0,0.045216995017067226,328.5,0.0,216.0,3.0
368051060,2024-06-14 19:51:39+00:00,40.65871,-74.04374,0.1,328.5,212.0,KRISTY ANN,IMO9862774,WDK4022,57,1.0,123.0,24.0,5.1,57.0,A,False,False,False,False,False,False,False,False,False,False,True,False,2024-06-14 19:48:38+00:00,40.65874,-74.04378,181.0,3.0166666666666666,False,0.002561953831391383,0.05095598780667944,2.192967702507012,0.1,0.03314917127071824,-0.049044012193320566,328.5,0.0,213.0,1.0
368051060,2024-06-14 19:54:38+00:00,40.65867,-74.04366,0.0,328.5,212.0,KRISTY ANN,IMO9862774,WDK4022,57,1.0,123.0,24.0,5.1,57.0,A,False,False,False,False,False,False,False,False,False,False,True,False,2024-06-14 19:51:39+00:00,40.65871,-74.04374,179.0,2.9833333333333334,False,0.004364026789232292,0.08776813654321929,2.1973317292962444,-0.1,-0.0335195530726257,0.08776813654321929,328.5,0.0,212.0,0.0
368051060,2024-06-14 19:57:38+00:00,40.65864,-74.04362,0.0,328.5,214.0,KRISTY ANN,IMO9862774,WDK4022,57,1.0,123.0,24.0,5.1,57.0,A,False,False,False,False,False,False,False,False,False,False,True,False,2024-06-14 19:54:38+00:00,40.65867,-74.04366,180.0,3.0,False,0.002561955191293832,0.05123910382587664,2.199893684487538,0.0,0.0,0.05123910382587664,328.5,0.0,212.0,2.0
368051060,2024-06-14 20:00:42+00:00,40.65855,-74.04352,0.0,145.7,220.0,KRISTY ANN,IMO9862774,WDK4022,57,1.0,123.0,24.0,5.1,57.0,A,False,False,False,False,False,False,False,False,False,False,True,False,2024-06-14 19:57:38+00:00,40.65864,-74.04362,184.0,3.066666666666667,False,0.007067152765386525,0.13827038019234505,2.206960837252925,0.0,0.0,0.13827038019234505,328.5,177.2,214.0,6.0
368051060,2024-06-14 20:03:40+00:00,40.65855,-74.04348,0.0,145.7,221.0,KRISTY ANN,IMO9862774,WDK4022,57,1.0,123.0,24.0,5.1,57.0,A,False,False,False,False,False,False,False,False,False,False,True,False,2024-06-14 20:00:42+00:00,40.65855,-74.04352,178.0,2.966666666666667,False,0.0018218818884771712,0.03684704942987537,2.208782719141402,0.0,0.0,0.03684704942987537,145.7,0.0,220.0,1.0
368051060,2024-06-14 20:06:43+00:00,40.65854,-74.04348,0.0,145.7,219.0,KRISTY ANN,IMO9862774,WDK4022,57,1.0,123.0,24.0,5.1,57.0,A,False,False,False,False,False,False,False,False,False,False,True,False,2024-06-14 20:03:40+00:00,40.65855,-74.04348,183.0,3.05,False,0.0006004046070267217,0.011811238171017474,2.2093831237484287,0.0,0.0,0.011811238171017474,145.7,0.0,221.0,2.0
368051060,2024-06-14 20:09:42+00:00,40.65857,-74.0435,0.0,145.7,219.0,KRISTY ANN,IMO9862774,WDK4022,57,1.0,123.0,24.0,5.1,57.0,A,False,False,False,False,False,False,False,False,False,False,True,False,2024-06-14 20:06:43+00:00,40.65854,-74.04348,179.0,2.9833333333333334,False,0.002018460925952587,0.04059474487949337,2.2114015846743813,0.0,0.0,0.04059474487949337,145.7,0.0,219.0,0.0
368051060,2024-06-14 20:12:44+00:00,40.6586,-74.04356,0.1,145.7,217.0,KRISTY ANN,IMO9862774,WDK4022,57,1.0,123.0,24.0,5.1,57.0,A,False,False,False,False,False,False,False,False,False,False,True,False,2024-06-14 20:09:42+00:00,40.65857,-74.0435,182.0,3.033333333333333,False,0.003273023684072921,0.064741127816827,2.2146746083584543,0.1,0.03296703296703297,-0.035258872183173,145.7,0.0,219.0,2.0
368051060,2024-06-14 20:15:44+00:00,40.65861,-74.04357,0.0,145.7,215.0,KRISTY ANN,IMO9862774,WDK4022,57,1.0,123.0,24.0,5.1,57.0,A,False,False,False,False,False,False,False,False,False,False,True,False,2024-06-14 20:12:44+00:00,40.6586,-74.04356,180.0,3.0,False,0.0007536170789111524,0.015072341578223047,2.2154282254373654,-0.1,-0.03333333333333333,0.015072341578223047,145.7,0.0,217.0,2.0
368051060,2024-06-14 20:18:43+00:00,40.65862,-74.04358,0.0,145.7,215.0,KRISTY ANN,IMO9862774,WDK4022,57,1.0,123.0,24.0,5.1,57.0,A,False,False,False,False,False,False,False,False,False,False,True,False,2024-06-14 20:15:44+00:00,40.65861,-74.04357,179.0,2.9833333333333334,False,0.0007536170373421812,0.01515654376777571,2.2161818424747075,0.0,0.0,0.01515654376777571,145.7,0.0,215.0,0.0
368051060,2024-06-14 20:21:44+00:00,40.65856,-74.0435,0.0,145.7,218.0,KRISTY ANN,IMO9862774,WDK4022,57,1.0,123.0,24.0,5.1,57.0,A,False,False,False,False,False,False,False,False,False,False,True,False,2024-06-14 20:18:43+00:00,40.65862,-74.04358,181.0,3.0166666666666666,False,0.0051239129068159275,0.10191207991457094,2.2213057553815236,0.0,0.0,0.10191207991457094,145.7,0.0,215.0,3.0
368051060,2024-06-14 20:24:42+00:00,40.65854,-74.04347,0.0,145.7,219.0,KRISTY ANN,IMO9862774,WDK4022,57,1.0,123.0,24.0,5.1,57.0,A,False,False,False,False,False,False,False,False,False,False,True,False,2024-06-14 20:21:44+00:00,40.65856,-74.0435,178.0,2.966666666666667,False,0.0018190719963294716,0.03679022015048369,2.223124827377853,0.0,0.0,0.03679022015048369,145.7,0.0,218.0,1.0
368051060,2024-06-14 20:27:44+00:00,40.65856,-74.04349,0.0,145.7,220.0,KRISTY ANN,IMO9862774,WDK4022,57,1.0,123.0,24.0,5.1,57.0,A,False,False,False,False,False,False,False,False,False,False,True,False,2024-06-14 20:24:42+00:00,40.65854,-74.04347,182.0,3.033333333333333,False,0.0015072346114294902,0.029813431874429478,2.2246320619892828,0.0,0.0,0.029813431874429478,145.7,0.0,219.0,1.0
368051060,2024-06-14 20:30:43+00:00,40.65856,-74.04349,0.0,145.7,220.0,KRISTY ANN,IMO9862774,WDK4022,57,1.0,123.0,24.0,5.1,57.0,A,False,False,False,False,False,False,False,False,False,False,True,False,2024-06-14 20:27:44+00:00,40.65856,-74.04349,179.0,2.9833333333333334,False,0.0,0.0,2.2246320619892828,0.0,0.0,0.0,145.7,0.0,220.0,0.0
368051060,2024-06-14 20:33:44+00:00,40.65856,-74.04349,0.0,145.7,222.0,KRISTY ANN,IMO9862774,WDK4022,57,1.0,123.0,24.0,5.1,57.0,A,False,False,False,False,False,False,False,False,False,False,True,False,2024-06-14 20:30:43+00:00,40.65856,-74.04349,181.0,3.0166666666666666,False,0.0,0.0,2.2246320619892828,0.0,0.0,0.0,145.7,0.0,220.0,2.0
368051060,2024-06-14 20:36:43+00:00,40.65854,-74.04348,0.0,145.7,222.0,KRISTY ANN,IMO9862774,WDK4022,57,1.0,123.0,24.0,5.1,57.0,A,False,False,False,False,False,False,False,False,False,False,True,False,2024-06-14 20:33:44+00:00,40.65856,-74.04349,179.0,2.9833333333333334,False,0.0012842881766089009,0.025829259417832644,2.2259163501658916,0.0,0.0,0.025829259417832644,145.7,0.0,222.0,0.0
368051060,2024-06-14 20:39:43+00:00,40.65852,-74.04347,0.0,145.7,221.0,KRISTY ANN,IMO9862774,WDK4022,57,1.0,123.0,24.0,5.1,57.0,A,False,False,False,False,False,False,False,False,False,False,True,False,2024-06-14 20:36:43+00:00,40.65854,-74.04348,180.0,3.0,False,0.0012842882253940166,0.02568576450788033,2.2272006383912855,0.0,0.0,0.02568576450788033,145.7,0.0,222.0,1.0
368051060,2024-06-14 20:42:38+00:00,40.65848,-74.04341,0.0,145.7,221.0,KRISTY ANN,IMO9862774,WDK4022,57,1.0,123.0,24.0,5.1,57.0,A,False,False,False,False,False,False,False,False,False,False,True,False,2024-06-14 20:39:43+00:00,40.65852,-74.04347,175.0,2.9166666666666665,False,0.0036381455326192293,0.07484185095673843,2.2308387839239048,0.0,0.0,0.07484185095673843,145.7,0.0,221.0,0.0
368051060,2024-06-14 20:45:42+00:00,40.65846,-74.04335,0.1,145.7,221.0,KRISTY ANN,IMO9862774,WDK4022,57,1.0,123.0,24.0,5.1,57.0,A,False,False,False,False,False,False,False,False,False,False,True,False,2024-06-14 20:42:38+00:00,40.65848,-74.04341,184.0,3.066666666666667,False,0.002985009433549353,0.058402358482487336,2.233823793357454,0.1,0.03260869565217391,-0.04159764151751267,145.7,0.0,221.0,0.0
368051060,2024-06-14 20:48:38+00:00,40.65831,-74.04326,0.1,163.3,225.0,KRISTY ANN,IMO9862774,WDK4022,57,1.0,123.0,24.0,5.1,57.0,A,False,False,False,False,False,False,False,False,False,False,True,False,2024-06-14 20:45:42+00:00,40.65846,-74.04335,176.0,2.933333333333333,False,0.009895104111265625,0.20239985682134232,2.2437188974687197,0.0,0.0,0.10239985682134231,145.7,17.600000000000023,221.0,4.0
368051060,2024-06-14 20:51:41+00:00,40.65825,-74.04322,0.0,163.3,230.0,KRISTY ANN,IMO9862774,WDK4022,57,1.0,123.0,24.0,5.1,57.0,A,False,False,False,False,False,False,False,False,False,False,True,False,2024-06-14 20:48:38+00:00,40.65831,-74.04326,183.0,3.05,False,0.0040369252423124264,0.07941492279958871,2.247755822711032,-0.1,-0.03278688524590164,0.07941492279958871,163.3,0.0,225.0,5.0
368051060,2024-06-14 20:54:43+00:00,40.65827,-74.04323,0.0,163.3,227.0,KRISTY ANN,IMO9862774,WDK4022,57,1.0,123.0,24.0,5.1,57.0,A,False,False,False,False,False,False,False,False,False,False,True,False,2024-06-14 20:51:41+00:00,40.65825,-74.04322,182.0,3.033333333333333,False,0.0012842888786089577,0.025403516280177185,2.249040111589641,0.0,0.0,0.025403516280177185,163.3,0.0,230.0,3.0
368051060,2024-06-14 20:57:38+00:00,40.65829,-74.04316,0.0,163.3,227.0,KRISTY ANN,IMO9862774,WDK4022,57,1.0,123.0,24.0,5.1,57.0,A,False,False,False,False,False,False,False,False,False,False,True,False,2024-06-14 20:54:43+00:00,40.65827,-74.04323,175.0,2.9166666666666665,False,0.003406939866720445,0.070085620115392,2.2524470514563615,0.0,0.0,0.070085620115392,163.3,0.0,227.0,0.0
368051060,2024-06-14 21:00:39+00:00,40.65829,-74.04323,0.1,163.3,227.0,KRISTY ANN,IMO9862774,WDK4022,57,1.0,123.0,24.0,5.1,57.0,A,False,False,False,False,False,False,False,False,False,False,True,False,2024-06-14 20:57:38+00:00,40.65829,-74.04316,181.0,3.0166666666666666,False,0.0031883057314947803,0.06341381565403983,2.2556353571878565,0.1,0.03314917127071824,-0.03658618434596017,163.3,0.0,227.0,0.0
368051060,2024-06-14 21:03:38+00:00,40.65834,-74.04333,0.1,163.3,225.0,KRISTY ANN,IMO9862774,WDK4022,57,1.0,123.0,24.0,5.1,57.0,A,False,False,False,False,False,False,False,False,False,False,True,False,2024-06-14 21:00:39+00:00,40.65829,-74.04323,179.0,2.9833333333333334,False,0.005455054864731217,0.10971060063146582,2.261090412052588,0.0,0.0,0.00971060063146581,163.3,0.0,227.0,2.0
368051060,2024-06-14 21:06:40+00:00,40.65841,-74.0434,0.1,163.3,221.0,KRISTY ANN,IMO9862774,WDK4022,57,1.0,123.0,24.0,5.1,57.0,A,False,False,False,False,False,False,False,False,False,False,True,False,2024-06-14 21:03:38+00:00,40.65834,-74.04333,182.0,3.033333333333333,False,0.0052753261956804244,0.10434711156290949,2.2663657382482683,0.0,0.0,0.004347111562909484,163.3,0.0,225.0,4.0
368051060,2024-06-14 21:09:42+00:00,40.65853,-74.04349,0.0,322.9,213.0,KRISTY ANN,IMO9862774,WDK4022,57,1.0,123.0,24.0,5.1,57.0,A,False,False,False,False,False,False,False,False,False,False,True,False,2024-06-14 21:06:40+00:00,40.65841,-74.0434,182.0,3.033333333333333,False,0.00828937280193284,0.16396561586240782,2.274655111050201,-0.1,-0.03296703296703297,0.16396561586240782,163.3,159.59999999999997,221.0,8.0
368051060,2024-06-14 21:12:44+00:00,40.65853,-74.04352,0.0,322.9,213.0,KRISTY ANN,IMO9862774,WDK4022,57,1.0,123.0,24.0,5.1,57.0,A,False,False,False,False,False,False,False,False,False,False,True,False,2024-06-14 21:09:42+00:00,40.65853,-74.04349,182.0,3.033333333333333,False,0.001366411825869793,0.027027926225995907,2.276021522876071,0.0,0.0,0.027027926225995907,322.9,0.0,213.0,0.0
368051060,2024-06-14 21:15:42+00:00,40.65854,-74.04356,0.1,322.9,210.0,KRISTY ANN,IMO9862774,WDK4022,57,1.0,123.0,24.0,5.1,57.0,A,False,False,False,False,False,False,False,False,False,False,True,False,2024-06-14 21:12:44+00:00,40.65853,-74.04352,178.0,2.966666666666667,False,0.0019182650503570763,0.038796371804974576,2.277939787926428,0.1,0.033707865168539325,-0.06120362819502543,322.9,0.0,213.0,3.0
368051060,2024-06-14 21:18:42+00:00,40.65859,-74.04362,0.0,322.9,208.0,KRISTY ANN,IMO9862774,WDK4022,57,1.0,123.0,24.0,5.1,57.0,A,False,False,False,False,False,False,False,False,False,False,True,False,2024-06-14 21:15:42+00:00,40.65854,-74.04356,180.0,3.0,False,0.004059613231379011,0.08119226462758021,2.281999401157807,-0.1,-0.03333333333333333,0.08119226462758021,322.9,0.0,210.0,2.0
368051060,2024-06-14 21:21:43+00:00,40.65861,-74.04367,0.0,322.9,206.0,KRISTY ANN,IMO9862774,WDK4022,57,1.0,123.0,24.0,5.1,57.0,A,False,False,False,False,False,False,False,False,False,False,True,False,2024-06-14 21:18:42+00:00,40.65859,-74.04362,181.0,3.0166666666666666,False,0.002574542439650289,0.051206368965420114,2.284573943597457,0.0,0.0,0.051206368965420114,322.9,0.0,208.0,2.0
368051060,2024-06-14 21:24:42+00:00,40.65866,-74.04369,0.0,322.9,206.0,KRISTY ANN,IMO9862774,WDK4022,57,1.0,123.0,24.0,5.1,57.0,A,False,False,False,False,False,False,False,False,False,False,True,False,2024-06-14 21:21:43+00:00,40.65861,-74.04367,179.0,2.9833333333333334,False,0.0031371888051352124,0.06309429999154617,2.2877111324025923,0.0,0.0,0.06309429999154617,322.9,0.0,206.0,0.0
368051060,2024-06-14 21:27:41+00:00,40.65864,-74.04377,0.0,322.9,206.0,KRISTY ANN,IMO9862774,WDK4022,57,1.0,123.0,24.0,5.1,57.0,A,False,False,False,False,False,False,False,False,False,False,True,False,2024-06-14 21:24:42+00:00,40.65866,-74.04369,179.0,2.9833333333333334,False,0.003836524134002898,0.07715914459447169,2.2915476565365953,0.0,0.0,0.07715914459447169,322.9,0.0,206.0,0.0
368051060,2024-06-14 21:30:38+00:00,40.65863,-74.04382,0.0,322.9,206.0,KRISTY ANN,IMO9862774,WDK4022,57,1.0,123.0,24.0,5.1,57.0,A,False,False,False,False,False,False,False,False,False,False,True,False,2024-06-14 21:27:41+00:00,40.65864,-74.04377,177.0,2.95,False,0.0023551658653263,0.0479016786168061,2.293902822401922,0.0,0.0,0.0479016786168061,322.9,0.0,206.0,0.0
368051060,2024-06-14 21:33:43+00:00,40.65864,-74.04389,0.0,322.9,204.0,KRISTY ANN,IMO9862774,WDK4022,57,1.0,123.0,24.0,5.1,57.0,A,False,False,False,False,False,False,False,False,False,False,True,False,2024-06-14 21:30:38+00:00,40.65863,-74.04382,185.0,3.0833333333333335,False,0.003244329512876251,0.06313289862894327,2.297147151914798,0.0,0.0,0.06313289862894327,322.9,0.0,206.0,2.0
368051060,2024-06-14 21:36:42+00:00,40.65864,-74.044,0.0,322.9,201.0,KRISTY ANN,IMO9862774,WDK4022,57,1.0,123.0,24.0,5.1,57.0,A,False,False,False,False,False,False,False,False,False,False,True,False,2024-06-14 21:33:43+00:00,40.65864,-74.04389,179.0,2.9833333333333334,False,0.005010168434981655,0.10076316405549696,2.3021573203497794,0.0,0.0,0.10076316405549696,322.9,0.0,204.0,3.0
368051060,2024-06-14 21:39:42+00:00,40.65865,-74.04405,0.0,322.9,198.0,KRISTY ANN,IMO9862774,WDK4022,57,1.0,123.0,24.0,5.1,57.0,A,False,False,False,False,False,False,False,False,False,False,True,False,2024-06-14 21:36:42+00:00,40.65864,-74.044,180.0,3.0,False,0.002355165534761503,0.047103310695230056,2.304512485884541,0.0,0.0,0.047103310695230056,322.9,0.0,201.0,3.0
368051060,2024-06-14 21:42:38+00:00,40.65867,-74.04409,0.0,322.9,196.0,KRISTY ANN,IMO9862774,WDK4022,57,1.0,123.0,24.0,5.1,57.0,A,False,False,False,False,False,False,False,False,False,False,True,False,2024-06-14 21:39:42+00:00,40.65865,-74.04405,176.0,2.933333333333333,False,0.0021820140791583686,0.04463210616460299,2.306694499963699,0.0,0.0,0.04463210616460299,322.9,0.0,198.0,2.0
368051060,2024-06-14 21:45:43+00:00,40.65869,-74.04413,0.0,322.9,194.0,KRISTY ANN,IMO9862774,WDK4022,57,1.0,123.0,24.0,5.1,57.0,A,False,False,False,False,False,False,False,False,False,False,True,False,2024-06-14 21:42:38+00:00,40.65867,-74.04409,185.0,3.0833333333333335,False,0.0021820136224043915,0.04246080562516654,2.3088765135861036,0.0,0.0,0.04246080562516654,322.9,0.0,196.0,2.0
368051060,2024-06-14 21:48:42+00:00,40.65874,-74.04417,0.0,322.9,191.0,KRISTY ANN,IMO9862774,WDK4022,57,1.0,123.0,24.0,5.1,57.0,A,False,False,False,False,False,False,False,False,False,False,True,False,2024-06-14 21:45:43+00:00,40.65869,-74.04413,179.0,2.9833333333333334,False,0.0035116064003086664,0.07062448626319105,2.3123881199864122,0.0,0.0,0.07062448626319105,322.9,0.0,194.0,3.0
368051060,2024-06-14 21:51:43+00:00,40.65874,-74.04423,0.0,322.9,186.0,KRISTY ANN,IMO9862774,WDK4022,57,1.0,123.0,24.0,5.1,57.0,A,False,False,False,False,False,False,False,False,False,False,True,False,2024-06-14 21:48:42+00:00,40.65874,-74.04417,181.0,3.0166666666666666,False,0.0027328150495101325,0.054354332476444625,2.3151209350359223,0.0,0.0,0.054354332476444625,322.9,0.0,191.0,5.0
368051060,2024-06-14 21:54:39+00:00,40.65871,-74.04424,0.0,322.9,185.0,KRISTY ANN,IMO9862774,WDK4022,57,1.0,123.0,24.0,5.1,57.0,A,False,False,False,False,False,False,False,False,False,False,True,False,2024-06-14 21:51:43+00:00,40.65874,-74.04423,176.0,2.933333333333333,False,0.0018579083658942753,0.03800267112056472,2.3169788434018166,0.0,0.0,0.03800267112056472,322.9,0.0,186.0,1.0
368051060,2024-06-14 21:57:39+00:00,40.65867,-74.04432,0.1,322.9,180.0,KRISTY ANN,IMO9862774,WDK4022,57,1.0,123.0,24.0,5.1,57.0,A,False,False,False,False,False,False,False,False,False,False,True,False,2024-06-14 21:54:39+00:00,40.65871,-74.04424,180.0,3.0,False,0.004364026789232292,0.08728053578464584,2.321342870191049,0.1,0.03333333333333333,-0.012719464215354165,322.9,0.0,185.0,5.0
368051060,2024-06-14 22:00:39+00:00,40.65864,-74.04444,0.1,322.9,177.0,KRISTY ANN,IMO9862774,WDK4022,57,1.0,123.0,24.0,5.1,57.0,A,False,False,False,False,False,False,False,False,False,False,True,False,2024-06-14 21:57:39+00:00,40.65867,-74.04432,180.0,3.0,False,0.005754785812384006,0.11509571624768011,2.327097656003433,0.0,0.0,0.015095716247680108,322.9,0.0,180.0,3.0
368051060,2024-06-14 22:03:43+00:00,40.65858,-74.04458,0.1,251.1,172.0,KRISTY ANN,IMO9862774,WDK4022,57,1.0,123.0,24.0,5.1,57.0,A,False,False,False,False,False,False,False,False,False,False,True,False,2024-06-14 22:00:39+00:00,40.65864,-74.04444,184.0,3.066666666666667,False,0.007323815166324761,0.14329203586287576,2.3344214711697577,0.0,0.0,0.04329203586287575,322.9,71.79999999999998,177.0,5.0
368051060,2024-06-14 22:06:43+00:00,40.6585,-74.04474,0.2,236.9,166.0,KRISTY ANN,IMO9862774,WDK4022,57,1.0,123.0,24.0,5.1,57.0,A,False,False,False,False,False,False,False,False,False,False,True,False,2024-06-14 22:03:43+00:00,40.65858,-74.04458,180.0,3.0,False,0.008728067261154335,0.1745613452230867,2.3431495384309122,0.1,0.03333333333333333,-0.025438654776913316,251.1,14.199999999999989,172.0,6.0
368051060,2024-06-14 22:09:39+00:00,40.6584,-74.04495,0.2,239.3,158.0,KRISTY ANN,IMO9862774,WDK4022,57,1.0,123.0,24.0,5.1,57.0,A,False,False,False,False,False,False,False,False,False,False,True,False,2024-06-14 22:06:43+00:00,40.6585,-74.04474,176.0,2.933333333333333,False,0.01129317366144817,0.23099673398416712,2.3544427120923603,0.0,0.0,0.030996733984167107,236.9,2.4000000000000057,166.0,8.0
368051060,2024-06-14 22:12:40+00:00,40.65828,-74.0452,0.2,232.6,152.0,KRISTY ANN,IMO9862774,WDK4022,57,1.0,123.0,24.0,5.1,57.0,A,False,False,False,False,False,False,False,False,False,False,True,False,2024-06-14 22:09:39+00:00,40.6584,-74.04495,181.0,3.0166666666666666,False,0.013474757899104323,0.2680062344573236,2.3679174699914647,0.0,0.0,0.06800623445732357,239.3,6.700000000000017,158.0,6.0
368051060,2024-06-14 22:15:44+00:00,40.6581,-74.04541,0.2,218.3,145.0,KRISTY ANN,IMO9862774,WDK4022,57,1.0,123.0,24.0,5.1,57.0,A,False,False,False,False,False,False,False,False,False,False,True,False,2024-06-14 22:12:40+00:00,40.65828,-74.0452,184.0,3.066666666666667,False,0.01443209200353776,0.28236701746052134,2.3823495619950026,0.0,0.0,0.08236701746052133,232.6,14.299999999999983,152.0,7.0
368051060,2024-06-14 22:18:39+00:00,40.65789,-74.04564,0.3,223.2,138.0,KRISTY ANN,IMO9862774,WDK4022,57,1.0,123.0,24.0,5.1,57.0,A,False,False,False,False,False,False,False,False,False,False,True,False,2024-06-14 22:15:44+00:00,40.6581,-74.04541,175.0,2.9166666666666665,False,0.016392645885102593,0.33722014392211047,2.398742207880105,0.09999999999999998,0.03428571428571428,0.03722014392211048,218.3,4.899999999999977,145.0,7.0
368051060,2024-06-14 22:21:38+00:00,40.65764,-74.04593,0.4,219.8,131.0,KRISTY ANN,IMO9862774,WDK4022,57,1.0,123.0,24.0,5.1,57.0,A,False,False,False,False,False,False,False,False,False,False,True,False,2024-06-14 22:18:39+00:00,40.65789,-74.04564,179.0,2.9833333333333334,False,0.019994397517305872,0.4021219612419058,2.418736605397411,0.10000000000000003,0.03351955307262571,0.0021219612419057787,223.2,3.3999999999999773,138.0,7.0
368051060,2024-06-14 22:24:42+00:00,40.65733,-74.04629,0.4,220.0,118.0,KRISTY ANN,IMO9862774,WDK4022,57,1.0,123.0,24.0,5.1,57.0,A,False,False,False,False,False,False,False,False,False,False,True,False,2024-06-14 22:21:38+00:00,40.65764,-74.04593,184.0,3.066666666666667,False,0.024805138134905258,0.485317920030755,2.4435417435323163,0.0,0.0,0.085317920030755,219.8,0.19999999999998863,131.0,13.0
368051060,2024-06-14 22:27:43+00:00,40.657,-74.04659,0.5,213.4,104.0,KRISTY ANN,IMO9862774,WDK4022,57,1.0,123.0,24.0,5.1,57.0,A,False,False,False,False,False,False,False,False,False,False,True,False,2024-06-14 22:24:42+00:00,40.65733,-74.04629,181.0,3.0166666666666666,False,0.02406833371335359,0.4787071898788559,2.46761007724567,0.09999999999999998,0.033149171270718224,-0.02129281012114409,220.0,6.599999999999994,118.0,14.0
368051060,2024-06-14 22:30:41+00:00,40.65664,-74.04679,0.4,198.2,86.0,KRISTY ANN,IMO9862774,WDK4022,57,1.0,123.0,24.0,5.1,57.0,A,False,False,False,False,False,False,False,False,False,False,True,False,2024-06-14 22:27:43+00:00,40.657,-74.04659,178.0,2.966666666666667,False,0.023455811684712814,0.47438720261216927,2.491065888930383,-0.09999999999999998,-0.03370786516853932,0.07438720261216925,213.4,15.200000000000017,104.0,18.0
368051060,2024-06-14 22:33:44+00:00,40.65632,-74.04689,0.4,189.3,72.0,KRISTY ANN,IMO9862774,WDK4022,57,1.0,123.0,24.0,5.1,57.0,A,False,False,False,False,False,False,False,False,False,False,True,False,2024-06-14 22:30:41+00:00,40.65664,-74.04679,183.0,3.05,False,0.019745479778351005,0.38843566777083943,2.510811368708734,0.0,0.0,-0.01156433222916059,198.2,8.899999999999977,86.0,14.0
368051060,2024-06-14 22:36:39+00:00,40.65603,-74.04683,0.2,156.5,58.0,KRISTY ANN,IMO9862774,WDK4022,57,1.0,123.0,24.0,5.1,57.0,A,False,False,False,False,False,False,False,False,False,False,True,False,2024-06-14 22:33:44+00:00,40.65632,-74.04689,175.0,2.9166666666666665,False,0.01762490623491613,0.36256949968970326,2.52843627494365,-0.2,-0.06857142857142857,0.16256949968970325,189.3,32.80000000000001,72.0,14.0
368051060,2024-06-14 22:39:39+00:00,40.65584,-74.04671,0.1,148.8,54.0,KRISTY ANN,IMO9862774,WDK4022,57,1.0,123.0,24.0,5.1,57.0,A,False,False,False,False,False,False,False,False,False,False,True,False,2024-06-14 22:36:39+00:00,40.65603,-74.04683,180.0,3.0,False,0.012649543848161731,0.2529908769632346,2.541085818791812,-0.1,-0.03333333333333333,0.15299087696323457,156.5,7.699999999999989,58.0,4.0
368051060,2024-06-14 22:42:42+00:00,40.65572,-74.04656,0.2,137.8,48.0,KRISTY ANN,IMO9862774,WDK4022,57,1.0,123.0,24.0,5.1,57.0,A,False,False,False,False,False,False,False,False,False,False,True,False,2024-06-14 22:39:39+00:00,40.65584,-74.04671,183.0,3.05,False,0.009929291012761824,0.19533031500515063,2.551015109804574,0.1,0.03278688524590164,-0.004669684994849377,148.8,11.0,54.0,6.0
368051060,2024-06-14 22:45:44+00:00,40.65545,-74.04621,0.5,137.5,33.0,KRISTY ANN,IMO9862774,WDK4022,57,1.0,123.0,24.0,5.1,57.0,A,False,False,False,False,False,False,False,False,False,False,True,False,2024-06-14 22:42:42+00:00,40.65572,-74.04656,182.0,3.033333333333333,False,0.022736468830350503,0.4497323504904495,2.5737515786349245,0.3,0.0989010989010989,-0.05026764950955048,137.8,0.30000000000001137,48.0,15.0
368051060,2024-06-14 22:48:43+00:00,40.65502,-74.04561,0.7,130.4,12.0,KRISTY ANN,IMO9862774,WDK4022,57,1.0,123.0,24.0,5.1,57.0,A,False,False,False,False,False,False,False,False,False,False,True,False,2024-06-14 22:45:44+00:00,40.65545,-74.04621,179.0,2.9833333333333334,False,0.03759580206222465,0.7561166895196019,2.6113473806971492,0.19999999999999996,0.06703910614525138,0.056116689519601914,137.5,7.099999999999994,33.0,21.0
368051060,2024-06-14 22:51:45+00:00,40.65488,-74.04533,0.1,115.4,350.0,KRISTY ANN,IMO9862774,WDK4022,57,1.0,123.0,24.0,5.1,57.0,A,False,False,False,False,False,False,False,False,False,False,True,False,2024-06-14 22:48:43+00:00,40.65502,-74.04561,182.0,3.033333333333333,False,0.015274690727977783,0.30213673967428584,2.626622071425127,-0.6,-0.1978021978021978,0.20213673967428583,130.4,15.0,12.0,22.0
368051060,2024-06-14 22:54:39+00:00,40.65492,-74.04569,0.3,271.3,352.0,KRISTY ANN,IMO9862774,WDK4022,57,1.0,123.0,24.0,5.1,57.0,A,False,False,False,False,False,False,False,False,False,False,True,False,2024-06-14 22:51:45+00:00,40.65488,-74.04533,174.0,2.9,False,0.016572770881930213,0.34288491479855615,2.6431948423070573,0.19999999999999998,0.06896551724137931,0.04288491479855616,115.4,155.89999999999998,350.0,2.0
368051060,2024-06-14 22:57:46+00:00,40.65498,-74.04613,0.3,280.9,3.0,KRISTY ANN,IMO9862774,WDK4022,57,1.0,123.0,24.0,5.1,57.0,A,False,False,False,False,False,False,False,False,False,False,True,False,2024-06-14 22:54:39+00:00,40.65492,-74.04569,187.0,3.1166666666666667,False,0.020362969330594314,0.39201438283497075,2.6635578116376517,0.0,0.0,0.09201438283497076,271.3,9.599999999999966,352.0,11.0
368051060,2024-06-14 23:00:39+00:00,40.65501,-74.04638,0.1,282.8,15.0,KRISTY ANN,IMO9862774,WDK4022,57,1.0,123.0,24.0,5.1,57.0,A,False,False,False,False,False,False,False,False,False,False,True,False,2024-06-14 22:57:46+00:00,40.65498,-74.04613,173.0,2.8833333333333333,False,0.011528943341517512,0.23990864756915056,2.6750867549791693,-0.19999999999999998,-0.06936416184971098,0.13990864756915056,280.9,1.900000000000034,3.0,12.0
368051060,2024-06-14 23:03:45+00:00,40.65501,-74.04646,0.0,282.8,19.0,KRISTY ANN,IMO9862774,WDK4022,57,1.0,123.0,24.0,5.1,57.0,A,False,False,False,False,False,False,False,False,False,False,True,False,2024-06-14 23:00:39+00:00,40.65501,-74.04638,186.0,3.1,False,0.003643957128615739,0.07052820248933689,2.678730712107785,-0.1,-0.03225806451612903,0.07052820248933689,282.8,0.0,15.0,4.0
368051060,2024-06-14 23:06:40+00:00,40.65506,-74.04652,0.0,282.8,24.0,KRISTY ANN,IMO9862774,WDK4022,57,1.0,123.0,24.0,5.1,57.0,A,False,False,False,False,False,False,False,False,False,False,True,False,2024-06-14 23:03:45+00:00,40.65501,-74.04646,175.0,2.9166666666666665,False,0.004059710576792482,0.08351404615115963,2.6827904226845773,0.0,0.0,0.08351404615115963,282.8,0.0,19.0,5.0
368051060,2024-06-14 23:09:39+00:00,40.65503,-74.04652,0.0,282.8,24.0,KRISTY ANN,IMO9862774,WDK4022,57,1.0,123.0,24.0,5.1,57.0,A,False,False,False,False,False,False,False,False,False,False,True,False,2024-06-14 23:06:40+00:00,40.65506,-74.04652,179.0,2.9833333333333334,False,0.001801213822225937,0.03622552938554957,2.6845916365068034,0.0,0.0,0.03622552938554957,282.8,0.0,24.0,0.0
368051060,2024-06-14 23:12:39+00:00,40.65501,-74.04643,0.0,282.8,24.0,KRISTY ANN,IMO9862774,WDK4022,57,1.0,123.0,24.0,5.1,57.0,A,False,False,False,False,False,False,False,False,False,False,True,False,2024-06-14 23:09:39+00:00,40.65503,-74.04652,180.0,3.0,False,0.0042717025346294055,0.08543405069258811,2.6888633390414327,0.0,0.0,0.08543405069258811,282.8,0.0,24.0,0.0
368051060,2024-06-14 23:15:41+00:00,40.65502,-74.04644,0.1,282.8,21.0,KRISTY ANN,IMO9862774,WDK4022,57,1.0,123.0,24.0,5.1,57.0,A,False,False,False,False,False,False,False,False,False,False,True,False,2024-06-14 23:12:39+00:00,40.65501,-74.04643,182.0,3.033333333333333,False,0.0007536318926479862,0.014907004469960166,2.6896169709340807,0.1,0.03296703296703297,-0.08509299553003984,282.8,0.0,24.0,3.0
368051060,2024-06-14 23:18:44+00:00,40.65502,-74.04641,0.1,282.8,19.0,KRISTY ANN,IMO9862774,WDK4022,57,1.0,123.0,24.0,5.1,57.0,A,False,False,False,False,False,False,False,False,False,False,True,False,2024-06-14 23:15:41+00:00,40.65502,-74.04644,183.0,3.05,False,0.001366483719214027,0.026881646935357908,2.6909834546532947,0.0,0.0,-0.0731183530646421,282.8,0.0,21.0,2.0
368051060,2024-06-14 23:21:42+00:00,40.65505,-74.04652,0.0,282.7,21.0,KRISTY ANN,IMO9862774,WDK4022,57,1.0,123.0,24.0,5.1,57.0,A,False,False,False,False,False,False,False,False,False,False,True,False,2024-06-14 23:18:44+00:00,40.65502,-74.04641,178.0,2.966666666666667,False,0.005324365874129418,0.10768380419587588,2.6963078205274242,-0.1,-0.033707865168539325,0.10768380419587588,282.8,0.10000000000002274,19.0,2.0
368051060,2024-06-14 23:24:44+00:00,40.65503,-74.04653,0.0,282.7,23.0,KRISTY ANN,IMO9862774,WDK4022,57,1.0,123.0,24.0,5.1,57.0,A,False,False,False,False,False,False,False,False,False,False,True,False,2024-06-14 23:21:42+00:00,40.65505,-74.04652,182.0,3.033333333333333,False,0.0012842966763330391,0.025403670520873303,2.697592117203757,0.0,0.0,0.025403670520873303,282.7,0.0,21.0,2.0
368051060,2024-06-14 23:27:42+00:00,40.65504,-74.04648,0.0,282.7,22.0,KRISTY ANN,IMO9862774,WDK4022,57,1.0,123.0,24.0,5.1,57.0,A,False,False,False,False,False,False,False,False,False,False,True,False,2024-06-14 23:24:44+00:00,40.65503,-74.04653,178.0,2.966666666666667,False,0.0023552846980363458,0.0476349714209598,2.6999474019017935,0.0,0.0,0.0476349714209598,282.7,0.0,23.0,1.0
368051060,2024-06-14 23:30:45+00:00,40.65504,-74.04647,0.0,282.7,21.0,KRISTY ANN,IMO9862774,WDK4022,57,1.0,123.0,24.0,5.1,57.0,A,False,False,False,False,False,False,False,False,False,False,True,False,2024-06-14 23:27:42+00:00,40.65504,-74.04648,183.0,3.05,False,0.00045549443633566267,0.008960546288570412,2.700402896338129,0.0,0.0,0.008960546288570412,282.7,0.0,22.0,1.0
368051060,2024-06-14 23:33:39+00:00,40.65503,-74.04649,0.0,282.7,22.0,KRISTY ANN,IMO9862774,WDK4022,57,1.0,123.0,24.0,5.1,57.0,A,False,False,False,False,False,False,False,False,False,False,True,False,2024-06-14 23:30:45+00:00,40.65504,-74.04647,174.0,2.9,False,0.0010910483690358779,0.022573414531776782,2.701493944707165,0.0,0.0,0.022573414531776782,282.7,0.0,21.0,1.0
368051060,2024-06-14 23:36:45+00:00,40.65503,-74.04645,0.0,282.7,22.0,KRISTY ANN,IMO9862774,WDK4022,57,1.0,123.0,24.0,5.1,57.0,A,False,False,False,False,False,False,False,False,False,False,True,False,2024-06-14 23:33:39+00:00,40.65503,-74.04649,186.0,3.1,False,0.0018219780184277003,0.03526409067924581,2.7033159227255927,0.0,0.0,0.03526409067924581,282.7,0.0,22.0,0.0
368051060,2024-06-14 23:39:43+00:00,40.65503,-74.04649,0.0,282.7,22.0,KRISTY ANN,IMO9862774,WDK4022,57,1.0,123.0,24.0,5.1,57.0,A,False,False,False,False,False,False,False,False,False,False,True,False,2024-06-14 23:36:45+00:00,40.65503,-74.04645,178.0,2.966666666666667,False,0.0018219780184277003,0.036848993631122026,2.7051379007440204,0.0,0.0,0.036848993631122026,282.7,0.0,22.0,0.0
368051060,2024-06-14 23:42:45+00:00,40.65511,-74.0466,0.0,282.7,25.0,KRISTY ANN,IMO9862774,WDK4022,57,1.0,123.0,24.0,5.1,57.0,A,False,False,False,False,False,False,False,False,False,False,True,False,2024-06-14 23:39:43+00:00,40.65503,-74.04649,182.0,3.033333333333333,False,0.00694086152474269,0.1372917664234818,2.712078762268763,0.0,0.0,0.1372917664234818,282.7,0.0,22.0,3.0
368051060,2024-06-14 23:45:42+00:00,40.65509,-74.04661,0.0,282.7,25.0,KRISTY ANN,IMO9862774,WDK4022,57,1.0,123.0,24.0,5.1,57.0,A,False,False,False,False,False,False,False,False,False,False,True,False,2024-06-14 23:42:45+00:00,40.65511,-74.0466,177.0,2.95,False,0.0012842965303384343,0.026121285362815615,2.713363058799102,0.0,0.0,0.026121285362815615,282.7,0.0,25.0,0.0
368051060,2024-06-14 23:48:39+00:00,40.65507,-74.04664,0.1,282.7,23.0,KRISTY ANN,IMO9862774,WDK4022,57,1.0,123.0,24.0,5.1,57.0,A,False,False,False,False,False,False,False,False,False,False,True,False,2024-06-14 23:45:42+00:00,40.65509,-74.04661,177.0,2.95,False,0.0018191253842447057,0.03699916035751944,2.7151821841833463,0.1,0.03389830508474576,-0.06300083964248057,282.7,0.0,25.0,2.0
368051060,2024-06-14 23:51:39+00:00,40.65517,-74.04682,0.1,290.5,27.0,KRISTY ANN,IMO9862774,WDK4022,57,1.0,123.0,24.0,5.1,57.0,A,False,False,False,False,False,False,False,False,False,False,True,False,2024-06-14 23:48:39+00:00,40.65507,-74.04664,180.0,3.0,False,0.010162202853725424,0.20324405707450846,2.725344387037072,0.0,0.0,0.10324405707450846,282.7,7.800000000000011,23.0,4.0
368051060,2024-06-14 23:54:39+00:00,40.65522,-74.04688,0.0,290.5,34.0,KRISTY ANN,IMO9862774,WDK4022,57,1.0,123.0,24.0,5.1,57.0,A,False,False,False,False,False,False,False,False,False,False,True,False,2024-06-14 23:51:39+00:00,40.65517,-74.04682,180.0,3.0,False,0.004059706164656417,0.08119412329312833,2.7294040932017283,-0.1,-0.03333333333333333,0.08119412329312833,290.5,0.0,27.0,7.0
368051060,2024-06-14 23:57:42+00:00,40.65519,-74.04686,0.1,290.5,34.0,KRISTY ANN,IMO9862774,WDK4022,57,1.0,123.0,24.0,5.1,57.0,A,False,False,False,False,False,False,False,False,False,False,True,False,2024-06-14 23:54:39+00:00,40.65522,-74.04688,183.0,3.05,False,0.0020184815715478936,0.03970783419438479,2.7314225747732763,0.1,0.03278688524590164,-0.060292165805615215,290.5,0.0,34.0,0.0
