mmsi,timestamp,latitude,longitude,sog,cog,heading,vessel_name,imo,call_sign,vessel_type,navigation_status,length_m,width_m,draft_m,cargo,transceiver_class,invalid_mmsi,invalid_timestamp,invalid_latitude,invalid_longitude,sog_unavailable,sog_invalid,cog_unavailable,cog_invalid,heading_unavailable,heading_invalid,is_valid_core_record,duplicate_record,previous_timestamp,previous_latitude,previous_longitude,elapsed_seconds,reporting_gap_minutes,nonpositive_time_interval,distance_nm,calculated_speed_knots,cumulative_distance_nm,sog_change_knots,acceleration_knots_per_minute,speed_difference_knots,previous_cog,course_change_degrees,previous_heading,heading_change_degrees,flag_reporting_gap,flag_position_jump,flag_speed_mismatch,flag_rapid_course_change,flag_rapid_heading_change,flag_extreme_acceleration,flag_nonpositive_interval,anomaly_count,has_anomaly,anomaly_types
368051060,2024-06-14 00:00:35+00:00,40.6552,-74.0454,0.0,257.1,7.0,KRISTY ANN,IMO9862774,WDK4022,57,1.0,123.0,24.0,5.1,57.0,A,False,False,False,False,False,False,False,False,False,False,True,False,,,,,,False,,,0.0,,,,,,,,False,False,False,False,False,False,False,0,False,
368051060,2024-06-14 00:03:36+00:00,40.65521,-74.04551,0.1,257.1,3.0,KRISTY ANN,IMO9862774,WDK4022,57,1.0,123.0,24.0,5.1,57.0,A,False,False,False,False,False,False,False,False,False,False,True,False,2024-06-14 00:00:35+00:00,40.6552,-74.0454,181.0,3.0166666666666666,False,0.0050462717401392,0.1003678357154763,0.0050462717401392,0.1,0.0331491712707182,0.0003678357154763,257.1,0.0,7.0,4.0,False,False,False,False,False,False,False,0,False,
368051060,2024-06-14 00:06:34+00:00,40.65528,-74.04567,0.1,257.1,359.0,KRISTY ANN,IMO9862774,WDK4022,57,1.0,123.0,24.0,5.1,57.0,A,False,False,False,False,False,False,False,False,False,False,True,False,2024-06-14 00:03:36+00:00,40.65521,-74.04551,178.0,2.966666666666667,False,0.008412913823315,0.1701488188985075,0.0134591855634543,0.0,0.0,0.0701488188985074,257.1,0.0,3.0,4.0,False,False,False,False,False,False,False,0,False,
368051060,2024-06-14 00:09:37+00:00,40.65532,-74.04581,0.1,257.1,0.0,KRISTY ANN,IMO9862774,WDK4022,57,1.0,123.0,24.0,5.1,57.0,A,False,False,False,False,False,False,False,False,False,False,True,False,2024-06-14 00:06:34+00:00,40.65528,-74.04567,183.0,3.05,False,0.0068141462936925,0.1340487795480509,0.0202733318571469,0.0,0.0,0.0340487795480509,257.1,0.0,359.0,1.0,False,False,False,False,False,False,False,0,False,
368051060,2024-06-14 00:12:36+00:00,40.65533,-74.04587,0.0,257.1,4.0,KRISTY ANN,IMO9862774,WDK4022,57,1.0,123.0,24.0,5.1,57.0,A,False,False,False,False,False,False,False,False,False,False,True,False,2024-06-14 00:09:37+00:00,40.65532,-74.04581,179.0,2.9833333333333334,False,0.0027981294483119,0.0562752291280609,0.0230714613054588,-0.1,-0.0335195530726257,0.0562752291280609,257.1,0.0,0.0,4.0,False,False,False,False,False,False,False,0,False,
368051060,2024-06-14 00:15:33+00:00,40.65531,-74.04589,0.0,257.1,7.0,KRISTY ANN,IMO9862774,WDK4022,57,1.0,123.0,24.0,5.1,57.0,A,False,False,False,False,False,False,False,False,False,False,True,False,2024-06-14 00:12:36+00:00,40.65533,-74.04587,177.0,2.95,False,0.0015072612682892,0.0306561613889344,0.0245787225737481,0.0,0.0,0.0306561613889344,257.1,0.0,4.0,3.0,False,False,False,False,False,False,False,0,False,
368051060,2024-06-14 00:18:34+00:00,40.65528,-74.04582,0.1,257.1,9.0,KRISTY ANN,IMO9862774,WDK4022,57,1.0,123.0,24.0,5.1,57.0,A,False,False,False,False,False,False,False,False,False,False,True,False,2024-06-14 00:15:33+00:00,40.65531,-74.04589,181.0,3.0166666666666666,False,0.0036620455230468,0.072836264546788,0.0282407680967949,0.1,0.0331491712707182,-0.0271637354532119,257.1,0.0,7.0,2.0,False,False,False,False,False,False,False,0,False,
368051060,2024-06-14 00:21:33+00:00,40.65525,-74.04571,0.1,257.1,8.0,KRISTY ANN,IMO9862774,WDK4022,57,1.0,123.0,24.0,5.1,57.0,A,False,False,False,False,False,False,False,False,False,False,True,False,2024-06-14 00:18:34+00:00,40.65528,-74.04582,179.0,2.9833333333333334,False,0.0053243496196069,0.1070818917909784,0.0335651177164019,0.0,0.0,0.0070818917909784,257.1,0.0,9.0,1.0,False,False,False,False,False,False,False,0,False,
368051060,2024-06-14 00:24:33+00:00,40.65522,-74.0456,0.0,257.1,7.0,KRISTY ANN,IMO9862774,WDK4022,57,1.0,123.0,24.0,5.1,57.0,A,False,False,False,False,False,False,False,False,False,False,True,False,2024-06-14 00:21:33+00:00,40.65525,-74.04571,180.0,3.0,False,0.0053243517394454,0.1064870347889081,0.0388894694558473,-0.1,-0.0333333333333333,0.1064870347889081,257.1,0.0,8.0,1.0,False,False,False,False,False,False,False,0,False,
368051060,2024-06-14 00:27:38+00:00,40.65523,-74.04555,0.0,257.1,8.0,KRISTY ANN,IMO9862774,WDK4022,57,1.0,123.0,24.0,5.1,57.0,A,False,False,False,False,False,False,False,False,False,False,True,False,2024-06-14 00:24:33+00:00,40.65522,-74.0456,185.0,3.083333333333333,False,0.0023552784253091,0.0458324450330421,0.0412447478811564,0.0,0.0,0.0458324450330421,257.1,0.0,7.0,1.0,False,False,False,False,False,False,False,0,False,
368051060,2024-06-14 00:30:37+00:00,40.6552,-74.04548,0.0,257.1,11.0,KRISTY ANN,IMO9862774,WDK4022,57,1.0,123.0,24.0,5.1,57.0,A,False,False,False,False,False,False,False,False,False,False,True,False,2024-06-14 00:27:38+00:00,40.65523,-74.04555,179.0,2.9833333333333334,False,0.0036620488523207,0.0736501445159481,0.0449067967334772,0.0,0.0,0.0736501445159481,257.1,0.0,8.0,3.0,False,False,False,False,False,False,False,0,False,
368051060,2024-06-14 00:33:37+00:00,40.6552,-74.04533,0.1,257.1,9.0,KRISTY ANN,IMO9862774,WDK4022,57,1.0,123.0,24.0,5.1,57.0,A,False,False,False,False,False,False,False,False,False,False,True,False,2024-06-14 00:30:37+00:00,40.6552,-74.04548,180.0,3.0,False,0.0068324001587429,0.1366480031748599,0.0517391968922202,0.1,0.0333333333333333,0.0366480031748598,257.1,0.0,11.0,2.0,False,False,False,False,False,False,False,0,False,
368051060,2024-06-14 00:36:39+00:00,40.65522,-74.04513,0.1,85.4,8.0,KRISTY ANN,IMO9862774,WDK4022,57,1.0,123.0,24.0,5.1,57.0,A,False,False,False,False,False,False,False,False,False,False,True,False,2024-06-14 00:33:37+00:00,40.6552,-74.04533,182.0,3.033333333333333,False,0.0091886665213416,0.1817538432792857,0.0609278634135618,0.0,0.0,0.0817538432792857,257.1,171.70000000000002,9.0,1.0,False,False,False,False,False,False,False,0,False,
368051060,2024-06-14 00:39:39+00:00,40.65523,-74.04497,0.1,77.2,4.0,KRISTY ANN,IMO9862774,WDK4022,57,1.0,123.0,24.0,5.1,57.0,A,False,False,False,False,False,False,False,False,False,False,True,False,2024-06-14 00:36:39+00:00,40.65522,-74.04513,180.0,3.0,False,0.007312580775307,0.1462516155061409,0.0682404441888689,0.0,0.0,0.0462516155061409,85.4,8.199999999999989,8.0,4.0,False,False,False,False,False,False,False,0,False,
368051060,2024-06-14 00:42:32+00:00,40.65524,-74.04484,0.1,77.2,359.0,KRISTY ANN,IMO9862774,WDK4022,57,1.0,123.0,24.0,5.1,57.0,A,False,False,False,False,False,False,False,False,False,False,True,False,2024-06-14 00:39:39+00:00,40.65523,-74.04497,173.0,2.8833333333333333,False,0.00595177170341,0.1238518967183602,0.074192215892279,0.0,0.0,0.0238518967183602,77.2,0.0,4.0,5.0,False,False,False,False,False,False,False,0,False,
368051060,2024-06-14 00:45:33+00:00,40.65523,-74.04475,0.0,77.2,354.0,KRISTY ANN,IMO9862774,WDK4022,57,1.0,123.0,24.0,5.1,57.0,A,False,False,False,False,False,False,False,False,False,False,True,False,2024-06-14 00:42:32+00:00,40.65524,-74.04484,181.0,3.0166666666666666,False,0.0041431723540639,0.0824056379813826,0.0783353882463429,-0.1,-0.0331491712707182,0.0824056379813826,77.2,0.0,359.0,5.0,False,False,False,False,False,False,False,0,False,
368051060,2024-06-14 00:48:34+00:00,40.65523,-74.04473,0.0,77.2,349.0,KRISTY ANN,IMO9862774,WDK4022,57,1.0,123.0,24.0,5.1,57.0,A,False,False,False,False,False,False,False,False,False,False,True,False,2024-06-14 00:45:33+00:00,40.65523,-74.04475,181.0,3.0166666666666666,False,0.0009109862777784,0.0181190640884112,0.0792463745241214,0.0,0.0,0.0181190640884112,77.2,0.0,354.0,5.0,False,False,False,False,False,False,False,0,False,
368051060,2024-06-14 00:51:37+00:00,40.65518,-74.04486,0.1,77.2,345.0,KRISTY ANN,IMO9862774,WDK4022,57,1.0,123.0,24.0,5.1,57.0,A,False,False,False,False,False,False,False,False,False,False,True,False,2024-06-14 00:48:34+00:00,40.65523,-74.04473,183.0,3.05,False,0.0066389211891485,0.1306017283111188,0.0858852957132699,0.1,0.0327868852459016,0.0306017283111188,77.2,0.0,349.0,4.0,False,False,False,False,False,False,False,0,False,
368051060,2024-06-14 00:54:33+00:00,40.65528,-74.04514,0.3,293.3,344.0,KRISTY ANN,IMO9862774,WDK4022,57,1.0,123.0,24.0,5.1,57.0,A,False,False,False,False,False,False,False,False,False,False,True,False,2024-06-14 00:51:37+00:00,40.65518,-74.04486,176.0,2.933333333333333,False,0.0140963890793084,0.2883352311676728,0.0999816847925784,0.1999999999999999,0.0681818181818181,-0.0116647688323272,77.2,143.89999999999998,345.0,1.0,False,False,False,False,False,False,False,0,False,
368051060,2024-06-14 00:57:35+00:00,40.65537,-74.04551,0.3,297.6,347.0,KRISTY ANN,IMO9862774,WDK4022,57,1.0,123.0,24.0,5.1,57.0,A,False,False,False,False,False,False,False,False,False,False,True,False,2024-06-14 00:54:33+00:00,40.65528,-74.04514,182.0,3.033333333333333,False,0.0176983173749292,0.3500766074161821,0.1176800021675076,0.0,0.0,0.050076607416182,293.3,4.300000000000011,344.0,3.0,False,False,False,False,False,False,False,0,False,
368051060,2024-06-14 01:00:37+00:00,40.65554,-74.0459,0.4,296.3,352.0,KRISTY ANN,IMO9862774,WDK4022,57,1.0,123.0,24.0,5.1,57.0,A,False,False,False,False,False,False,False,False,False,False,True,False,2024-06-14 00:57:35+00:00,40.65537,-74.04551,182.0,3.033333333333333,False,0.0204877082754344,0.4052513724811203,0.138167710442942,0.1,0.0329670329670329,0.0052513724811203,297.6,1.3000000000000114,347.0,5.0,False,False,False,False,False,False,False,0,False,
368051060,2024-06-14 01:03:33+00:00,40.65575,-74.04639,0.3,306.7,8.0,KRISTY ANN,IMO9862774,WDK4022,57,1.0,123.0,24.0,5.1,57.0,A,False,False,False,False,False,False,False,False,False,False,True,False,2024-06-14 01:00:37+00:00,40.65554,-74.0459,176.0,2.933333333333333,False,0.0256342167169065,0.524336251027634,0.1638019271598485,-0.1,-0.0340909090909091,0.224336251027634,296.3,10.399999999999975,352.0,16.0,False,False,False,False,False,False,False,0,False,
368051060,2024-06-14 01:06:38+00:00,40.65591,-74.04669,0.2,308.6,20.0,KRISTY ANN,IMO9862774,WDK4022,57,1.0,123.0,24.0,5.1,57.0,A,False,False,False,False,False,False,False,False,False,False,True,False,2024-06-14 01:03:33+00:00,40.65575,-74.04639,185.0,3.083333333333333,False,0.016703519945967,0.3250414692188179,0.1805054471058156,-0.0999999999999999,-0.0324324324324324,0.1250414692188178,306.7,1.900000000000034,8.0,12.0,False,False,False,False,False,False,False,0,False,
368051060,2024-06-14 01:09:36+00:00,40.656,-74.04684,0.1,302.7,28.0,KRISTY ANN,IMO9862774,WDK4022,57,1.0,123.0,24.0,5.1,57.0,A,False,False,False,False,False,False,False,False,False,False,True,False,2024-06-14 01:06:38+00:00,40.65591,-74.04669,178.0,2.966666666666667,False,0.0087109113472319,0.1761757351125567,0.1892163584530475,-0.1,-0.0337078651685393,0.0761757351125567,308.6,5.900000000000034,20.0,8.0,False,False,False,False,False,False,False,0,False,
368051060,2024-06-14 01:12:39+00:00,40.65596,-74.04695,0.0,302.7,38.0,KRISTY ANN,IMO9862774,WDK4022,57,1.0,123.0,24.0,5.1,57.0,A,False,False,False,False,False,False,False,False,False,False,True,False,2024-06-14 01:09:36+00:00,40.656,-74.04684,183.0,3.05,False,0.0055562181952322,0.1093026530209625,0.1947725766482798,-0.1,-0.0327868852459016,0.1093026530209625,302.7,0.0,28.0,10.0,False,False,False,False,False,False,False,0,False,
368051060,2024-06-14 01:15:36+00:00,40.65591,-74.04699,0.0,302.7,47.0,KRISTY ANN,IMO9862774,WDK4022,57,1.0,123.0,24.0,5.1,57.0,A,False,False,False,False,False,False,False,False,False,False,True,False,2024-06-14 01:12:39+00:00,40.65596,-74.04695,177.0,2.95,False,0.0035116457897268,0.0714233041978342,0.1982842224380066,0.0,0.0,0.0714233041978342,302.7,0.0,38.0,9.0,False,False,False,False,False,False,False,0,False,
368051060,2024-06-14 01:21:37+00:00,40.65576,-74.04673,0.3,121.9,58.0,KRISTY ANN,IMO9862774,WDK4022,57,1.0,123.0,24.0,5.1,57.0,A,False,False,False,False,False,False,False,False,False,False,True,False,2024-06-14 01:15:36+00:00,40.65591,-74.04699,361.0,6.016666666666667,False,0.014878143736081,0.1483693004152123,0.2131623661740876,0.3,0.0498614958448753,-0.1516306995847876,302.7,179.20000000000005,47.0,11.0,False,False,False,False,False,False,False,0,False,
368051060,2024-06-14 01:24:38+00:00,40.65564,-74.04646,0.2,118.3,54.0,KRISTY ANN,IMO9862774,WDK4022,57,1.0,123.0,24.0,5.1,57.0,A,False,False,False,False,False,False,False,False,False,False,True,False,2024-06-14 01:21:37+00:00,40.65576,-74.04673,181.0,3.0166666666666666,False,0.0142532927629605,0.2834909057826403,0.2274156589370482,-0.0999999999999999,-0.0331491712707182,0.0834909057826403,121.9,3.6000000000000227,58.0,4.0,False,False,False,False,False,False,False,0,False,
368051060,2024-06-14 01:27:36+00:00,40.65556,-74.04627,0.1,120.2,50.0,KRISTY ANN,IMO9862774,WDK4022,57,1.0,123.0,24.0,5.1,57.0,A,False,False,False,False,False,False,False,False,False,False,True,False,2024-06-14 01:24:38+00:00,40.65564,-74.04646,178.0,2.966666666666667,False,0.0098978971250869,0.2001821890467023,0.2373135560621351,-0.1,-0.0337078651685393,0.1001821890467022,118.3,1.9000000000000057,54.0,4.0,False,False,False,False,False,False,False,0,False,
368051060,2024-06-14 01:30:39+00:00,40.65553,-74.04612,0.1,120.2,48.0,KRISTY ANN,IMO9862774,WDK4022,57,1.0,123.0,24.0,5.1,57.0,A,False,False,False,False,False,False,False,False,False,False,True,False,2024-06-14 01:27:36+00:00,40.65556,-74.04627,183.0,3.05,False,0.0070658035909464,0.1389994149038636,0.2443793596530815,0.0,0.0,0.0389994149038636,120.2,0.0,50.0,2.0,False,False,False,False,False,False,False,0,False,
368051060,2024-06-14 01:33:36+00:00,40.65547,-74.04602,0.1,120.2,45.0,KRISTY ANN,IMO9862774,WDK4022,57,1.0,123.0,24.0,5.1,57.0,A,False,False,False,False,False,False,False,False,False,False,True,False,2024-06-14 01:30:39+00:00,40.65553,-74.04612,177.0,2.95,False,0.0058072985958655,0.1181145477125192,0.2501866582489471,0.0,0.0,0.0181145477125192,120.2,0.0,48.0,3.0,False,False,False,False,False,False,False,0,False,
368051060,2024-06-14 01:36:33+00:00,40.65544,-74.04593,0.0,120.2,42.0,KRISTY ANN,IMO9862774,WDK4022,57,1.0,123.0,24.0,5.1,57.0,A,False,False,False,False,False,False,False,False,False,False,True,False,2024-06-14 01:33:36+00:00,40.65547,-74.04602,177.0,2.95,False,0.0044776837612955,0.0910715341280455,0.2546643420102427,-0.1,-0.0338983050847457,0.0910715341280455,120.2,0.0,45.0,3.0,False,False,False,False,False,False,False,0,False,
368051060,2024-06-14 01:45:33+00:00,40.65543,-74.04585,0.0,120.2,39.0,KRISTY ANN,IMO9862774,WDK4022,57,1.0,123.0,24.0,5.1,57.0,A,False,False,False,False,False,False,False,False,False,False,True,False,2024-06-14 01:36:33+00:00,40.65544,-74.04593,540.0,9.0,False,0.0036930664871455,0.0246204432476367,0.2583574084973882,0.0,0.0,0.0246204432476367,120.2,0.0,42.0,3.0,False,False,False,False,False,False,False,0,False,
368051060,2024-06-14 01:54:38+00:00,40.65543,-74.0458,0.1,120.2,40.0,KRISTY ANN,IMO9862774,WDK4022,57,1.0,123.0,24.0,5.1,57.0,A,False,False,False,False,False,False,False,False,False,False,True,False,2024-06-14 01:45:33+00:00,40.65543,-74.04585,545.0,9.083333333333334,False,0.0022774588687273,0.0150437650044372,0.2606348673661155,0.1,0.0110091743119266,-0.0849562349955627,120.2,0.0,39.0,1.0,False,False,False,False,False,False,False,0,False,
368051060,2024-06-14 01:57:33+00:00,40.65542,-74.04567,0.1,120.2,37.0,KRISTY ANN,IMO9862774,WDK4022,57,1.0,123.0,24.0,5.1,57.0,A,False,False,False,False,False,False,False,False,False,False,True,False,2024-06-14 01:54:38+00:00,40.65543,-74.0458,175.0,2.9166666666666665,False,0.0059517549252145,0.1224361013186985,0.26658662229133,0.0,0.0,0.0224361013186985,120.2,0.0,40.0,3.0,False,False,False,False,False,False,False,0,False,
368051060,2024-06-14 02:27:38+00:00,40.65592,-74.04423,0.1,67.3,310.0,KRISTY ANN,IMO9862774,WDK4022,57,1.0,123.0,24.0,5.1,57.0,A,False,False,False,False,False,False,False,False,False,False,True,False,2024-06-14 01:57:33+00:00,40.65542,-74.04567,1805.0,30.08333333333333,False,0.0721341690553735,0.1438687028251217,0.3387207913467036,0.0,0.0,0.0438687028251217,120.2,52.900000000000006,37.0,87.0,True,False,False,False,False,False,False,1,True,reporting_gap
368051060,2024-06-14 02:30:33+00:00,40.65598,-74.04437,0.1,67.3,291.0,KRISTY ANN,IMO9862774,WDK4022,57,1.0,123.0,24.0,5.1,57.0,A,False,False,False,False,False,False,False,False,False,False,True,False,2024-06-14 02:27:38+00:00,40.65592,-74.04423,175.0,2.9166666666666665,False,0.0073240365372886,0.1506658944813662,0.3460448278839922,0.0,0.0,0.0506658944813662,67.3,0.0,310.0,19.0,False,False,False,False,False,False,False,0,False,
368051060,2024-06-14 02:33:36+00:00,40.65593,-74.04454,0.1,224.6,289.0,KRISTY ANN,IMO9862774,WDK4022,57,1.0,123.0,24.0,5.1,57.0,A,False,False,False,False,False,False,False,False,False,False,True,False,2024-06-14 02:30:33+00:00,40.65598,-74.04437,183.0,3.05,False,0.0083048675556442,0.1633744437175917,0.3543496954396364,0.0,0.0,0.0633744437175916,67.3,157.3,291.0,2.0,False,False,False,False,False,False,False,0,False,
368051060,2024-06-14 02:36:37+00:00,40.65586,-74.04467,0.0,224.6,295.0,KRISTY ANN,IMO9862774,WDK4022,57,1.0,123.0,24.0,5.1,57.0,A,False,False,False,False,False,False,False,False,False,False,True,False,2024-06-14 02:33:36+00:00,40.65593,-74.04454,181.0,3.0166666666666666,False,0.0072612812861469,0.1444232741996078,0.3616109767257834,-0.1,-0.0331491712707182,0.1444232741996078,224.6,0.0,289.0,6.0,False,False,False,False,False,False,False,0,False,
368051060,2024-06-14 02:39:38+00:00,40.65588,-74.04478,0.0,224.6,298.0,KRISTY ANN,IMO9862774,WDK4022,57,1.0,123.0,24.0,5.1,57.0,A,False,False,False,False,False,False,False,False,False,False,True,False,2024-06-14 02:36:37+00:00,40.65586,-74.04467,181.0,3.0166666666666666,False,0.0051522631062871,0.1024759512852689,0.3667632398320705,0.0,0.0,0.1024759512852689,224.6,0.0,295.0,3.0,False,False,False,False,False,False,False,0,False,
368051060,2024-06-14 02:42:38+00:00,40.65594,-74.04482,0.1,224.6,296.0,KRISTY ANN,IMO9862774,WDK4022,57,1.0,123.0,24.0,5.1,57.0,A,False,False,False,False,False,False,False,False,False,False,True,False,2024-06-14 02:39:38+00:00,40.65588,-74.04478,180.0,3.0,False,0.004036954453348,0.0807390890669612,0.3708001942854186,0.1,0.0333333333333333,-0.0192609109330387,224.6,0.0,298.0,2.0,False,False,False,False,False,False,False,0,False,
368051060,2024-06-14 02:45:39+00:00,40.65605,-74.04475,0.1,224.6,290.0,KRISTY ANN,IMO9862774,WDK4022,57,1.0,123.0,24.0,5.1,57.0,A,False,False,False,False,False,False,False,False,False,False,True,False,2024-06-14 02:42:38+00:00,40.65594,-74.04482,181.0,3.0166666666666666,False,0.0073338094906375,0.1458658241231771,0.3781340037760561,0.0,0.0,0.0458658241231771,224.6,0.0,296.0,6.0,False,False,False,False,False,False,False,0,False,
368051060,2024-06-14 02:48:39+00:00,40.65618,-74.04464,0.2,31.8,280.0,KRISTY ANN,IMO9862774,WDK4022,57,1.0,123.0,24.0,5.1,57.0,A,False,False,False,False,False,False,False,False,False,False,True,False,2024-06-14 02:45:39+00:00,40.65605,-74.04475,180.0,3.0,False,0.0092750078161325,0.1855001563226509,0.3874090115921886,0.1,0.0333333333333333,-0.014499843677349,224.6,167.20000000000005,290.0,10.0,False,False,False,False,False,False,False,0,False,
368051060,2024-06-14 02:51:39+00:00,40.65632,-74.04452,0.2,38.4,272.0,KRISTY ANN,IMO9862774,WDK4022,57,1.0,123.0,24.0,5.1,57.0,A,False,False,False,False,False,False,False,False,False,False,True,False,2024-06-14 02:48:39+00:00,40.65618,-74.04464,180.0,3.0,False,0.0100264918181608,0.2005298363632179,0.3974355034103495,0.0,0.0,0.0005298363632178,31.8,6.599999999999994,280.0,8.0,False,False,False,False,False,False,False,0,False,
368051060,2024-06-14 02:54:39+00:00,40.65643,-74.04439,0.1,46.6,262.0,KRISTY ANN,IMO9862774,WDK4022,57,1.0,123.0,24.0,5.1,57.0,A,False,False,False,False,False,False,False,False,False,False,True,False,2024-06-14 02:51:39+00:00,40.65632,-74.04452,180.0,3.0,False,0.0088702125827438,0.1774042516548766,0.4063057159930934,-0.1,-0.0333333333333333,0.0774042516548766,38.4,8.199999999999989,272.0,10.0,False,False,False,False,False,False,False,0,False,
368051060,2024-06-14 02:57:40+00:00,40.65648,-74.04424,0.1,46.6,259.0,KRISTY ANN,IMO9862774,WDK4022,57,1.0,123.0,24.0,5.1,57.0,A,False,False,False,False,False,False,False,False,False,False,True,False,2024-06-14 02:54:39+00:00,40.65643,-74.04439,181.0,3.0166666666666666,False,0.0074627125114696,0.1484296411121041,0.4137684285045631,0.0,0.0,0.0484296411121041,46.6,0.0,262.0,3.0,False,False,False,False,False,False,False,0,False,
368051060,2024-06-14 03:00:41+00:00,40.65654,-74.04409,0.1,46.6,253.0,KRISTY ANN,IMO9862774,WDK4022,57,1.0,123.0,24.0,5.1,57.0,A,False,False,False,False,False,False,False,False,False,False,True,False,2024-06-14 02:57:40+00:00,40.65648,-74.04424,181.0,3.0166666666666666,False,0.00772381665177,0.1536228726318914,0.4214922451563331,0.0,0.0,0.0536228726318914,46.6,0.0,259.0,6.0,False,False,False,False,False,False,False,0,False,
368051060,2024-06-14 03:03:42+00:00,40.65644,-74.04395,0.2,141.9,258.0,KRISTY ANN,IMO9862774,WDK4022,57,1.0,123.0,24.0,5.1,57.0,A,False,False,False,False,False,False,False,False,False,False,True,False,2024-06-14 03:00:41+00:00,40.65654,-74.04409,181.0,3.0166666666666666,False,0.0087585351085754,0.1742029082368604,0.4302507802649086,0.1,0.0331491712707182,-0.0257970917631395,46.6,95.3,253.0,5.0,False,False,False,False,False,False,False,0,False,
368051060,2024-06-14 03:06:42+00:00,40.65632,-74.0438,0.1,131.0,267.0,KRISTY ANN,IMO9862774,WDK4022,57,1.0,123.0,24.0,5.1,57.0,A,False,False,False,False,False,False,False,False,False,False,True,False,2024-06-14 03:03:42+00:00,40.65644,-74.04395,180.0,3.0,False,0.0099292487321571,0.1985849746431439,0.4401800289970658,-0.1,-0.0333333333333333,0.0985849746431438,141.9,10.900000000000006,258.0,9.0,False,False,False,False,False,False,False,0,False,
368051060,2024-06-14 03:09:43+00:00,40.65631,-74.04369,0.0,131.0,269.0,KRISTY ANN,IMO9862774,WDK4022,57,1.0,123.0,24.0,5.1,57.0,A,False,False,False,False,False,False,False,False,False,False,True,False,2024-06-14 03:06:42+00:00,40.65632,-74.0438,181.0,3.0166666666666666,False,0.005046188972417,0.1003661895066374,0.4452262179694828,-0.1,-0.0331491712707182,0.1003661895066374,131.0,0.0,267.0,2.0,False,False,False,False,False,False,False,0,False,
368051060,2024-06-14 03:12:41+00:00,40.65636,-74.04365,0.1,131.0,272.0,KRISTY ANN,IMO9862774,WDK4022,57,1.0,123.0,24.0,5.1,57.0,A,False,False,False,False,False,False,False,False,False,False,True,False,2024-06-14 03:09:43+00:00,40.65631,-74.04369,178.0,2.966666666666667,False,0.0035116401222045,0.0710219350558231,0.4487378580916874,0.1,0.0337078651685393,-0.0289780649441768,131.0,0.0,269.0,3.0,False,False,False,False,False,False,False,0,False,
368051060,2024-06-14 03:15:42+00:00,40.65652,-74.04363,0.1,3.5,265.0,KRISTY ANN,IMO9862774,WDK4022,57,1.0,123.0,24.0,5.1,57.0,A,False,False,False,False,False,False,False,False,False,False,True,False,2024-06-14 03:12:41+00:00,40.65636,-74.04365,181.0,3.0166666666666666,False,0.0096495701034378,0.1919251512285983,0.4583874281951253,0.0,0.0,0.0919251512285982,131.0,127.5,272.0,7.0,False,False,False,False,False,False,False,0,False,
368051060,2024-06-14 03:18:42+00:00,40.65665,-74.04362,0.1,3.1,261.0,KRISTY ANN,IMO9862774,WDK4022,57,1.0,123.0,24.0,5.1,57.0,A,False,False,False,False,False,False,False,False,False,False,True,False,2024-06-14 03:15:42+00:00,40.65652,-74.04363,180.0,3.0,False,0.0078185387127666,0.1563707742553336,0.4662059669078919,0.0,0.0,0.0563707742553336,3.5,0.4000000000000057,265.0,4.0,False,False,False,False,False,False,False,0,False,
368051060,2024-06-14 03:21:42+00:00,40.65679,-74.04358,0.1,3.1,258.0,KRISTY ANN,IMO9862774,WDK4022,57,1.0,123.0,24.0,5.1,57.0,A,False,False,False,False,False,False,False,False,False,False,True,False,2024-06-14 03:18:42+00:00,40.65665,-74.04362,180.0,3.0,False,0.0086008506238072,0.1720170124761447,0.4748068175316992,0.0,0.0,0.0720170124761447,3.1,0.0,261.0,3.0,False,False,False,False,False,False,False,0,False,
368051060,2024-06-14 03:24:41+00:00,40.65688,-74.04359,0.0,3.1,256.0,KRISTY ANN,IMO9862774,WDK4022,57,1.0,123.0,24.0,5.1,57.0,A,False,False,False,False,False,False,False,False,False,False,True,False,2024-06-14 03:21:42+00:00,40.65679,-74.04358,179.0,2.9833333333333334,False,0.0054228041739681,0.1090619833870694,0.4802296217056673,-0.1,-0.0335195530726257,0.1090619833870694,3.1,0.0,258.0,2.0,False,False,False,False,False,False,False,0,False,
368051060,2024-06-14 03:27:43+00:00,40.65698,-74.04357,0.1,3.1,256.0,KRISTY ANN,IMO9862774,WDK4022,57,1.0,123.0,24.0,5.1,57.0,A,False,False,False,False,False,False,False,False,False,False,True,False,2024-06-14 03:24:41+00:00,40.65688,-74.04359,182.0,3.033333333333333,False,0.0060727607356035,0.1201205420229275,0.4863023824412709,0.1,0.0329670329670329,0.0201205420229275,3.1,0.0,256.0,0.0,False,False,False,False,False,False,False,0,False,
368051060,2024-06-14 03:30:42+00:00,40.65714,-74.04362,0.1,336.5,251.0,KRISTY ANN,IMO9862774,WDK4022,57,1.0,123.0,24.0,5.1,57.0,A,False,False,False,False,False,False,False,False,False,False,True,False,2024-06-14 03:27:43+00:00,40.65698,-74.04357,179.0,2.9833333333333334,False,0.0098727353218528,0.1985578053557006,0.4961751177631238,0.0,0.0,0.0985578053557006,3.1,26.600000000000023,256.0,5.0,False,False,False,False,False,False,False,0,False,
368051060,2024-06-14 03:33:42+00:00,40.65725,-74.04372,0.1,336.5,245.0,KRISTY ANN,IMO9862774,WDK4022,57,1.0,123.0,24.0,5.1,57.0,A,False,False,False,False,False,False,False,False,False,False,True,False,2024-06-14 03:30:42+00:00,40.65714,-74.04362,180.0,3.0,False,0.0080227767412866,0.160455534825732,0.5041978945044104,0.0,0.0,0.060455534825732,336.5,0.0,251.0,6.0,False,False,False,False,False,False,False,0,False,
368051060,2024-06-14 03:36:42+00:00,40.65732,-74.04378,0.1,336.5,242.0,KRISTY ANN,IMO9862774,WDK4022,57,1.0,123.0,24.0,5.1,57.0,A,False,False,False,False,False,False,False,False,False,False,True,False,2024-06-14 03:33:42+00:00,40.65725,-74.04372,180.0,3.0,False,0.0050132227965776,0.1002644559315532,0.5092111173009881,0.0,0.0,0.0002644559315532,336.5,0.0,245.0,3.0,False,False,False,False,False,False,False,0,False,
368051060,2024-06-14 03:39:43+00:00,40.65741,-74.04386,0.1,336.5,237.0,KRISTY ANN,IMO9862774,WDK4022,57,1.0,123.0,24.0,5.1,57.0,A,False,False,False,False,False,False,False,False,False,False,True,False,2024-06-14 03:36:42+00:00,40.65732,-74.04378,181.0,3.0166666666666666,False,0.0065174248939319,0.1296283404317956,0.51572854219492,0.0,0.0,0.0296283404317956,336.5,0.0,242.0,5.0,False,False,False,False,False,False,False,0,False,
368051060,2024-06-14 03:42:44+00:00,40.6575,-74.0439,0.0,336.5,233.0,KRISTY ANN,IMO9862774,WDK4022,57,1.0,123.0,24.0,5.1,57.0,A,False,False,False,False,False,False,False,False,False,False,True,False,2024-06-14 03:39:43+00:00,40.65741,-74.04386,181.0,3.0166666666666666,False,0.0057025173106347,0.1134202338026802,0.5214310595055548,-0.1,-0.0331491712707182,0.1134202338026802,336.5,0.0,237.0,4.0,False,False,False,False,False,False,False,0,False,
368051060,2024-06-14 03:45:34+00:00,40.65753,-74.04399,0.0,336.5,230.0,KRISTY ANN,IMO9862774,WDK4022,57,1.0,123.0,24.0,5.1,57.0,A,False,False,False,False,False,False,False,False,False,False,True,False,2024-06-14 03:42:44+00:00,40.6575,-74.0439,170.0,2.833333333333333,False,0.0044775678762347,0.0948190844379116,0.5259086273817896,0.0,0.0,0.0948190844379116,336.5,0.0,233.0,3.0,False,False,False,False,False,False,False,0,False,
368051060,2024-06-14 03:48:34+00:00,40.65761,-74.04407,0.1,336.5,225.0,KRISTY ANN,IMO9862774,WDK4022,57,1.0,123.0,24.0,5.1,57.0,A,False,False,False,False,False,False,False,False,False,False,True,False,2024-06-14 03:45:34+00:00,40.65753,-74.04399,180.0,3.0,False,0.0060289707976534,0.1205794159530688,0.531937598179443,0.1,0.0333333333333333,0.0205794159530687,336.5,0.0,230.0,5.0,False,False,False,False,False,False,False,0,False,
368051060,2024-06-14 03:51:36+00:00,40.65772,-74.04422,0.1,336.5,217.0,KRISTY ANN,IMO9862774,WDK4022,57,1.0,123.0,24.0,5.1,57.0,A,False,False,False,False,False,False,False,False,False,False,True,False,2024-06-14 03:48:34+00:00,40.65761,-74.04407,182.0,3.033333333333333,False,0.0095024739533751,0.1879610232535752,0.5414400721328182,0.0,0.0,0.0879610232535752,336.5,0.0,225.0,8.0,False,False,False,False,False,False,False,0,False,
368051060,2024-06-14 03:54:33+00:00,40.65778,-74.04432,0.1,336.5,212.0,KRISTY ANN,IMO9862774,WDK4022,57,1.0,123.0,24.0,5.1,57.0,A,False,False,False,False,False,False,False,False,False,False,True,False,2024-06-14 03:51:36+00:00,40.65772,-74.04422,177.0,2.95,False,0.005807178109817,0.1181120971488219,0.5472472502426353,0.0,0.0,0.0181120971488218,336.5,0.0,217.0,5.0,False,False,False,False,False,False,False,0,False,
368051060,2024-06-14 03:57:36+00:00,40.65787,-74.04445,0.1,336.5,206.0,KRISTY ANN,IMO9862774,WDK4022,57,1.0,123.0,24.0,5.1,57.0,A,False,False,False,False,False,False,False,False,False,False,True,False,2024-06-14 03:54:33+00:00,40.65778,-74.04432,183.0,3.05,False,0.008016216031971,0.1576960530879552,0.5552634662746064,0.0,0.0,0.0576960530879552,336.5,0.0,212.0,6.0,False,False,False,False,False,False,False,0,False,
368051060,2024-06-14 04:00:36+00:00,40.65794,-74.04455,0.0,336.5,202.0,KRISTY ANN,IMO9862774,WDK4022,57,1.0,123.0,24.0,5.1,57.0,A,False,False,False,False,False,False,False,False,False,False,True,False,2024-06-14 03:57:36+00:00,40.65787,-74.04445,180.0,3.0,False,0.0061975426742975,0.1239508534859507,0.5614610089489039,-0.1,-0.0333333333333333,0.1239508534859507,336.5,0.0,206.0,4.0,False,False,False,False,False,False,False,0,False,
368051060,2024-06-14 04:03:34+00:00,40.658,-74.04464,0.0,336.5,199.0,KRISTY ANN,IMO9862774,WDK4022,57,1.0,123.0,24.0,5.1,57.0,A,False,False,False,False,False,False,False,False,False,False,True,False,2024-06-14 04:00:36+00:00,40.65794,-74.04455,178.0,2.966666666666667,False,0.005457242761403,0.1103712019160166,0.566918251710307,0.0,0.0,0.1103712019160166,336.5,0.0,202.0,3.0,False,False,False,False,False,False,False,0,False,
368051060,2024-06-14 04:06:37+00:00,40.658,-74.04471,0.0,336.5,195.0,KRISTY ANN,IMO9862774,WDK4022,57,1.0,123.0,24.0,5.1,57.0,A,False,False,False,False,False,False,False,False,False,False,True,False,2024-06-14 04:03:34+00:00,40.658,-74.04464,183.0,3.05,False,0.0031883195914377,0.0627210411430374,0.5701065713017447,0.0,0.0,0.0627210411430374,336.5,0.0,199.0,4.0,False,False,False,False,False,False,False,0,False,
368051060,2024-06-14 04:09:37+00:00,40.65802,-74.04478,0.0,336.5,193.0,KRISTY ANN,IMO9862774,WDK4022,57,1.0,123.0,24.0,5.1,57.0,A,False,False,False,False,False,False,False,False,False,False,True,False,2024-06-14 04:06:37+00:00,40.658,-74.04471,180.0,3.0,False,0.0034069519432563,0.0681390388651269,0.573513523245001,0.0,0.0,0.0681390388651269,336.5,0.0,195.0,2.0,False,False,False,False,False,False,False,0,False,
368051060,2024-06-14 04:12:39+00:00,40.65803,-74.0448,0.0,336.5,190.0,KRISTY ANN,IMO9862774,WDK4022,57,1.0,123.0,24.0,5.1,57.0,A,False,False,False,False,False,False,False,False,False,False,True,False,2024-06-14 04:09:37+00:00,40.65802,-74.04478,182.0,3.033333333333333,False,0.0010910142787998,0.0215805022180196,0.5746045375238009,0.0,0.0,0.0215805022180196,336.5,0.0,193.0,3.0,False,False,False,False,False,False,False,0,False,
368051060,2024-06-14 04:15:38+00:00,40.65802,-74.04479,0.0,336.5,190.0,KRISTY ANN,IMO9862774,WDK4022,57,1.0,123.0,24.0,5.1,57.0,A,False,False,False,False,False,False,False,False,False,False,True,False,2024-06-14 04:12:39+00:00,40.65803,-74.0448,179.0,2.9833333333333334,False,0.0007536194716012,0.0151565927249415,0.5753581569954022,0.0,0.0,0.0151565927249415,336.5,0.0,190.0,0.0,False,False,False,False,False,False,False,0,False,
368051060,2024-06-14 04:18:34+00:00,40.658,-74.04476,0.0,336.5,191.0,KRISTY ANN,IMO9862774,WDK4022,57,1.0,123.0,24.0,5.1,57.0,A,False,False,False,False,False,False,False,False,False,False,True,False,2024-06-14 04:15:38+00:00,40.65802,-74.04479,176.0,2.933333333333333,False,0.0018190803057865,0.0372084608001799,0.5771772373011888,0.0,0.0,0.0372084608001799,336.5,0.0,190.0,1.0,False,False,False,False,False,False,False,0,False,
368051060,2024-06-14 04:21:38+00:00,40.65802,-74.0447,0.0,336.5,192.0,KRISTY ANN,IMO9862774,WDK4022,57,1.0,123.0,24.0,5.1,57.0,A,False,False,False,False,False,False,False,False,False,False,True,False,2024-06-14 04:18:34+00:00,40.658,-74.04476,184.0,3.066666666666667,False,0.0029850266852681,0.0584026960161162,0.5801622639864569,0.0,0.0,0.0584026960161162,336.5,0.0,191.0,1.0,False,False,False,False,False,False,False,0,False,
368051060,2024-06-14 04:24:37+00:00,40.658,-74.04465,0.0,336.5,196.0,KRISTY ANN,IMO9862774,WDK4022,57,1.0,123.0,24.0,5.1,57.0,A,False,False,False,False,False,False,False,False,False,False,True,False,2024-06-14 04:21:38+00:00,40.65802,-74.0447,179.0,2.9833333333333334,False,0.0025745602560152,0.0517788654841065,0.5827368242424722,0.0,0.0,0.0517788654841065,336.5,0.0,192.0,4.0,False,False,False,False,False,False,False,0,False,
368051060,2024-06-14 04:27:38+00:00,40.65799,-74.04462,0.1,336.5,195.0,KRISTY ANN,IMO9862774,WDK4022,57,1.0,123.0,24.0,5.1,57.0,A,False,False,False,False,False,False,False,False,False,False,True,False,2024-06-14 04:24:37+00:00,40.658,-74.04465,181.0,3.0166666666666666,False,0.0014925136244475,0.0296853538564163,0.5842293378669198,0.1,0.0331491712707182,-0.0703146461435837,336.5,0.0,196.0,1.0,False,False,False,False,False,False,False,0,False,
368051060,2024-06-14 04:30:34+00:00,40.65797,-74.04453,0.0,336.5,198.0,KRISTY ANN,IMO9862774,WDK4022,57,1.0,123.0,24.0,5.1,57.0,A,False,False,False,False,False,False,False,False,False,False,True,False,2024-06-14 04:27:38+00:00,40.65799,-74.04462,176.0,2.933333333333333,False,0.0042715279890748,0.0873721634128949,0.5885008658559946,-0.1,-0.034090909090909,0.0873721634128949,336.5,0.0,195.0,3.0,False,False,False,False,False,False,False,0,False,
368051060,2024-06-14 04:33:37+00:00,40.65796,-74.04449,0.0,336.5,201.0,KRISTY ANN,IMO9862774,WDK4022,57,1.0,123.0,24.0,5.1,57.0,A,False,False,False,False,False,False,False,False,False,False,True,False,2024-06-14 04:30:34+00:00,40.65797,-74.04453,183.0,3.05,False,0.0019182798348365,0.0377366524885884,0.5904191456908312,0.0,0.0,0.0377366524885884,336.5,0.0,198.0,3.0,False,False,False,False,False,False,False,0,False,
368051060,2024-06-14 04:36:39+00:00,40.65797,-74.04444,0.0,336.5,205.0,KRISTY ANN,IMO9862774,WDK4022,57,1.0,123.0,24.0,5.1,57.0,A,False,False,False,False,False,False,False,False,False,False,True,False,2024-06-14 04:33:37+00:00,40.65796,-74.04449,182.0,3.033333333333333,False,0.0023551879814443,0.0465861358967008,0.5927743336722755,0.0,0.0,0.0465861358967008,336.5,0.0,201.0,4.0,False,False,False,False,False,False,False,0,False,
368051060,2024-06-14 04:39:34+00:00,40.658,-74.04447,0.0,336.5,207.0,KRISTY ANN,IMO9862774,WDK4022,57,1.0,123.0,24.0,5.1,57.0,A,False,False,False,False,False,False,False,False,False,False,True,False,2024-06-14 04:36:39+00:00,40.65797,-74.04444,175.0,2.9166666666666665,False,0.0022608589119403,0.0465090976170579,0.5950351925842158,0.0,0.0,0.0465090976170579,336.5,0.0,205.0,2.0,False,False,False,False,False,False,False,0,False,
368051060,2024-06-14 04:42:39+00:00,40.65806,-74.0445,0.0,336.5,207.0,KRISTY ANN,IMO9862774,WDK4022,57,1.0,123.0,24.0,5.1,57.0,A,False,False,False,False,False,False,False,False,False,False,True,False,2024-06-14 04:39:34+00:00,40.658,-74.04447,185.0,3.083333333333333,False,0.0038528683073567,0.0749747346296447,0.5988880608915725,0.0,0.0,0.0749747346296447,336.5,0.0,207.0,0.0,False,False,False,False,False,False,False,0,False,
368051060,2024-06-14 04:45:34+00:00,40.65812,-74.04451,0.0,336.5,205.0,KRISTY ANN,IMO9862774,WDK4022,57,1.0,123.0,24.0,5.1,57.0,A,False,False,False,False,False,False,False,False,False,False,True,False,2024-06-14 04:42:39+00:00,40.65806,-74.0445,175.0,2.9166666666666665,False,0.0036311074265825,0.0746970670611262,0.6025191683181551,0.0,0.0,0.0746970670611262,336.5,0.0,207.0,2.0,False,False,False,False,False,False,False,0,False,
368051060,2024-06-14 04:48:40+00:00,40.65821,-74.04455,0.1,336.5,202.0,KRISTY ANN,IMO9862774,WDK4022,57,1.0,123.0,24.0,5.1,57.0,A,False,False,False,False,False,False,False,False,False,False,True,False,2024-06-14 04:45:34+00:00,40.65812,-74.04451,186.0,3.1,False,0.0057025111152994,0.110371182876763,0.6082216794334545,0.1,0.032258064516129,0.0103711828767629,336.5,0.0,205.0,3.0,False,False,False,False,False,False,False,0,False,
368051060,2024-06-14 04:51:38+00:00,40.65829,-74.04454,0.1,336.5,201.0,KRISTY ANN,IMO9862774,WDK4022,57,1.0,123.0,24.0,5.1,57.0,A,False,False,False,False,False,False,False,False,False,False,True,False,2024-06-14 04:48:40+00:00,40.65821,-74.04455,178.0,2.966666666666667,False,0.004824783885268,0.0975798988031733,0.6130464633187225,0.0,0.0,-0.0024201011968266,336.5,0.0,202.0,1.0,False,False,False,False,False,False,False,0,False,
368051060,2024-06-14 04:54:34+00:00,40.65841,-74.04447,0.1,336.5,200.0,KRISTY ANN,IMO9862774,WDK4022,57,1.0,123.0,24.0,5.1,57.0,A,False,False,False,False,False,False,False,False,False,False,True,False,2024-06-14 04:51:38+00:00,40.65829,-74.04454,176.0,2.933333333333333,False,0.0078787825756929,0.1611569163209928,0.6209252458944154,0.0,0.0,0.0611569163209928,336.5,0.0,201.0,1.0,False,False,False,False,False,False,False,0,False,
368051060,2024-06-14 04:57:37+00:00,40.65856,-74.04438,0.1,336.5,200.0,KRISTY ANN,IMO9862774,WDK4022,57,1.0,123.0,24.0,5.1,57.0,A,False,False,False,False,False,False,False,False,False,False,True,False,2024-06-14 04:54:34+00:00,40.65841,-74.04447,183.0,3.05,False,0.0098951015652975,0.1946577357107723,0.630820347459713,0.0,0.0,0.0946577357107723,336.5,0.0,200.0,0.0,False,False,False,False,False,False,False,0,False,
368051060,2024-06-14 05:00:38+00:00,40.65865,-74.04426,0.1,336.5,201.0,KRISTY ANN,IMO9862774,WDK4022,57,1.0,123.0,24.0,5.1,57.0,A,False,False,False,False,False,False,False,False,False,False,True,False,2024-06-14 04:57:37+00:00,40.65856,-74.04438,181.0,3.0166666666666666,False,0.0076858684861223,0.1528681024864123,0.6385062159458355,0.0,0.0,0.0528681024864123,336.5,0.0,200.0,1.0,False,False,False,False,False,False,False,0,False,
368051060,2024-06-14 05:03:37+00:00,40.65873,-74.04419,0.0,336.5,202.0,KRISTY ANN,IMO9862774,WDK4022,57,1.0,123.0,24.0,5.1,57.0,A,False,False,False,False,False,False,False,False,False,False,True,False,2024-06-14 05:00:38+00:00,40.65865,-74.04426,179.0,2.9833333333333334,False,0.0057650894054796,0.1159459321772435,0.644271305351315,-0.1,-0.0335195530726257,0.1159459321772435,336.5,0.0,201.0,1.0,False,False,False,False,False,False,False,0,False,
368051060,2024-06-14 05:06:34+00:00,40.65877,-74.04416,0.0,336.5,205.0,KRISTY ANN,IMO9862774,WDK4022,57,1.0,123.0,24.0,5.1,57.0,A,False,False,False,False,False,False,False,False,False,False,True,False,2024-06-14 05:03:37+00:00,40.65873,-74.04419,177.0,2.95,False,0.0027631214310777,0.0561990799541228,0.6470344267823928,0.0,0.0,0.0561990799541228,336.5,0.0,202.0,3.0,False,False,False,False,False,False,False,0,False,
368051060,2024-06-14 05:09:37+00:00,40.65878,-74.04418,0.0,336.5,205.0,KRISTY ANN,IMO9862774,WDK4022,57,1.0,123.0,24.0,5.1,57.0,A,False,False,False,False,False,False,False,False,False,False,True,False,2024-06-14 05:06:34+00:00,40.65877,-74.04416,183.0,3.05,False,0.0010910057279219,0.0214624077623993,0.6481254325103147,0.0,0.0,0.0214624077623993,336.5,0.0,205.0,0.0,False,False,False,False,False,False,False,0,False,
368051060,2024-06-14 05:12:34+00:00,40.65882,-74.0442,0.0,336.5,205.0,KRISTY ANN,IMO9862774,WDK4022,57,1.0,123.0,24.0,5.1,57.0,A,False,False,False,False,False,False,False,False,False,False,True,False,2024-06-14 05:09:37+00:00,40.65878,-74.04418,177.0,2.95,False,0.0025685751428732,0.0522422062957277,0.650694007653188,0.0,0.0,0.0522422062957277,336.5,0.0,205.0,0.0,False,False,False,False,False,False,False,0,False,
368051060,2024-06-14 05:15:36+00:00,40.65881,-74.04423,0.0,336.5,206.0,KRISTY ANN,IMO9862774,WDK4022,57,1.0,123.0,24.0,5.1,57.0,A,False,False,False,False,False,False,False,False,False,False,True,False,2024-06-14 05:12:34+00:00,40.65882,-74.0442,182.0,3.033333333333333,False,0.0014924982468501,0.0295219433442888,0.6521865059000381,0.0,0.0,0.0295219433442888,336.5,0.0,205.0,1.0,False,False,False,False,False,False,False,0,False,
368051060,2024-06-14 05:18:38+00:00,40.65881,-74.04426,0.0,336.5,206.0,KRISTY ANN,IMO9862774,WDK4022,57,1.0,123.0,24.0,5.1,57.0,A,False,False,False,False,False,False,False,False,False,False,True,False,2024-06-14 05:15:36+00:00,40.65881,-74.04423,182.0,3.033333333333333,False,0.0013664060912392,0.0270278127937435,0.6535529119912774,0.0,0.0,0.0270278127937435,336.5,0.0,206.0,0.0,False,False,False,False,False,False,False,0,False,
368051060,2024-06-14 05:21:37+00:00,40.6589,-74.04429,0.1,336.5,205.0,KRISTY ANN,IMO9862774,WDK4022,57,1.0,123.0,24.0,5.1,57.0,A,False,False,False,False,False,False,False,False,False,False,True,False,2024-06-14 05:18:38+00:00,40.65881,-74.04426,179.0,2.9833333333333334,False,0.0055737244441572,0.1120972513908726,0.6591266364354347,0.1,0.0335195530726257,0.0120972513908726,336.5,0.0,206.0,1.0,False,False,False,False,False,False,False,0,False,
368051060,2024-06-14 05:24:38+00:00,40.65899,-74.04424,0.0,336.5,201.0,KRISTY ANN,IMO9862774,WDK4022,57,1.0,123.0,24.0,5.1,57.0,A,False,False,False,False,False,False,False,False,False,False,True,False,2024-06-14 05:21:37+00:00,40.6589,-74.04429,181.0,3.0166666666666666,False,0.0058639247481187,0.1166305474763958,0.6649905611835535,-0.1,-0.0331491712707182,0.1166305474763958,336.5,0.0,205.0,4.0,False,False,False,False,False,False,False,0,False,
368051060,2024-06-14 05:27:39+00:00,40.65897,-74.0442,0.0,336.5,199.0,KRISTY ANN,IMO9862774,WDK4022,57,1.0,123.0,24.0,5.1,57.0,A,False,False,False,False,False,False,False,False,False,False,True,False,2024-06-14 05:24:38+00:00,40.65899,-74.04424,181.0,3.0166666666666666,False,0.0021820067819078,0.0433990299163992,0.6671725679654613,0.0,0.0,0.0433990299163992,336.5,0.0,201.0,2.0,False,False,False,False,False,False,False,0,False,
368051060,2024-06-14 05:30:37+00:00,40.65895,-74.0441,0.1,336.5,201.0,KRISTY ANN,IMO9862774,WDK4022,57,1.0,123.0,24.0,5.1,57.0,A,False,False,False,False,False,False,False,False,False,False,True,False,2024-06-14 05:27:39+00:00,40.65897,-74.0442,178.0,2.966666666666667,False,0.0047103102735039,0.0952647021607533,0.6718828782389652,0.1,0.0337078651685393,-0.0047352978392466,336.5,0.0,199.0,2.0,False,False,False,False,False,False,False,0,False,
368051060,2024-06-14 05:33:38+00:00,40.65893,-74.04407,0.0,336.5,198.0,KRISTY ANN,IMO9862774,WDK4022,57,1.0,123.0,24.0,5.1,57.0,A,False,False,False,False,False,False,False,False,False,False,True,False,2024-06-14 05:30:37+00:00,40.65895,-74.0441,181.0,3.0166666666666666,False,0.0018190659960793,0.0361803181540644,0.6737019442350446,-0.1,-0.0331491712707182,0.0361803181540644,336.5,0.0,201.0,3.0,False,False,False,False,False,False,False,0,False,
368051060,2024-06-14 05:36:36+00:00,40.65886,-74.0439,0.1,123.7,201.0,KRISTY ANN,IMO9862774,WDK4022,57,1.0,123.0,24.0,5.1,57.0,A,False,False,False,False,False,False,False,False,False,False,True,False,2024-06-14 05:33:38+00:00,40.65893,-74.04407,178.0,2.966666666666667,False,0.0088100622744043,0.1781810347632349,0.682512006509449,0.1,0.0337078651685393,0.0781810347632349,336.5,147.2,198.0,3.0,False,False,False,False,False,False,False,0,False,
368051060,2024-06-14 05:39:36+00:00,40.65879,-74.04376,0.1,123.7,205.0,KRISTY ANN,IMO9862774,WDK4022,57,1.0,123.0,24.0,5.1,57.0,A,False,False,False,False,False,False,False,False,False,False,True,False,2024-06-14 05:36:36+00:00,40.65886,-74.0439,180.0,3.0,False,0.0076370361064341,0.1527407221286823,0.6901490426158831,0.0,0.0,0.0527407221286823,123.7,0.0,201.0,4.0,False,False,False,False,False,False,False,0,False,
368051060,2024-06-14 05:42:34+00:00,40.65873,-74.04367,0.0,123.7,207.0,KRISTY ANN,IMO9862774,WDK4022,57,1.0,123.0,24.0,5.1,57.0,A,False,False,False,False,False,False,False,False,False,False,True,False,2024-06-14 05:39:36+00:00,40.65879,-74.04376,178.0,2.966666666666667,False,0.0054572062972556,0.1103704644388789,0.6956062489131387,-0.1,-0.0337078651685393,0.1103704644388789,123.7,0.0,205.0,2.0,False,False,False,False,False,False,False,0,False,
368051060,2024-06-14 05:45:36+00:00,40.65871,-74.0436,0.0,123.7,209.0,KRISTY ANN,IMO9862774,WDK4022,57,1.0,123.0,24.0,5.1,57.0,A,False,False,False,False,False,False,False,False,False,False,True,False,2024-06-14 05:42:34+00:00,40.65873,-74.04367,182.0,3.033333333333333,False,0.0034069201877367,0.0673896300871004,0.6990131691008754,0.0,0.0,0.0673896300871004,123.7,0.0,207.0,2.0,False,False,False,False,False,False,False,0,False,
368051060,2024-06-14 05:48:37+00:00,40.65868,-74.04356,0.0,123.7,212.0,KRISTY ANN,IMO9862774,WDK4022,57,1.0,123.0,24.0,5.1,57.0,A,False,False,False,False,False,False,False,False,False,False,True,False,2024-06-14 05:45:36+00:00,40.65871,-74.0436,181.0,3.0166666666666666,False,0.0025619544137617,0.0509559993897364,0.7015751235146371,0.0,0.0,0.0509559993897364,123.7,0.0,209.0,3.0,False,False,False,False,False,False,False,0,False,
368051060,2024-06-14 05:51:36+00:00,40.65868,-74.04357,0.0,123.7,213.0,KRISTY ANN,IMO9862774,WDK4022,57,1.0,123.0,24.0,5.1,57.0,A,False,False,False,False,False,False,False,False,False,False,True,False,2024-06-14 05:48:37+00:00,40.65868,-74.04356,179.0,2.9833333333333334,False,0.0004554695846731,0.0091602821498506,0.7020305930993103,0.0,0.0,0.0091602821498506,123.7,0.0,212.0,1.0,False,False,False,False,False,False,False,0,False,
368051060,2024-06-14 05:54:34+00:00,40.65871,-74.0436,0.0,123.7,212.0,KRISTY ANN,IMO9862774,WDK4022,57,1.0,123.0,24.0,5.1,57.0,A,False,False,False,False,False,False,False,False,False,False,True,False,2024-06-14 05:51:36+00:00,40.65868,-74.04357,178.0,2.966666666666667,False,0.0022608501219317,0.0457250586458102,0.704291443221242,0.0,0.0,0.0457250586458102,123.7,0.0,213.0,1.0,False,False,False,False,False,False,False,0,False,
368051060,2024-06-14 05:57:38+00:00,40.65872,-74.04359,0.0,123.7,212.0,KRISTY ANN,IMO9862774,WDK4022,57,1.0,123.0,24.0,5.1,57.0,A,False,False,False,False,False,False,False,False,False,False,True,False,2024-06-14 05:54:34+00:00,40.65871,-74.0436,184.0,3.066666666666667,False,0.0007536166253035,0.0147446731037652,0.7050450598465456,0.0,0.0,0.0147446731037652,123.7,0.0,212.0,0.0,False,False,False,False,False,False,False,0,False,
368051060,2024-06-14 06:03:38+00:00,40.65872,-74.0436,0.0,123.7,211.0,KRISTY ANN,IMO9862774,WDK4022,57,1.0,123.0,24.0,5.1,57.0,A,False,False,False,False,False,False,False,False,False,False,True,False,2024-06-14 05:57:38+00:00,40.65872,-74.04359,360.0,6.0,False,0.0004554693115677,0.0045546931156772,0.7055005291581133,0.0,0.0,0.0045546931156772,123.7,0.0,212.0,1.0,False,False,False,False,False,False,False,0,False,
368051060,2024-06-14 06:06:37+00:00,40.65873,-74.04361,0.0,123.7,211.0,KRISTY ANN,IMO9862774,WDK4022,57,1.0,123.0,24.0,5.1,57.0,A,False,False,False,False,False,False,False,False,False,False,True,False,2024-06-14 06:03:38+00:00,40.65872,-74.0436,179.0,2.9833333333333334,False,0.0007536165834302,0.0151565346388208,0.7062541457415435,0.0,0.0,0.0151565346388208,123.7,0.0,211.0,0.0,False,False,False,False,False,False,False,0,False,
368051060,2024-06-14 06:09:38+00:00,40.65871,-74.04359,0.0,123.7,211.0,KRISTY ANN,IMO9862774,WDK4022,57,1.0,123.0,24.0,5.1,57.0,A,False,False,False,False,False,False,False,False,False,False,True,False,2024-06-14 06:06:37+00:00,40.65873,-74.04361,181.0,3.0166666666666666,False,0.0015072332087338,0.0299781190687386,0.7077613789502774,0.0,0.0,0.0299781190687386,123.7,0.0,211.0,0.0,False,False,False,False,False,False,False,0,False,
368051060,2024-06-14 06:12:36+00:00,40.6587,-74.0436,0.0,123.7,212.0,KRISTY ANN,IMO9862774,WDK4022,57,1.0,123.0,24.0,5.1,57.0,A,False,False,False,False,False,False,False,False,False,False,True,False,2024-06-14 06:09:38+00:00,40.65871,-74.04359,178.0,2.966666666666667,False,0.0007536166659597,0.0152416853789609,0.7085149956162371,0.0,0.0,0.0152416853789609,123.7,0.0,211.0,1.0,False,False,False,False,False,False,False,0,False,
368051060,2024-06-14 06:15:35+00:00,40.65872,-74.04357,0.0,123.7,212.0,KRISTY ANN,IMO9862774,WDK4022,57,1.0,123.0,24.0,5.1,57.0,A,False,False,False,False,False,False,False,False,False,False,True,False,2024-06-14 06:12:36+00:00,40.6587,-74.0436,179.0,2.9833333333333334,False,0.0018190695348409,0.0365846386895393,0.7103340651510781,0.0,0.0,0.0365846386895393,123.7,0.0,212.0,0.0,False,False,False,False,False,False,False,0,False,
368051060,2024-06-14 06:18:38+00:00,40.65868,-74.04354,0.0,123.7,214.0,KRISTY ANN,IMO9862774,WDK4022,57,1.0,123.0,24.0,5.1,57.0,A,False,False,False,False,False,False,False,False,False,False,True,False,2024-06-14 06:15:35+00:00,40.65872,-74.04357,183.0,3.05,False,0.0027631219384392,0.0543564971496241,0.7130971870895173,0.0,0.0,0.0543564971496241,123.7,0.0,212.0,2.0,False,False,False,False,False,False,False,0,False,
368051060,2024-06-14 06:21:38+00:00,40.65868,-74.04354,0.0,123.7,215.0,KRISTY ANN,IMO9862774,WDK4022,57,1.0,123.0,24.0,5.1,57.0,A,False,False,False,False,False,False,False,False,False,False,True,False,2024-06-14 06:18:38+00:00,40.65868,-74.04354,180.0,3.0,False,0.0,0.0,0.7130971870895173,0.0,0.0,0.0,123.7,0.0,214.0,1.0,False,False,False,False,False,False,False,0,False,
368051060,2024-06-14 06:24:34+00:00,40.65872,-74.04362,0.0,123.7,216.0,KRISTY ANN,IMO9862774,WDK4022,57,1.0,123.0,24.0,5.1,57.0,A,False,False,False,False,False,False,False,False,False,False,True,False,2024-06-14 06:21:38+00:00,40.65868,-74.04354,176.0,2.933333333333333,False,0.0043640263340763,0.0892641750151974,0.7174612134235936,0.0,0.0,0.0892641750151974,123.7,0.0,215.0,1.0,False,False,False,False,False,False,False,0,False,
368051060,2024-06-14 06:27:37+00:00,40.65876,-74.04364,0.0,123.7,213.0,KRISTY ANN,IMO9862774,WDK4022,57,1.0,123.0,24.0,5.1,57.0,A,False,False,False,False,False,False,False,False,False,False,True,False,2024-06-14 06:24:34+00:00,40.65872,-74.04362,183.0,3.05,False,0.0025685754334418,0.0505293527890202,0.7200297888570355,0.0,0.0,0.0505293527890202,123.7,0.0,216.0,3.0,False,False,False,False,False,False,False,0,False,
368051060,2024-06-14 06:30:36+00:00,40.65877,-74.0437,0.0,123.7,213.0,KRISTY ANN,IMO9862774,WDK4022,57,1.0,123.0,24.0,5.1,57.0,A,False,False,False,False,False,False,False,False,False,False,True,False,2024-06-14 06:27:37+00:00,40.65876,-74.04364,179.0,2.9833333333333334,False,0.0027979918136699,0.0562724610570483,0.7228277806707054,0.0,0.0,0.0562724610570483,123.7,0.0,213.0,0.0,False,False,False,False,False,False,False,0,False,
368051060,2024-06-14 06:33:34+00:00,40.65879,-74.04368,0.0,123.7,214.0,KRISTY ANN,IMO9862774,WDK4022,57,1.0,123.0,24.0,5.1,57.0,A,False,False,False,False,False,False,False,False,False,False,True,False,2024-06-14 06:30:36+00:00,40.65877,-74.0437,178.0,2.966666666666667,False,0.0015072327135567,0.0304833582517091,0.7243350133842621,0.0,0.0,0.0304833582517091,123.7,0.0,213.0,1.0,False,False,False,False,False,False,False,0,False,
368051060,2024-06-14 06:36:38+00:00,40.65876,-74.04368,0.0,123.7,217.0,KRISTY ANN,IMO9862774,WDK4022,57,1.0,123.0,24.0,5.1,57.0,A,False,False,False,False,False,False,False,False,False,False,True,False,2024-06-14 06:33:34+00:00,40.65879,-74.04368,184.0,3.066666666666667,False,0.001801213821844,0.0352411399926002,0.7261362272061062,0.0,0.0,0.0352411399926002,123.7,0.0,214.0,3.0,False,False,False,False,False,False,False,0,False,
368051060,2024-06-14 06:39:37+00:00,40.65879,-74.04374,0.0,123.7,219.0,KRISTY ANN,IMO9862774,WDK4022,57,1.0,123.0,24.0,5.1,57.0,A,False,False,False,False,False,False,False,False,False,False,True,False,2024-06-14 06:36:38+00:00,40.65876,-74.04368,179.0,2.9833333333333334,False,0.003273017185007,0.0658260439442761,0.7294092443911132,0.0,0.0,0.0658260439442761,123.7,0.0,217.0,2.0,False,False,False,False,False,False,False,0,False,
368051060,2024-06-14 06:42:36+00:00,40.65879,-74.04381,0.0,123.7,220.0,KRISTY ANN,IMO9862774,WDK4022,57,1.0,123.0,24.0,5.1,57.0,A,False,False,False,False,False,False,False,False,False,False,True,False,2024-06-14 06:39:37+00:00,40.65879,-74.04374,179.0,2.9833333333333334,False,0.0031882818342701,0.0641218692925838,0.7325975262253833,0.0,0.0,0.0641218692925838,123.7,0.0,219.0,1.0,False,False,False,False,False,False,False,0,False,
368051060,2024-06-14 06:45:34+00:00,40.65882,-74.04384,0.0,123.7,218.0,KRISTY ANN,IMO9862774,WDK4022,57,1.0,123.0,24.0,5.1,57.0,A,False,False,False,False,False,False,False,False,False,False,True,False,2024-06-14 06:42:36+00:00,40.65879,-74.04381,178.0,2.966666666666667,False,0.0022608487608951,0.0457250311192287,0.7348583749862785,0.0,0.0,0.0457250311192287,123.7,0.0,220.0,2.0,False,False,False,False,False,False,False,0,False,
368051060,2024-06-14 06:48:37+00:00,40.65881,-74.04388,0.0,123.7,218.0,KRISTY ANN,IMO9862774,WDK4022,57,1.0,123.0,24.0,5.1,57.0,A,False,False,False,False,False,False,False,False,False,False,True,False,2024-06-14 06:45:34+00:00,40.65882,-74.04384,183.0,3.05,False,0.0019182577868406,0.0377362187575216,0.7367766327731192,0.0,0.0,0.0377362187575216,123.7,0.0,218.0,0.0,False,False,False,False,False,False,False,0,False,
368051060,2024-06-14 06:51:38+00:00,40.65885,-74.04391,0.0,123.7,217.0,KRISTY ANN,IMO9862774,WDK4022,57,1.0,123.0,24.0,5.1,57.0,A,False,False,False,False,False,False,False,False,False,False,True,False,2024-06-14 06:48:37+00:00,40.65881,-74.04388,181.0,3.0166666666666666,False,0.0027631206210334,0.0549570952249746,0.7395397533941527,0.0,0.0,0.0549570952249746,123.7,0.0,218.0,1.0,False,False,False,False,False,False,False,0,False,
368051060,2024-06-14 06:54:36+00:00,40.65884,-74.04397,0.0,123.7,216.0,KRISTY ANN,IMO9862774,WDK4022,57,1.0,123.0,24.0,5.1,57.0,A,False,False,False,False,False,False,False,False,False,False,True,False,2024-06-14 06:51:38+00:00,40.65885,-74.04391,178.0,2.966666666666667,False,0.0027979886129044,0.0565885337441345,0.7423377420070572,0.0,0.0,0.0565885337441345,123.7,0.0,217.0,1.0,False,False,False,False,False,False,False,0,False,
368051060,2024-06-14 06:57:37+00:00,40.65883,-74.04405,0.0,123.7,216.0,KRISTY ANN,IMO9862774,WDK4022,57,1.0,123.0,24.0,5.1,57.0,A,False,False,False,False,False,False,False,False,False,False,True,False,2024-06-14 06:54:36+00:00,40.65884,-74.04397,181.0,3.0166666666666666,False,0.0036928832521303,0.0734496116445821,0.7460306252591875,0.0,0.0,0.0734496116445821,123.7,0.0,216.0,0.0,False,False,False,False,False,False,False,0,False,
368051060,2024-06-14 07:00:38+00:00,40.65886,-74.04407,0.0,123.7,217.0,KRISTY ANN,IMO9862774,WDK4022,57,1.0,123.0,24.0,5.1,57.0,A,False,False,False,False,False,False,False,False,False,False,True,False,2024-06-14 06:57:37+00:00,40.65883,-74.04405,181.0,3.0166666666666666,False,0.0020184591396401,0.0401461486337269,0.7480490843988277,0.0,0.0,0.0401461486337269,123.7,0.0,216.0,1.0,False,False,False,False,False,False,False,0,False,
368051060,2024-06-14 07:03:39+00:00,40.65887,-74.04408,0.0,123.7,216.0,KRISTY ANN,IMO9862774,WDK4022,57,1.0,123.0,24.0,5.1,57.0,A,False,False,False,False,False,False,False,False,False,False,True,False,2024-06-14 07:00:38+00:00,40.65886,-74.04407,181.0,3.0166666666666666,False,0.0007536160056774,0.0149890476267339,0.7488027004045051,0.0,0.0,0.0149890476267339,123.7,0.0,217.0,1.0,False,False,False,False,False,False,False,0,False,
368051060,2024-06-14 07:06:39+00:00,40.65885,-74.04411,0.0,123.7,218.0,KRISTY ANN,IMO9862774,WDK4022,57,1.0,123.0,24.0,5.1,57.0,A,False,False,False,False,False,False,False,False,False,False,True,False,2024-06-14 07:03:39+00:00,40.65887,-74.04408,180.0,3.0,False,0.0018190672271373,0.0363813445427475,0.7506217676316426,0.0,0.0,0.0363813445427475,123.7,0.0,216.0,2.0,False,False,False,False,False,False,False,0,False,
368051060,2024-06-14 07:09:38+00:00,40.65886,-74.0442,0.0,123.7,218.0,KRISTY ANN,IMO9862774,WDK4022,57,1.0,123.0,24.0,5.1,57.0,A,False,False,False,False,False,False,False,False,False,False,True,False,2024-06-14 07:06:39+00:00,40.65885,-74.04411,179.0,2.9833333333333334,False,0.004142952265313,0.0833219450007085,0.7547647198969556,0.0,0.0,0.0833219450007085,123.7,0.0,218.0,0.0,False,False,False,False,False,False,False,0,False,
368051060,2024-06-14 07:12:34+00:00,40.65886,-74.04426,0.0,123.7,216.0,KRISTY ANN,IMO9862774,WDK4022,57,1.0,123.0,24.0,5.1,57.0,A,False,False,False,False,False,False,False,False,False,False,True,False,2024-06-14 07:09:38+00:00,40.65886,-74.0442,176.0,2.933333333333333,False,0.0027328101336028,0.0558983890964222,0.7574975300305584,0.0,0.0,0.0558983890964222,123.7,0.0,218.0,2.0,False,False,False,False,False,False,False,0,False,
368051060,2024-06-14 07:15:39+00:00,40.65889,-74.04433,0.0,123.7,215.0,KRISTY ANN,IMO9862774,WDK4022,57,1.0,123.0,24.0,5.1,57.0,A,False,False,False,False,False,False,False,False,False,False,True,False,2024-06-14 07:12:34+00:00,40.65886,-74.04426,185.0,3.083333333333333,False,0.0036618965565707,0.0712585275873231,0.7611594265871292,0.0,0.0,0.0712585275873231,123.7,0.0,216.0,1.0,False,False,False,False,False,False,False,0,False,
368051060,2024-06-14 07:18:37+00:00,40.6589,-74.04438,0.0,123.7,215.0,KRISTY ANN,IMO9862774,WDK4022,57,1.0,123.0,24.0,5.1,57.0,A,False,False,False,False,False,False,False,False,False,False,True,False,2024-06-14 07:15:39+00:00,40.65889,-74.04433,178.0,2.966666666666667,False,0.0023551572821945,0.0476323944713504,0.7635145838693238,0.0,0.0,0.0476323944713504,123.7,0.0,215.0,0.0,False,False,False,False,False,False,False,0,False,
368051060,2024-06-14 07:21:38+00:00,40.6589,-74.04441,0.0,123.7,214.0,KRISTY ANN,IMO9862774,WDK4022,57,1.0,123.0,24.0,5.1,57.0,A,False,False,False,False,False,False,False,False,False,False,True,False,2024-06-14 07:18:37+00:00,40.6589,-74.04438,181.0,3.0166666666666666,False,0.0013664042471925,0.0271771010491328,0.7648809881165163,0.0,0.0,0.0271771010491328,123.7,0.0,215.0,1.0,False,False,False,False,False,False,False,0,False,
368051060,2024-06-14 07:24:39+00:00,40.65891,-74.04444,0.0,123.7,215.0,KRISTY ANN,IMO9862774,WDK4022,57,1.0,123.0,24.0,5.1,57.0,A,False,False,False,False,False,False,False,False,False,False,True,False,2024-06-14 07:21:38+00:00,40.6589,-74.04441,181.0,3.0166666666666666,False,0.0014924965596569,0.029685014446215,0.7663734846761732,0.0,0.0,0.029685014446215,123.7,0.0,214.0,1.0,False,False,False,False,False,False,False,0,False,
368051060,2024-06-14 07:27:35+00:00,40.65888,-74.04447,0.0,123.7,215.0,KRISTY ANN,IMO9862774,WDK4022,57,1.0,123.0,24.0,5.1,57.0,A,False,False,False,False,False,False,False,False,False,False,True,False,2024-06-14 07:24:39+00:00,40.65891,-74.04444,176.0,2.933333333333333,False,0.0022608476463953,0.0462446109489962,0.7686343323225685,0.0,0.0,0.0462446109489962,123.7,0.0,215.0,0.0,False,False,False,False,False,False,False,0,False,
368051060,2024-06-14 07:30:37+00:00,40.65888,-74.04444,0.0,123.7,216.0,KRISTY ANN,IMO9862774,WDK4022,57,1.0,123.0,24.0,5.1,57.0,A,False,False,False,False,False,False,False,False,False,False,True,False,2024-06-14 07:27:35+00:00,40.65888,-74.04447,182.0,3.033333333333333,False,0.0013664046574316,0.0270277844327141,0.7700007369800002,0.0,0.0,0.0270277844327141,123.7,0.0,215.0,1.0,False,False,False,False,False,False,False,0,False,
368051060,2024-06-14 07:33:35+00:00,40.65887,-74.04443,0.0,123.7,217.0,KRISTY ANN,IMO9862774,WDK4022,57,1.0,123.0,24.0,5.1,57.0,A,False,False,False,False,False,False,False,False,False,False,True,False,2024-06-14 07:30:37+00:00,40.65888,-74.04444,178.0,2.966666666666667,False,0.0007536159644126,0.0152416711903681,0.7707543529444129,0.0,0.0,0.0152416711903681,123.7,0.0,216.0,1.0,False,False,False,False,False,False,False,0,False,
368051060,2024-06-14 07:36:34+00:00,40.65884,-74.04443,0.0,123.7,218.0,KRISTY ANN,IMO9862774,WDK4022,57,1.0,123.0,24.0,5.1,57.0,A,False,False,False,False,False,False,False,False,False,False,True,False,2024-06-14 07:33:35+00:00,40.65887,-74.04443,179.0,2.9833333333333334,False,0.0018012138222259,0.0362255293855495,0.7725555667666388,0.0,0.0,0.0362255293855495,123.7,0.0,217.0,1.0,False,False,False,False,False,False,False,0,False,
368051060,2024-06-14 07:39:38+00:00,40.65883,-74.04445,0.0,123.7,218.0,KRISTY ANN,IMO9862774,WDK4022,57,1.0,123.0,24.0,5.1,57.0,A,False,False,False,False,False,False,False,False,False,False,True,False,2024-06-14 07:36:34+00:00,40.65884,-74.04443,184.0,3.066666666666667,False,0.0010910050436203,0.0213457508534419,0.7736465718102592,0.0,0.0,0.0213457508534419,123.7,0.0,218.0,0.0,False,False,False,False,False,False,False,0,False,
368051060,2024-06-14 07:42:35+00:00,40.65885,-74.04444,0.0,123.7,219.0,KRISTY ANN,IMO9862774,WDK4022,57,1.0,123.0,24.0,5.1,57.0,A,False,False,False,False,False,False,False,False,False,False,True,False,2024-06-14 07:39:38+00:00,40.65883,-74.04445,177.0,2.95,False,0.0012842874747589,0.0261211011815383,0.7749308592850181,0.0,0.0,0.0261211011815383,123.7,0.0,218.0,1.0,False,False,False,False,False,False,False,0,False,
368051060,2024-06-14 07:45:38+00:00,40.65884,-74.04446,0.0,123.7,218.0,KRISTY ANN,IMO9862774,WDK4022,57,1.0,123.0,24.0,5.1,57.0,A,False,False,False,False,False,False,False,False,False,False,True,False,2024-06-14 07:42:35+00:00,40.65885,-74.04444,183.0,3.05,False,0.0010910049305092,0.0214623920755917,0.7760218642155274,0.0,0.0,0.0214623920755917,123.7,0.0,219.0,1.0,False,False,False,False,False,False,False,0,False,
368051060,2024-06-14 07:48:37+00:00,40.65887,-74.04448,0.0,123.7,217.0,KRISTY ANN,IMO9862774,WDK4022,57,1.0,123.0,24.0,5.1,57.0,A,False,False,False,False,False,False,False,False,False,False,True,False,2024-06-14 07:45:38+00:00,40.65884,-74.04446,179.0,2.9833333333333334,False,0.0020184590778311,0.0405947077105698,0.7780403232933586,0.0,0.0,0.0405947077105698,123.7,0.0,218.0,1.0,False,False,False,False,False,False,False,0,False,
368051060,2024-06-14 07:51:37+00:00,40.65886,-74.04447,0.0,123.7,215.0,KRISTY ANN,IMO9862774,WDK4022,57,1.0,123.0,24.0,5.1,57.0,A,False,False,False,False,False,False,False,False,False,False,True,False,2024-06-14 07:48:37+00:00,40.65887,-74.04448,180.0,3.0,False,0.0007536160056774,0.0150723201135491,0.7787939392990361,0.0,0.0,0.0150723201135491,123.7,0.0,217.0,2.0,False,False,False,False,False,False,False,0,False,
368051060,2024-06-14 07:54:34+00:00,40.65889,-74.04442,0.0,123.7,213.0,KRISTY ANN,IMO9862774,WDK4022,57,1.0,123.0,24.0,5.1,57.0,A,False,False,False,False,False,False,False,False,False,False,True,False,2024-06-14 07:51:37+00:00,40.65886,-74.04447,177.0,2.95,False,0.0029035589324889,0.0590554359150287,0.781697498231525,0.0,0.0,0.0590554359150287,123.7,0.0,215.0,2.0,False,False,False,False,False,False,False,0,False,
368051060,2024-06-14 07:57:38+00:00,40.65894,-74.04441,0.0,123.7,207.0,KRISTY ANN,IMO9862774,WDK4022,57,1.0,123.0,24.0,5.1,57.0,A,False,False,False,False,False,False,False,False,False,False,True,False,2024-06-14 07:54:34+00:00,40.65889,-74.04442,184.0,3.066666666666667,False,0.003036378335145,0.0594074022093598,0.78473387656667,0.0,0.0,0.0594074022093598,123.7,0.0,213.0,6.0,False,False,False,False,False,False,False,0,False,
368051060,2024-06-14 08:00:35+00:00,40.65896,-74.04438,0.0,123.7,203.0,KRISTY ANN,IMO9862774,WDK4022,57,1.0,123.0,24.0,5.1,57.0,A,False,False,False,False,False,False,False,False,False,False,True,False,2024-06-14 07:57:38+00:00,40.65894,-74.04441,177.0,2.95,False,0.0018190658419677,0.0369979493281581,0.7865529424086378,0.0,0.0,0.0369979493281581,123.7,0.0,207.0,4.0,False,False,False,False,False,False,False,0,False,
368051060,2024-06-14 08:03:40+00:00,40.65898,-74.0444,0.0,123.7,198.0,KRISTY ANN,IMO9862774,WDK4022,57,1.0,123.0,24.0,5.1,57.0,A,False,False,False,False,False,False,False,False,False,False,True,False,2024-06-14 08:00:35+00:00,40.65896,-74.04438,185.0,3.083333333333333,False,0.0015072311451436,0.0293299033649579,0.7880601735537816,0.0,0.0,0.0293299033649579,123.7,0.0,203.0,5.0,False,False,False,False,False,False,False,0,False,
368051060,2024-06-14 08:06:40+00:00,40.65895,-74.04436,0.0,123.7,200.0,KRISTY ANN,IMO9862774,WDK4022,57,1.0,123.0,24.0,5.1,57.0,A,False,False,False,False,False,False,False,False,False,False,True,False,2024-06-14 08:03:40+00:00,40.65898,-74.0444,180.0,3.0,False,0.0025619491702721,0.0512389834054436,0.7906221227240537,0.0,0.0,0.0512389834054436,123.7,0.0,198.0,2.0,False,False,False,False,False,False,False,0,False,
368051060,2024-06-14 08:09:41+00:00,40.65894,-74.04435,0.0,123.7,199.0,KRISTY ANN,IMO9862774,WDK4022,57,1.0,123.0,24.0,5.1,57.0,A,False,False,False,False,False,False,False,False,False,False,True,False,2024-06-14 08:06:40+00:00,40.65895,-74.04436,181.0,3.0166666666666666,False,0.0007536156756047,0.0149890410617527,0.7913757383996586,0.0,0.0,0.0149890410617527,123.7,0.0,200.0,1.0,False,False,False,False,False,False,False,0,False,
368051060,2024-06-14 08:12:42+00:00,40.65897,-74.04428,0.0,123.7,200.0,KRISTY ANN,IMO9862774,WDK4022,57,1.0,123.0,24.0,5.1,57.0,A,False,False,False,False,False,False,False,False,False,False,True,False,2024-06-14 08:09:41+00:00,40.65894,-74.04435,181.0,3.0166666666666666,False,0.0036618932267177,0.07283323544853,0.7950376316263763,0.0,0.0,0.07283323544853,123.7,0.0,199.0,1.0,False,False,False,False,False,False,False,0,False,
368051060,2024-06-14 08:15:34+00:00,40.65892,-74.04425,0.0,123.7,202.0,KRISTY ANN,IMO9862774,WDK4022,57,1.0,123.0,24.0,5.1,57.0,A,False,False,False,False,False,False,False,False,False,False,True,False,2024-06-14 08:12:42+00:00,40.65897,-74.04428,172.0,2.8666666666666667,False,0.0032983632847479,0.0690355106110036,0.7983359949111243,0.0,0.0,0.0690355106110036,123.7,0.0,200.0,2.0,False,False,False,False,False,False,False,0,False,
368051060,2024-06-14 08:18:44+00:00,40.65891,-74.0442,0.0,123.7,206.0,KRISTY ANN,IMO9862774,WDK4022,57,1.0,123.0,24.0,5.1,57.0,A,False,False,False,False,False,False,False,False,False,False,True,False,2024-06-14 08:15:34+00:00,40.65892,-74.04425,190.0,3.1666666666666665,False,0.0023551566225477,0.0446240202166947,0.8006911515336721,0.0,0.0,0.0446240202166947,123.7,0.0,202.0,4.0,False,False,False,False,False,False,False,0,False,
368051060,2024-06-14 08:21:37+00:00,40.65889,-74.0442,0.0,123.7,207.0,KRISTY ANN,IMO9862774,WDK4022,57,1.0,123.0,24.0,5.1,57.0,A,False,False,False,False,False,False,False,False,False,False,True,False,2024-06-14 08:18:44+00:00,40.65891,-74.0442,173.0,2.8833333333333333,False,0.0012008092144353,0.0249879374102157,0.8018919607481074,0.0,0.0,0.0249879374102157,123.7,0.0,206.0,1.0,False,False,False,False,False,False,False,0,False,
368051060,2024-06-14 08:24:43+00:00,40.6589,-74.04417,0.0,123.7,208.0,KRISTY ANN,IMO9862774,WDK4022,57,1.0,123.0,24.0,5.1,57.0,A,False,False,False,False,False,False,False,False,False,False,True,False,2024-06-14 08:21:37+00:00,40.65889,-74.0442,186.0,3.1,False,0.0014924967473355,0.0288870338193979,0.803384457495443,0.0,0.0,0.0288870338193979,123.7,0.0,207.0,1.0,False,False,False,False,False,False,False,0,False,
368051060,2024-06-14 08:27:39+00:00,40.65893,-74.04419,0.0,123.7,205.0,KRISTY ANN,IMO9862774,WDK4022,57,1.0,123.0,24.0,5.1,57.0,A,False,False,False,False,False,False,False,False,False,False,True,False,2024-06-14 08:24:43+00:00,40.6589,-74.04417,176.0,2.933333333333333,False,0.0020184587076498,0.041286655383746,0.8054029162030928,0.0,0.0,0.041286655383746,123.7,0.0,208.0,3.0,False,False,False,False,False,False,False,0,False,
368051060,2024-06-14 08:30:35+00:00,40.65891,-74.04422,0.0,123.7,206.0,KRISTY ANN,IMO9862774,WDK4022,57,1.0,123.0,24.0,5.1,57.0,A,False,False,False,False,False,False,False,False,False,False,True,False,2024-06-14 08:27:39+00:00,40.65893,-74.04419,176.0,2.933333333333333,False,0.001819066303546,0.0372081743907152,0.8072219825066389,0.0,0.0,0.0372081743907152,123.7,0.0,205.0,1.0,False,False,False,False,False,False,False,0,False,
368051060,2024-06-14 08:33:35+00:00,40.65889,-74.0443,0.0,123.7,202.0,KRISTY ANN,IMO9862774,WDK4022,57,1.0,123.0,24.0,5.1,57.0,A,False,False,False,False,False,False,False,False,False,False,True,False,2024-06-14 08:30:35+00:00,40.65891,-74.04422,180.0,3.0,False,0.0038365111653734,0.0767302233074698,0.8110584936720124,0.0,0.0,0.0767302233074698,123.7,0.0,206.0,4.0,False,False,False,False,False,False,False,0,False,
368051060,2024-06-14 08:36:38+00:00,40.65891,-74.04437,0.0,123.7,199.0,KRISTY ANN,IMO9862774,WDK4022,57,1.0,123.0,24.0,5.1,57.0,A,False,False,False,False,False,False,False,False,False,False,True,False,2024-06-14 08:33:35+00:00,40.65889,-74.0443,183.0,3.05,False,0.0034069121362986,0.0670212223534155,0.8144654058083111,0.0,0.0,0.0670212223534155,123.7,0.0,202.0,3.0,False,False,False,False,False,False,False,0,False,
368051060,2024-06-14 08:39:39+00:00,40.65893,-74.04441,0.0,123.7,196.0,KRISTY ANN,IMO9862774,WDK4022,57,1.0,123.0,24.0,5.1,57.0,A,False,False,False,False,False,False,False,False,False,False,True,False,2024-06-14 08:36:38+00:00,40.65891,-74.04437,181.0,3.0166666666666666,False,0.0021820081496734,0.0433990571205771,0.8166474139579846,0.0,0.0,0.0433990571205771,123.7,0.0,199.0,3.0,False,False,False,False,False,False,False,0,False,
368051060,2024-06-14 08:42:37+00:00,40.65895,-74.04446,0.0,123.7,194.0,KRISTY ANN,IMO9862774,WDK4022,57,1.0,123.0,24.0,5.1,57.0,A,False,False,False,False,False,False,False,False,False,False,True,False,2024-06-14 08:39:39+00:00,40.65893,-74.04441,178.0,2.966666666666667,False,0.002574532172511,0.0520691900058412,0.8192219461304956,0.0,0.0,0.0520691900058412,123.7,0.0,196.0,2.0,False,False,False,False,False,False,False,0,False,
368051060,2024-06-14 08:45:40+00:00,40.65898,-74.04448,0.0,123.7,191.0,KRISTY ANN,IMO9862774,WDK4022,57,1.0,123.0,24.0,5.1,57.0,A,False,False,False,False,False,False,False,False,False,False,True,False,2024-06-14 08:42:37+00:00,40.65895,-74.04446,183.0,3.05,False,0.0020184583999354,0.0397073783593863,0.821240404530431,0.0,0.0,0.0397073783593863,123.7,0.0,194.0,3.0,False,False,False,False,False,False,False,0,False,
368051060,2024-06-14 08:48:37+00:00,40.65895,-74.04453,0.0,123.7,188.0,KRISTY ANN,IMO9862774,WDK4022,57,1.0,123.0,24.0,5.1,57.0,A,False,False,False,False,False,False,False,False,False,False,True,False,2024-06-14 08:45:40+00:00,40.65898,-74.04448,177.0,2.95,False,0.0029035565231372,0.0590553869112652,0.8241439610535682,0.0,0.0,0.0590553869112652,123.7,0.0,191.0,3.0,False,False,False,False,False,False,False,0,False,
368051060,2024-06-14 08:51:40+00:00,40.6589,-74.04457,0.0,123.7,185.0,KRISTY ANN,IMO9862774,WDK4022,57,1.0,123.0,24.0,5.1,57.0,A,False,False,False,False,False,False,False,False,False,False,True,False,2024-06-14 08:48:37+00:00,40.65895,-74.04453,183.0,3.05,False,0.0035116034241575,0.0690807230981805,0.8276555644777257,0.0,0.0,0.0690807230981805,123.7,0.0,188.0,3.0,False,False,False,False,False,False,False,0,False,
368051060,2024-06-14 08:54:39+00:00,40.65885,-74.04466,0.0,123.7,182.0,KRISTY ANN,IMO9862774,WDK4022,57,1.0,123.0,24.0,5.1,57.0,A,False,False,False,False,False,False,False,False,False,False,True,False,2024-06-14 08:51:40+00:00,40.6589,-74.04457,179.0,2.9833333333333334,False,0.005080915273597,0.1021860055025102,0.8327364797513227,0.0,0.0,0.1021860055025102,123.7,0.0,185.0,3.0,False,False,False,False,False,False,False,0,False,
368051060,2024-06-14 08:57:35+00:00,40.65879,-74.04471,0.0,123.7,179.0,KRISTY ANN,IMO9862774,WDK4022,57,1.0,123.0,24.0,5.1,57.0,A,False,False,False,False,False,False,False,False,False,False,True,False,2024-06-14 08:54:39+00:00,40.65885,-74.04466,176.0,2.933333333333333,False,0.0042618982538717,0.0871751915564683,0.8369983780051945,0.0,0.0,0.0871751915564683,123.7,0.0,182.0,3.0,False,False,False,False,False,False,False,0,False,
368051060,2024-06-14 09:00:39+00:00,40.65872,-74.04477,0.1,123.7,176.0,KRISTY ANN,IMO9862774,WDK4022,57,1.0,123.0,24.0,5.1,57.0,A,False,False,False,False,False,False,False,False,False,False,True,False,2024-06-14 08:57:35+00:00,40.65879,-74.04471,184.0,3.066666666666667,False,0.0050131899694993,0.0980841515771616,0.8420115679746939,0.1,0.0326086956521739,-0.0019158484228383,123.7,0.0,179.0,3.0,False,False,False,False,False,False,False,0,False,
368051060,2024-06-14 09:03:38+00:00,40.65864,-74.04495,0.1,123.7,172.0,KRISTY ANN,IMO9862774,WDK4022,57,1.0,123.0,24.0,5.1,57.0,A,False,False,False,False,False,False,False,False,False,False,True,False,2024-06-14 09:00:39+00:00,40.65872,-74.04477,179.0,2.9833333333333334,False,0.0095018791874924,0.1910992462288976,0.8515134471621864,0.0,0.0,0.0910992462288976,123.7,0.0,176.0,4.0,False,False,False,False,False,False,False,0,False,
368051060,2024-06-14 09:06:38+00:00,40.65856,-74.04509,0.1,123.7,168.0,KRISTY ANN,IMO9862774,WDK4022,57,1.0,123.0,24.0,5.1,57.0,A,False,False,False,False,False,False,False,False,False,False,True,False,2024-06-14 09:03:38+00:00,40.65864,-74.04495,180.0,3.0,False,0.0079832249228586,0.1596644984571739,0.8594966720850451,0.0,0.0,0.0596644984571739,123.7,0.0,172.0,4.0,False,False,False,False,False,False,False,0,False,
368051060,2024-06-14 09:09:37+00:00,40.65845,-74.04529,0.2,239.3,163.0,KRISTY ANN,IMO9862774,WDK4022,57,1.0,123.0,24.0,5.1,57.0,A,False,False,False,False,False,False,False,False,False,False,True,False,2024-06-14 09:06:38+00:00,40.65856,-74.04509,179.0,2.9833333333333334,False,0.0112516763714009,0.2262906979723102,0.8707483484564461,0.1,0.0335195530726257,0.0262906979723102,123.7,115.60000000000002,168.0,5.0,False,False,False,False,False,False,False,0,False,
368051060,2024-06-14 09:12:40+00:00,40.65831,-74.04562,0.3,246.0,155.0,KRISTY ANN,IMO9862774,WDK4022,57,1.0,123.0,24.0,5.1,57.0,A,False,False,False,False,False,False,False,False,False,False,True,False,2024-06-14 09:09:37+00:00,40.65845,-74.04529,183.0,3.05,False,0.0172212963053829,0.3387795994501557,0.887969644761829,0.0999999999999999,0.0327868852459016,0.0387795994501557,239.3,6.699999999999989,163.0,8.0,False,False,False,False,False,False,False,0,False,
368051060,2024-06-14 09:15:37+00:00,40.65812,-74.04601,0.4,236.8,144.0,KRISTY ANN,IMO9862774,WDK4022,57,1.0,123.0,24.0,5.1,57.0,A,False,False,False,False,False,False,False,False,False,False,True,False,2024-06-14 09:12:40+00:00,40.65831,-74.04562,177.0,2.95,False,0.0211110172899456,0.4293766228463526,0.9090806620517748,0.1,0.0338983050847457,0.0293766228463525,246.0,9.199999999999989,155.0,11.0,False,False,False,False,False,False,False,0,False,
368051060,2024-06-14 09:18:36+00:00,40.65791,-74.04645,0.5,224.7,126.0,KRISTY ANN,IMO9862774,WDK4022,57,1.0,123.0,24.0,5.1,57.0,A,False,False,False,False,False,False,False,False,False,False,True,False,2024-06-14 09:15:37+00:00,40.65812,-74.04601,179.0,2.9833333333333334,False,0.0236772109836186,0.4761897181062968,0.9327578730353934,0.0999999999999999,0.0335195530726256,-0.0238102818937031,236.8,12.100000000000025,144.0,18.0,False,False,False,False,False,False,False,0,False,
368051060,2024-06-14 09:21:35+00:00,40.65751,-74.04685,0.5,209.2,105.0,KRISTY ANN,IMO9862774,WDK4022,57,1.0,123.0,24.0,5.1,57.0,A,False,False,False,False,False,False,False,False,False,False,True,False,2024-06-14 09:18:36+00:00,40.65791,-74.04645,179.0,2.9833333333333334,False,0.0301448308794565,0.6062647551175615,0.96290270391485,0.0,0.0,0.1062647551175615,224.7,15.5,126.0,21.0,False,False,False,False,False,False,False,0,False,
368051060,2024-06-14 09:24:36+00:00,40.65706,-74.04714,0.5,200.2,85.0,KRISTY ANN,IMO9862774,WDK4022,57,1.0,123.0,24.0,5.1,57.0,A,False,False,False,False,False,False,False,False,False,False,True,False,2024-06-14 09:21:35+00:00,40.65751,-74.04685,181.0,3.0166666666666666,False,0.030074215073411,0.5981611837805519,0.992976918988261,0.0,0.0,0.0981611837805519,209.2,9.0,105.0,20.0,False,False,False,False,False,False,False,0,False,
368051060,2024-06-14 09:27:40+00:00,40.65666,-74.04724,0.3,174.8,68.0,KRISTY ANN,IMO9862774,WDK4022,57,1.0,123.0,24.0,5.1,57.0,A,False,False,False,False,False,False,False,False,False,False,True,False,2024-06-14 09:24:36+00:00,40.65706,-74.04714,184.0,3.066666666666667,False,0.0244442936939409,0.478257920098844,1.017421212682202,-0.2,-0.0652173913043478,0.178257920098844,200.2,25.399999999999977,85.0,17.0,False,False,False,False,False,False,False,0,False,
368051060,2024-06-14 09:30:36+00:00,40.65646,-74.04719,0.1,160.7,63.0,KRISTY ANN,IMO9862774,WDK4022,57,1.0,123.0,24.0,5.1,57.0,A,False,False,False,False,False,False,False,False,False,False,True,False,2024-06-14 09:27:40+00:00,40.65666,-74.04724,176.0,2.933333333333333,False,0.0122221487549959,0.24999849726128,1.0296433614371978,-0.1999999999999999,-0.0681818181818181,0.14999849726128,174.8,14.100000000000025,68.0,5.0,False,False,False,False,False,False,False,0,False,
368051060,2024-06-14 09:33:39+00:00,40.65637,-74.04703,0.2,127.8,65.0,KRISTY ANN,IMO9862774,WDK4022,57,1.0,123.0,24.0,5.1,57.0,A,False,False,False,False,False,False,False,False,False,False,True,False,2024-06-14 09:30:36+00:00,40.65646,-74.04719,183.0,3.05,False,0.0090725298732966,0.1784759975074755,1.0387158913104946,0.1,0.0327868852459016,-0.0215240024925245,160.7,32.89999999999998,63.0,2.0,False,False,False,False,False,False,False,0,False,
368051060,2024-06-14 09:36:37+00:00,40.65624,-74.04679,0.3,133.3,63.0,KRISTY ANN,IMO9862774,WDK4022,57,1.0,123.0,24.0,5.1,57.0,A,False,False,False,False,False,False,False,False,False,False,True,False,2024-06-14 09:33:39+00:00,40.65637,-74.04703,178.0,2.966666666666667,False,0.0134321723793464,0.2716619132901525,1.052148063689841,0.0999999999999999,0.0337078651685393,-0.0283380867098475,127.8,5.5,65.0,2.0,False,False,False,False,False,False,False,0,False,
368051060,2024-06-14 09:39:40+00:00,40.65604,-74.04654,0.3,138.5,58.0,KRISTY ANN,IMO9862774,WDK4022,57,1.0,123.0,24.0,5.1,57.0,A,False,False,False,False,False,False,False,False,False,False,True,False,2024-06-14 09:36:37+00:00,40.65624,-74.04679,183.0,3.05,False,0.0165487760740403,0.3255496932598093,1.0686968397638814,0.0,0.0,0.0255496932598093,133.3,5.199999999999989,63.0,5.0,False,False,False,False,False,False,False,0,False,
368051060,2024-06-14 09:42:38+00:00,40.65583,-74.04636,0.2,146.2,52.0,KRISTY ANN,IMO9862774,WDK4022,57,1.0,123.0,24.0,5.1,57.0,A,False,False,False,False,False,False,False,False,False,False,True,False,2024-06-14 09:39:40+00:00,40.65604,-74.04654,178.0,2.966666666666667,False,0.0150397588298,0.3041748976813484,1.083736598593681,-0.0999999999999999,-0.0337078651685393,0.1041748976813484,138.5,7.699999999999989,58.0,6.0,False,False,False,False,False,False,False,0,False,
368051060,2024-06-14 09:45:39+00:00,40.65562,-74.04622,0.2,164.9,47.0,KRISTY ANN,IMO9862774,WDK4022,57,1.0,123.0,24.0,5.1,57.0,A,False,False,False,False,False,False,False,False,False,False,True,False,2024-06-14 09:42:38+00:00,40.65583,-74.04636,181.0,3.0166666666666666,False,0.0141293485676701,0.2810257173680248,1.0978659471613514,0.0,0.0,0.0810257173680248,146.2,18.700000000000017,52.0,5.0,False,False,False,False,False,False,False,0,False,
368051060,2024-06-14 09:48:39+00:00,40.65541,-74.04618,0.2,179.8,43.0,KRISTY ANN,IMO9862774,WDK4022,57,1.0,123.0,24.0,5.1,57.0,A,False,False,False,False,False,False,False,False,False,False,True,False,2024-06-14 09:45:39+00:00,40.65562,-74.04622,180.0,3.0,False,0.0127394562686943,0.2547891253738863,1.1106054034300457,0.0,0.0,0.0547891253738863,164.9,14.900000000000006,47.0,4.0,False,False,False,False,False,False,False,0,False,
368051060,2024-06-14 09:51:39+00:00,40.65521,-74.04613,0.1,157.3,31.0,KRISTY ANN,IMO9862774,WDK4022,57,1.0,123.0,24.0,5.1,57.0,A,False,False,False,False,False,False,False,False,False,False,True,False,2024-06-14 09:48:39+00:00,40.65541,-74.04618,180.0,3.0,False,0.012222156706547,0.2444431341309418,1.122827560136593,-0.1,-0.0333333333333333,0.1444431341309418,179.8,22.5,43.0,12.0,False,False,False,False,False,False,False,0,False,
368051060,2024-06-14 09:54:37+00:00,40.65517,-74.04608,0.0,157.3,25.0,KRISTY ANN,IMO9862774,WDK4022,57,1.0,123.0,24.0,5.1,57.0,A,False,False,False,False,False,False,False,False,False,False,True,False,2024-06-14 09:51:39+00:00,40.65521,-74.04613,178.0,2.966666666666667,False,0.003309777529156,0.0669393208143915,1.1261373376657486,-0.1,-0.0337078651685393,0.0669393208143915,157.3,0.0,31.0,6.0,False,False,False,False,False,False,False,0,False,
368051060,2024-06-14 09:57:41+00:00,40.65516,-74.04611,0.1,286.5,25.0,KRISTY ANN,IMO9862774,WDK4022,57,1.0,123.0,24.0,5.1,57.0,A,False,False,False,False,False,False,False,False,False,False,True,False,2024-06-14 09:54:37+00:00,40.65517,-74.04608,184.0,3.066666666666667,False,0.0014925666911333,0.0292023917830447,1.127629904356882,0.1,0.0326086956521739,-0.0707976082169553,157.3,129.2,25.0,0.0,False,False,False,False,False,False,False,0,False,
368051060,2024-06-14 10:00:39+00:00,40.65518,-74.04614,0.0,286.5,21.0,KRISTY ANN,IMO9862774,WDK4022,57,1.0,123.0,24.0,5.1,57.0,A,False,False,False,False,False,False,False,False,False,False,True,False,2024-06-14 09:57:41+00:00,40.65516,-74.04611,178.0,2.966666666666667,False,0.0018191239993304,0.0367912718965706,1.1294490283562124,-0.1,-0.0337078651685393,0.0367912718965706,286.5,0.0,25.0,4.0,False,False,False,False,False,False,False,0,False,
368051060,2024-06-14 10:03:35+00:00,40.65518,-74.04618,0.1,286.5,25.0,KRISTY ANN,IMO9862774,WDK4022,57,1.0,123.0,24.0,5.1,57.0,A,False,False,False,False,False,False,False,False,False,False,True,False,2024-06-14 10:00:39+00:00,40.65518,-74.04614,176.0,2.933333333333333,False,0.0018219739227254,0.0372676484193832,1.1312710022789378,0.1,0.034090909090909,-0.0627323515806168,286.5,0.0,21.0,4.0,False,False,False,False,False,False,False,0,False,
368051060,2024-06-14 10:06:38+00:00,40.65522,-74.04627,0.0,286.5,25.0,KRISTY ANN,IMO9862774,WDK4022,57,1.0,123.0,24.0,5.1,57.0,A,False,False,False,False,False,False,False,False,False,False,True,False,2024-06-14 10:03:35+00:00,40.65518,-74.04618,183.0,3.05,False,0.0047511240959572,0.0934647363139129,1.136022126374895,-0.1,-0.0327868852459016,0.0934647363139129,286.5,0.0,25.0,0.0,False,False,False,False,False,False,False,0,False,
368051060,2024-06-14 10:09:36+00:00,40.65526,-74.04634,0.0,286.5,28.0,KRISTY ANN,IMO9862774,WDK4022,57,1.0,123.0,24.0,5.1,57.0,A,False,False,False,False,False,False,False,False,False,False,True,False,2024-06-14 10:06:38+00:00,40.65522,-74.04627,178.0,2.966666666666667,False,0.0039917407256256,0.0807318349002933,1.1400138671005209,0.0,0.0,0.0807318349002933,286.5,0.0,25.0,3.0,False,False,False,False,False,False,False,0,False,
368051060,2024-06-14 10:12:36+00:00,40.65526,-74.04638,0.0,286.5,31.0,KRISTY ANN,IMO9862774,WDK4022,57,1.0,123.0,24.0,5.1,57.0,A,False,False,False,False,False,False,False,False,False,False,True,False,2024-06-14 10:09:36+00:00,40.65526,-74.04634,180.0,3.0,False,0.0018219717368776,0.0364394347375539,1.1418358388373984,0.0,0.0,0.0364394347375539,286.5,0.0,28.0,3.0,False,False,False,False,False,False,False,0,False,
368051060,2024-06-14 10:15:38+00:00,40.65525,-74.04635,0.0,286.5,30.0,KRISTY ANN,IMO9862774,WDK4022,57,1.0,123.0,24.0,5.1,57.0,A,False,False,False,False,False,False,False,False,False,False,True,False,2024-06-14 10:12:36+00:00,40.65526,-74.04638,182.0,3.033333333333333,False,0.0014925650035199,0.0295232638058881,1.1433284038409182,0.0,0.0,0.0295232638058881,286.5,0.0,31.0,1.0,False,False,False,False,False,False,False,0,False,
368051060,2024-06-14 10:18:38+00:00,40.65524,-74.04631,0.0,286.5,31.0,KRISTY ANN,IMO9862774,WDK4022,57,1.0,123.0,24.0,5.1,57.0,A,False,False,False,False,False,False,False,False,False,False,True,False,2024-06-14 10:15:38+00:00,40.65525,-74.04635,180.0,3.0,False,0.0019183503845271,0.0383670076905429,1.1452467542254454,0.0,0.0,0.0383670076905429,286.5,0.0,30.0,1.0,False,False,False,False,False,False,False,0,False,
368051060,2024-06-14 10:21:40+00:00,40.65522,-74.04624,0.1,286.5,30.0,KRISTY ANN,IMO9862774,WDK4022,57,1.0,123.0,24.0,5.1,57.0,A,False,False,False,False,False,False,False,False,False,False,True,False,2024-06-14 10:18:38+00:00,40.65524,-74.04631,182.0,3.033333333333333,False,0.0034070762770876,0.0673927175687663,1.1486538305025331,0.1,0.0329670329670329,-0.0326072824312336,286.5,0.0,31.0,1.0,False,False,False,False,False,False,False,0,False,
368051060,2024-06-14 10:24:39+00:00,40.65519,-74.04615,0.0,286.5,28.0,KRISTY ANN,IMO9862774,WDK4022,57,1.0,123.0,24.0,5.1,57.0,A,False,False,False,False,False,False,False,False,False,False,True,False,2024-06-14 10:21:40+00:00,40.65522,-74.04624,179.0,2.9833333333333334,False,0.0044776978253021,0.0900542579390368,1.1531315283278352,-0.1,-0.0335195530726257,0.0900542579390368,286.5,0.0,30.0,2.0,False,False,False,False,False,False,False,0,False,
368051060,2024-06-14 10:27:36+00:00,40.65517,-74.0461,0.0,286.5,25.0,KRISTY ANN,IMO9862774,WDK4022,57,1.0,123.0,24.0,5.1,57.0,A,False,False,False,False,False,False,False,False,False,False,True,False,2024-06-14 10:24:39+00:00,40.65519,-74.04615,177.0,2.95,False,0.0025746457109889,0.0523656754777421,1.155706174038824,0.0,0.0,0.0523656754777421,286.5,0.0,28.0,3.0,False,False,False,False,False,False,False,0,False,
368051060,2024-06-14 10:30:39+00:00,40.65514,-74.04611,0.0,286.5,24.0,KRISTY ANN,IMO9862774,WDK4022,57,1.0,123.0,24.0,5.1,57.0,A,False,False,False,False,False,False,False,False,False,False,True,False,2024-06-14 10:27:36+00:00,40.65517,-74.0461,183.0,3.05,False,0.0018579143409477,0.0365491345760205,1.1575640883797718,0.0,0.0,0.0365491345760205,286.5,0.0,25.0,1.0,False,False,False,False,False,False,False,0,False,
368051060,2024-06-14 10:33:36+00:00,40.65519,-74.04612,0.0,286.5,25.0,KRISTY ANN,IMO9862774,WDK4022,57,1.0,123.0,24.0,5.1,57.0,A,False,False,False,False,False,False,False,False,False,False,True,False,2024-06-14 10:30:39+00:00,40.65514,-74.04611,177.0,2.95,False,0.0030363821752959,0.0617569255992393,1.1606004705550677,0.0,0.0,0.0617569255992393,286.5,0.0,24.0,1.0,False,False,False,False,False,False,False,0,False,
368051060,2024-06-14 10:36:36+00:00,40.65516,-74.04609,0.0,286.5,26.0,KRISTY ANN,IMO9862774,WDK4022,57,1.0,123.0,24.0,5.1,57.0,A,False,False,False,False,False,False,False,False,False,False,True,False,2024-06-14 10:33:36+00:00,40.65519,-74.04612,180.0,3.0,False,0.002260893696355,0.0452178739271018,1.1628613642514227,0.0,0.0,0.0452178739271018,286.5,0.0,25.0,1.0,False,False,False,False,False,False,False,0,False,
368051060,2024-06-14 10:39:37+00:00,40.65515,-74.04604,0.0,286.5,25.0,KRISTY ANN,IMO9862774,WDK4022,57,1.0,123.0,24.0,5.1,57.0,A,False,False,False,False,False,False,False,False,False,False,True,False,2024-06-14 10:36:36+00:00,40.65516,-74.04609,181.0,3.0166666666666666,False,0.0023552807370858,0.0468453627265695,1.1652166449885086,0.0,0.0,0.0468453627265695,286.5,0.0,26.0,1.0,False,False,False,False,False,False,False,0,False,
368051060,2024-06-14 10:42:40+00:00,40.65515,-74.04597,0.0,286.5,22.0,KRISTY ANN,IMO9862774,WDK4022,57,1.0,123.0,24.0,5.1,57.0,A,False,False,False,False,False,False,False,False,False,False,True,False,2024-06-14 10:39:37+00:00,40.65515,-74.04604,183.0,3.05,False,0.0031884557974556,0.0627237206056852,1.1684051007859644,0.0,0.0,0.0627237206056852,286.5,0.0,25.0,3.0,False,False,False,False,False,False,False,0,False,
368051060,2024-06-14 10:45:38+00:00,40.65511,-74.04595,0.0,286.5,19.0,KRISTY ANN,IMO9862774,WDK4022,57,1.0,123.0,24.0,5.1,57.0,A,False,False,False,False,False,False,False,False,False,False,True,False,2024-06-14 10:42:40+00:00,40.65515,-74.04597,178.0,2.966666666666667,False,0.0025685929155479,0.0519490702020936,1.1709736937015125,0.0,0.0,0.0519490702020936,286.5,0.0,22.0,3.0,False,False,False,False,False,False,False,0,False,
368051060,2024-06-14 10:48:36+00:00,40.65512,-74.04597,0.0,286.5,18.0,KRISTY ANN,IMO9862774,WDK4022,57,1.0,123.0,24.0,5.1,57.0,A,False,False,False,False,False,False,False,False,False,False,True,False,2024-06-14 10:45:38+00:00,40.65511,-74.04595,178.0,2.966666666666667,False,0.0010910474562736,0.02206612832913,1.172064741157786,0.0,0.0,0.02206612832913,286.5,0.0,19.0,1.0,False,False,False,False,False,False,False,0,False,
368051060,2024-06-14 10:51:36+00:00,40.65509,-74.04601,0.0,286.5,18.0,KRISTY ANN,IMO9862774,WDK4022,57,1.0,123.0,24.0,5.1,57.0,A,False,False,False,False,False,False,False,False,False,False,True,False,2024-06-14 10:48:36+00:00,40.65512,-74.04597,180.0,3.0,False,0.0025620241349975,0.0512404826999508,1.1746267652927835,0.0,0.0,0.0512404826999508,286.5,0.0,18.0,0.0,False,False,False,False,False,False,False,0,False,
368051060,2024-06-14 10:54:36+00:00,40.6551,-74.04602,0.0,286.5,16.0,KRISTY ANN,IMO9862774,WDK4022,57,1.0,123.0,24.0,5.1,57.0,A,False,False,False,False,False,False,False,False,False,False,True,False,2024-06-14 10:51:36+00:00,40.65509,-74.04601,180.0,3.0,False,0.0007536315622388,0.0150726312447769,1.1753803968550225,0.0,0.0,0.0150726312447769,286.5,0.0,18.0,2.0,False,False,False,False,False,False,False,0,False,
368051060,2024-06-14 10:57:35+00:00,40.65511,-74.04611,0.0,286.5,17.0,KRISTY ANN,IMO9862774,WDK4022,57,1.0,123.0,24.0,5.1,57.0,A,False,False,False,False,False,False,False,False,False,False,True,False,2024-06-14 10:54:36+00:00,40.6551,-74.04602,179.0,2.9833333333333334,False,0.0041431802575624,0.0833265303196923,1.179523577112585,0.0,0.0,0.0833265303196923,286.5,0.0,16.0,1.0,False,False,False,False,False,False,False,0,False,
368051060,2024-06-14 11:00:39+00:00,40.65513,-74.04616,0.0,286.5,19.0,KRISTY ANN,IMO9862774,WDK4022,57,1.0,123.0,24.0,5.1,57.0,A,False,False,False,False,False,False,False,False,False,False,True,False,2024-06-14 10:57:35+00:00,40.65511,-74.04611,184.0,3.066666666666667,False,0.0025746475234159,0.0503735385016158,1.1820982246360008,0.0,0.0,0.0503735385016158,286.5,0.0,17.0,2.0,False,False,False,False,False,False,False,0,False,
368051060,2024-06-14 11:03:36+00:00,40.65514,-74.04621,0.0,286.5,21.0,KRISTY ANN,IMO9862774,WDK4022,57,1.0,123.0,24.0,5.1,57.0,A,False,False,False,False,False,False,False,False,False,False,True,False,2024-06-14 11:00:39+00:00,40.65513,-74.04616,177.0,2.95,False,0.0023552813965872,0.0479040284051635,1.184453506032588,0.0,0.0,0.0479040284051635,286.5,0.0,19.0,2.0,False,False,False,False,False,False,False,0,False,
368051060,2024-06-14 11:06:36+00:00,40.65516,-74.04622,0.0,286.5,20.0,KRISTY ANN,IMO9862774,WDK4022,57,1.0,123.0,24.0,5.1,57.0,A,False,False,False,False,False,False,False,False,False,False,True,False,2024-06-14 11:03:36+00:00,40.65514,-74.04621,180.0,3.0,False,0.0012842964096284,0.0256859281925694,1.1857378024422165,0.0,0.0,0.0256859281925694,286.5,0.0,21.0,1.0,False,False,False,False,False,False,False,0,False,
368051060,2024-06-14 11:09:38+00:00,40.65515,-74.04621,0.0,286.5,21.0,KRISTY ANN,IMO9862774,WDK4022,57,1.0,123.0,24.0,5.1,57.0,A,False,False,False,False,False,False,False,False,False,False,True,False,2024-06-14 11:06:36+00:00,40.65516,-74.04622,182.0,3.033333333333333,False,0.0007536313152685,0.0149069930492681,1.186491433757485,0.0,0.0,0.0149069930492681,286.5,0.0,20.0,1.0,False,False,False,False,False,False,False,0,False,
368051060,2024-06-14 11:12:38+00:00,40.65513,-74.04613,0.0,286.5,22.0,KRISTY ANN,IMO9862774,WDK4022,57,1.0,123.0,24.0,5.1,57.0,A,False,False,False,False,False,False,False,False,False,False,True,False,2024-06-14 11:09:38+00:00,40.65515,-74.04621,180.0,3.0,False,0.0038367062148327,0.0767341242966555,1.1903281399723178,0.0,0.0,0.0767341242966555,286.5,0.0,21.0,1.0,False,False,False,False,False,False,False,0,False,
368051060,2024-06-14 11:15:40+00:00,40.6551,-74.04598,0.1,286.5,18.0,KRISTY ANN,IMO9862774,WDK4022,57,1.0,123.0,24.0,5.1,57.0,A,False,False,False,False,False,False,False,False,False,False,True,False,2024-06-14 11:12:38+00:00,40.65513,-74.04613,182.0,3.033333333333333,False,0.0070658461707974,0.1397639901915975,1.197393986143115,0.1,0.0329670329670329,0.0397639901915975,286.5,0.0,22.0,4.0,False,False,False,False,False,False,False,0,False,
368051060,2024-06-14 11:18:38+00:00,40.65507,-74.04592,0.0,286.5,14.0,KRISTY ANN,IMO9862774,WDK4022,57,1.0,123.0,24.0,5.1,57.0,A,False,False,False,False,False,False,False,False,False,False,True,False,2024-06-14 11:15:40+00:00,40.6551,-74.04598,178.0,2.966666666666667,False,0.0032731433961393,0.0661984057646162,1.2006671295392546,-0.1,-0.0337078651685393,0.0661984057646162,286.5,0.0,18.0,4.0,False,False,False,False,False,False,False,0,False,
368051060,2024-06-14 11:21:36+00:00,40.65509,-74.04595,0.0,286.5,14.0,KRISTY ANN,IMO9862774,WDK4022,57,1.0,123.0,24.0,5.1,57.0,A,False,False,False,False,False,False,False,False,False,False,True,False,2024-06-14 11:18:38+00:00,40.65507,-74.04592,178.0,2.966666666666667,False,0.00181912538468,0.0367912999148764,1.2024862549239346,0.0,0.0,0.0367912999148764,286.5,0.0,14.0,0.0,False,False,False,False,False,False,False,0,False,
368051060,2024-06-14 11:24:38+00:00,40.65507,-74.04595,0.0,286.5,13.0,KRISTY ANN,IMO9862774,WDK4022,57,1.0,123.0,24.0,5.1,57.0,A,False,False,False,False,False,False,False,False,False,False,True,False,2024-06-14 11:21:36+00:00,40.65509,-74.04595,182.0,3.033333333333333,False,0.0012008092148172,0.0237522701831991,1.2036870641387518,0.0,0.0,0.0237522701831991,286.5,0.0,14.0,1.0,False,False,False,False,False,False,False,0,False,
368051060,2024-06-14 11:27:38+00:00,40.65507,-74.04599,0.0,286.5,13.0,KRISTY ANN,IMO9862774,WDK4022,57,1.0,123.0,24.0,5.1,57.0,A,False,False,False,False,False,False,False,False,False,False,True,False,2024-06-14 11:24:38+00:00,40.65507,-74.04595,180.0,3.0,False,0.0018219769260871,0.0364395385217422,1.205509041064839,0.0,0.0,0.0364395385217422,286.5,0.0,13.0,0.0,False,False,False,False,False,False,False,0,False,
368051060,2024-06-14 11:30:37+00:00,40.65508,-74.04604,0.0,286.5,13.0,KRISTY ANN,IMO9862774,WDK4022,57,1.0,123.0,24.0,5.1,57.0,A,False,False,False,False,False,False,False,False,False,False,True,False,2024-06-14 11:27:38+00:00,40.65507,-74.04599,179.0,2.9833333333333334,False,0.0023552833770628,0.0473688276951184,1.2078643244419018,0.0,0.0,0.0473688276951184,286.5,0.0,13.0,0.0,False,False,False,False,False,False,False,0,False,
368051060,2024-06-14 11:33:36+00:00,40.65513,-74.04611,0.1,286.5,12.0,KRISTY ANN,IMO9862774,WDK4022,57,1.0,123.0,24.0,5.1,57.0,A,False,False,False,False,False,False,False,False,False,False,True,False,2024-06-14 11:30:37+00:00,40.65508,-74.04604,179.0,2.9833333333333334,False,0.004379315745084,0.0880756239234787,1.2122436401869858,0.1,0.0335195530726257,-0.0119243760765212,286.5,0.0,13.0,1.0,False,False,False,False,False,False,False,0,False,
368051060,2024-06-14 11:36:40+00:00,40.65516,-74.04624,0.1,286.5,13.0,KRISTY ANN,IMO9862774,WDK4022,57,1.0,123.0,24.0,5.1,57.0,A,False,False,False,False,False,False,False,False,False,False,True,False,2024-06-14 11:33:36+00:00,40.65513,-74.04611,184.0,3.066666666666667,False,0.0061893106677237,0.1210952087163345,1.2184329508547096,0.0,0.0,0.0210952087163345,286.5,0.0,12.0,1.0,False,False,False,False,False,False,False,0,False,
368051060,2024-06-14 11:39:36+00:00,40.6552,-74.04632,0.1,286.5,16.0,KRISTY ANN,IMO9862774,WDK4022,57,1.0,123.0,24.0,5.1,57.0,A,False,False,False,False,False,False,False,False,False,False,True,False,2024-06-14 11:36:40+00:00,40.65516,-74.04624,176.0,2.933333333333333,False,0.0043641868614166,0.0892674585289767,1.2227971377161262,0.0,0.0,-0.0107325414710232,286.5,0.0,13.0,3.0,False,False,False,False,False,False,False,0,False,
368051060,2024-06-14 11:42:36+00:00,40.65516,-74.04626,0.2,107.1,23.0,KRISTY ANN,IMO9862774,WDK4022,57,1.0,123.0,24.0,5.1,57.0,A,False,False,False,False,False,False,False,False,False,False,True,False,2024-06-14 11:39:36+00:00,40.6552,-74.04632,180.0,3.0,False,0.0036382476909578,0.0727649538191565,1.226435385407084,0.1,0.0333333333333333,-0.1272350461808434,286.5,179.4,16.0,7.0,False,False,False,False,False,False,False,0,False,
368051060,2024-06-14 11:45:38+00:00,40.65514,-74.04594,0.4,95.5,24.0,KRISTY ANN,IMO9862774,WDK4022,57,1.0,123.0,24.0,5.1,57.0,A,False,False,False,False,False,False,False,False,False,False,True,False,2024-06-14 11:42:36+00:00,40.65516,-74.04626,182.0,3.033333333333333,False,0.0146251778810177,0.2892892328113395,1.2410605632881018,0.2,0.0659340659340659,-0.1107107671886605,107.1,11.599999999999994,23.0,1.0,False,False,False,False,False,False,False,0,False,
368051060,2024-06-14 11:48:41+00:00,40.65509,-74.04548,0.3,91.8,18.0,KRISTY ANN,IMO9862774,WDK4022,57,1.0,123.0,24.0,5.1,57.0,A,False,False,False,False,False,False,False,False,False,False,True,False,2024-06-14 11:45:38+00:00,40.65514,-74.04594,183.0,3.05,False,0.0211666870173055,0.4163938429633881,1.2622272503054073,-0.1,-0.0327868852459016,0.1163938429633881,95.5,3.6999999999999886,24.0,6.0,False,False,False,False,False,False,False,0,False,
368051060,2024-06-14 11:51:36+00:00,40.65505,-74.04516,0.2,102.0,7.0,KRISTY ANN,IMO9862774,WDK4022,57,1.0,123.0,24.0,5.1,57.0,A,False,False,False,False,False,False,False,False,False,False,True,False,2024-06-14 11:48:41+00:00,40.65509,-74.04548,175.0,2.9166666666666665,False,0.0147723446296515,0.3038882323814025,1.2769995949350588,-0.0999999999999999,-0.0342857142857142,0.1038882323814025,91.8,10.199999999999989,18.0,11.0,False,False,False,False,False,False,False,0,False,
368051060,2024-06-14 11:54:36+00:00,40.65502,-74.04509,0.0,101.1,0.0,KRISTY ANN,IMO9862774,WDK4022,57,1.0,123.0,24.0,5.1,57.0,A,False,False,False,False,False,False,False,False,False,False,True,False,2024-06-14 11:51:36+00:00,40.65505,-74.04516,180.0,3.0,False,0.003662056341531,0.0732411268306204,1.2806616512765898,-0.2,-0.0666666666666666,0.0732411268306204,102.0,0.9000000000000057,7.0,7.0,False,False,False,False,False,False,False,0,False,
368051060,2024-06-14 11:57:36+00:00,40.655,-74.04519,0.1,101.1,359.0,KRISTY ANN,IMO9862774,WDK4022,57,1.0,123.0,24.0,5.1,57.0,A,False,False,False,False,False,False,False,False,False,False,True,False,2024-06-14 11:54:36+00:00,40.65502,-74.04509,180.0,3.0,False,0.0047105710456137,0.0942114209122751,1.2853722223222035,0.1,0.0333333333333333,-0.0057885790877248,101.1,0.0,0.0,1.0,False,False,False,False,False,False,False,0,False,
368051060,2024-06-14 12:00:39+00:00,40.655,-74.04531,0.0,101.1,1.0,KRISTY ANN,IMO9862774,WDK4022,57,1.0,123.0,24.0,5.1,57.0,A,False,False,False,False,False,False,False,False,False,False,True,False,2024-06-14 11:57:36+00:00,40.655,-74.04519,183.0,3.05,False,0.0054659365124678,0.1075266199173995,1.2908381588346711,-0.1,-0.0327868852459016,0.1075266199173995,101.1,0.0,359.0,2.0,False,False,False,False,False,False,False,0,False,
368051060,2024-06-14 12:03:39+00:00,40.65501,-74.04531,0.0,101.1,3.0,KRISTY ANN,IMO9862774,WDK4022,57,1.0,123.0,24.0,5.1,57.0,A,False,False,False,False,False,False,False,False,False,False,True,False,2024-06-14 12:00:39+00:00,40.655,-74.04531,180.0,3.0,False,0.0006004046070267,0.0120080921405344,1.291438563441698,0.0,0.0,0.0120080921405344,101.1,0.0,1.0,2.0,False,False,False,False,False,False,False,0,False,
368051060,2024-06-14 12:06:36+00:00,40.655,-74.04535,0.1,101.1,3.0,KRISTY ANN,IMO9862774,WDK4022,57,1.0,123.0,24.0,5.1,57.0,A,False,False,False,False,False,False,False,False,False,False,True,False,2024-06-14 12:03:39+00:00,40.65501,-74.04531,177.0,2.95,False,0.0019183566085156,0.03901742254608,1.2933569200502135,0.1,0.0338983050847457,-0.0609825774539199,101.1,0.0,3.0,0.0,False,False,False,False,False,False,False,0,False,
368051060,2024-06-14 12:09:39+00:00,40.65499,-74.04539,0.0,101.1,4.0,KRISTY ANN,IMO9862774,WDK4022,57,1.0,123.0,24.0,5.1,57.0,A,False,False,False,False,False,False,False,False,False,False,True,False,2024-06-14 12:06:36+00:00,40.655,-74.04535,183.0,3.05,False,0.0019183568685506,0.0377381679059143,1.2952752769187643,-0.1,-0.0327868852459016,0.0377381679059143,101.1,0.0,3.0,1.0,False,False,False,False,False,False,False,0,False,
368051060,2024-06-14 12:12:37+00:00,40.655,-74.04542,0.0,101.1,4.0,KRISTY ANN,IMO9862774,WDK4022,57,1.0,123.0,24.0,5.1,57.0,A,False,False,False,False,False,False,False,False,False,False,True,False,2024-06-14 12:09:39+00:00,40.65499,-74.04539,178.0,2.966666666666667,False,0.0014925698789939,0.0301868065414515,1.2967678467977584,0.0,0.0,0.0301868065414515,101.1,0.0,4.0,0.0,False,False,False,False,False,False,False,0,False,
368051060,2024-06-14 12:15:36+00:00,40.65502,-74.04552,0.1,101.1,0.0,KRISTY ANN,IMO9862774,WDK4022,57,1.0,123.0,24.0,5.1,57.0,A,False,False,False,False,False,False,False,False,False,False,True,False,2024-06-14 12:12:37+00:00,40.655,-74.04542,179.0,2.9833333333333334,False,0.0047105710456137,0.0947377416994946,1.301478417843372,0.1,0.0335195530726257,-0.0052622583005054,101.1,0.0,4.0,4.0,False,False,False,False,False,False,False,0,False,
368051060,2024-06-14 12:18:40+00:00,40.65512,-74.04594,0.5,291.8,359.0,KRISTY ANN,IMO9862774,WDK4022,57,1.0,123.0,24.0,5.1,57.0,A,False,False,False,False,False,False,False,False,False,False,True,False,2024-06-14 12:15:36+00:00,40.65502,-74.04552,184.0,3.066666666666667,False,0.0200507969979256,0.3922982021333283,1.3215292148412976,0.4,0.1304347826086956,-0.1077017978666717,101.1,169.29999999999995,0.0,1.0,False,False,False,False,False,False,False,0,False,
368051060,2024-06-14 12:21:35+00:00,40.65532,-74.0466,0.6,282.0,7.0,KRISTY ANN,IMO9862774,WDK4022,57,1.0,123.0,24.0,5.1,57.0,A,False,False,False,False,False,False,False,False,False,False,True,False,2024-06-14 12:18:40+00:00,40.65512,-74.04594,175.0,2.9166666666666665,False,0.032372075790245,0.6659398448278977,1.3539012906315426,0.0999999999999999,0.0342857142857142,0.0659398448278977,291.8,9.800000000000011,359.0,8.0,False,False,False,False,False,False,False,0,False,
368051060,2024-06-14 12:24:38+00:00,40.6554,-74.04711,0.1,288.7,27.0,KRISTY ANN,IMO9862774,WDK4022,57,1.0,123.0,24.0,5.1,57.0,A,False,False,False,False,False,False,False,False,False,False,True,False,2024-06-14 12:21:35+00:00,40.65532,-74.0466,183.0,3.05,False,0.0237214850880576,0.4666521656667073,1.3776227757196002,-0.5,-0.1639344262295082,0.3666521656667073,282.0,6.699999999999989,7.0,20.0,False,False,False,False,False,False,False,0,False,
368051060,2024-06-14 12:27:36+00:00,40.65534,-74.04703,0.1,133.2,34.0,KRISTY ANN,IMO9862774,WDK4022,57,1.0,123.0,24.0,5.1,57.0,A,False,False,False,False,False,False,False,False,False,False,True,False,2024-06-14 12:24:38+00:00,40.6554,-74.04711,178.0,2.966666666666667,False,0.0051240379767572,0.1036322287434043,1.3827468136963574,0.0,0.0,0.0036322287434043,288.7,155.5,27.0,7.0,False,False,False,False,False,False,False,0,False,
368051060,2024-06-14 12:30:38+00:00,40.65521,-74.04668,0.4,109.1,36.0,KRISTY ANN,IMO9862774,WDK4022,57,1.0,123.0,24.0,5.1,57.0,A,False,False,False,False,False,False,False,False,False,False,True,False,2024-06-14 12:27:36+00:00,40.65534,-74.04703,182.0,3.033333333333333,False,0.0177504194017213,0.3511071969571254,1.4004972330980787,0.3,0.0989010989010989,-0.0488928030428746,133.2,24.099999999999994,34.0,2.0,False,False,False,False,False,False,False,0,False,
368051060,2024-06-14 12:33:36+00:00,40.65509,-74.04609,0.5,100.7,31.0,KRISTY ANN,IMO9862774,WDK4022,57,1.0,123.0,24.0,5.1,57.0,A,False,False,False,False,False,False,False,False,False,False,True,False,2024-06-14 12:30:38+00:00,40.65521,-74.04668,178.0,2.966666666666667,False,0.0278231677730288,0.5627157527129434,1.4283204008711077,0.0999999999999999,0.0337078651685393,0.0627157527129433,109.1,8.399999999999977,36.0,5.0,False,False,False,False,False,False,False,0,False,
368051060,2024-06-14 12:36:35+00:00,40.65504,-74.04569,0.2,109.0,21.0,KRISTY ANN,IMO9862774,WDK4022,57,1.0,123.0,24.0,5.1,57.0,A,False,False,False,False,False,False,False,False,False,False,True,False,2024-06-14 12:33:36+00:00,40.65509,-74.04609,179.0,2.9833333333333334,False,0.0184654321347632,0.3713718194700998,1.446785833005871,-0.3,-0.100558659217877,0.1713718194700997,100.7,8.300000000000011,31.0,10.0,False,False,False,False,False,False,False,0,False,
368051060,2024-06-14 12:39:39+00:00,40.65497,-74.04559,0.1,113.5,13.0,KRISTY ANN,IMO9862774,WDK4022,57,1.0,123.0,24.0,5.1,57.0,A,False,False,False,False,False,False,False,False,False,False,True,False,2024-06-14 12:36:35+00:00,40.65504,-74.04569,184.0,3.066666666666667,False,0.0061976881855093,0.1212591166730082,1.4529835211913802,-0.1,-0.0326086956521739,0.0212591166730082,109.0,4.5,21.0,8.0,False,False,False,False,False,False,False,0,False,
368051060,2024-06-14 12:42:40+00:00,40.65495,-74.04571,0.1,113.5,8.0,KRISTY ANN,IMO9862774,WDK4022,57,1.0,123.0,24.0,5.1,57.0,A,False,False,False,False,False,False,False,False,False,False,True,False,2024-06-14 12:39:39+00:00,40.65497,-74.04559,181.0,3.0166666666666666,False,0.0055962881042179,0.1113073877082024,1.4585798092955982,0.0,0.0,0.0113073877082023,113.5,0.0,13.0,5.0,False,False,False,False,False,False,False,0,False,
368051060,2024-06-14 12:45:39+00:00,40.65495,-74.04583,0.1,113.5,6.0,KRISTY ANN,IMO9862774,WDK4022,57,1.0,123.0,24.0,5.1,57.0,A,False,False,False,False,False,False,False,False,False,False,True,False,2024-06-14 12:42:40+00:00,40.65495,-74.04571,179.0,2.9833333333333334,False,0.0054659406087387,0.1099295317958636,1.464045749904337,0.0,0.0,0.0099295317958636,113.5,0.0,8.0,2.0,False,False,False,False,False,False,False,0,False,
368051060,2024-06-14 12:48:39+00:00,40.65499,-74.04596,0.0,113.5,9.0,KRISTY ANN,IMO9862774,WDK4022,57,1.0,123.0,24.0,5.1,57.0,A,False,False,False,False,False,False,False,False,False,False,True,False,2024-06-14 12:45:39+00:00,40.65495,-74.04583,180.0,3.0,False,0.006389925689783,0.1277985137956603,1.47043567559412,-0.1,-0.0333333333333333,0.1277985137956603,113.5,0.0,6.0,3.0,False,False,False,False,False,False,False,0,False,
368051060,2024-06-14 12:51:41+00:00,40.655,-74.04601,0.0,113.5,10.0,KRISTY ANN,IMO9862774,WDK4022,57,1.0,123.0,24.0,5.1,57.0,A,False,False,False,False,False,False,False,False,False,False,True,False,2024-06-14 12:48:39+00:00,40.65499,-74.04596,182.0,3.033333333333333,False,0.0023552860182537,0.0465880750863383,1.4727909616123738,0.0,0.0,0.0465880750863383,113.5,0.0,9.0,1.0,False,False,False,False,False,False,False,0,False,
368051060,2024-06-14 12:54:36+00:00,40.65499,-74.04601,0.0,113.5,15.0,KRISTY ANN,IMO9862774,WDK4022,57,1.0,123.0,24.0,5.1,57.0,A,False,False,False,False,False,False,False,False,False,False,True,False,2024-06-14 12:51:41+00:00,40.655,-74.04601,175.0,2.9166666666666665,False,0.0006004046074086,0.0123511804952635,1.4733913662197824,0.0,0.0,0.0123511804952635,113.5,0.0,10.0,5.0,False,False,False,False,False,False,False,0,False,
368051060,2024-06-14 12:57:36+00:00,40.65498,-74.04586,0.1,113.5,15.0,KRISTY ANN,IMO9862774,WDK4022,57,1.0,123.0,24.0,5.1,57.0,A,False,False,False,False,False,False,False,False,False,False,True,False,2024-06-14 12:54:36+00:00,40.65499,-74.04601,180.0,3.0,False,0.0068587519627944,0.1371750392558899,1.480250118182577,0.1,0.0333333333333333,0.0371750392558898,113.5,0.0,15.0,0.0,False,False,False,False,False,False,False,0,False,
368051060,2024-06-14 13:00:36+00:00,40.65498,-74.04568,0.1,87.8,14.0,KRISTY ANN,IMO9862774,WDK4022,57,1.0,123.0,24.0,5.1,57.0,A,False,False,False,False,False,False,False,False,False,False,True,False,2024-06-14 12:57:36+00:00,40.65498,-74.04586,180.0,3.0,False,0.0081989072261745,0.16397814452349,1.4884490254087517,0.0,0.0,0.06397814452349,113.5,25.69999999999999,15.0,1.0,False,False,False,False,False,False,False,0,False,
368051060,2024-06-14 13:03:36+00:00,40.65498,-74.04548,0.1,95.3,10.0,KRISTY ANN,IMO9862774,WDK4022,57,1.0,123.0,24.0,5.1,57.0,A,False,False,False,False,False,False,False,False,False,False,True,False,2024-06-14 13:00:36+00:00,40.65498,-74.04568,180.0,3.0,False,0.0091098969181,0.1821979383620014,1.4975589223268515,0.0,0.0,0.0821979383620014,87.8,7.5,14.0,4.0,False,False,False,False,False,False,False,0,False,
368051060,2024-06-14 13:06:39+00:00,40.65494,-74.04548,0.2,257.8,2.0,KRISTY ANN,IMO9862774,WDK4022,57,1.0,123.0,24.0,5.1,57.0,A,False,False,False,False,False,False,False,False,False,False,True,False,2024-06-14 13:03:36+00:00,40.65498,-74.04548,183.0,3.05,False,0.0024016184292526,0.0472449527066096,1.499960540756104,0.1,0.0327868852459016,-0.1527550472933903,95.3,162.5,10.0,8.0,False,False,False,False,False,False,False,0,False,
368051060,2024-06-14 13:09:41+00:00,40.65501,-74.04596,0.5,287.2,359.0,KRISTY ANN,IMO9862774,WDK4022,57,1.0,123.0,24.0,5.1,57.0,A,False,False,False,False,False,False,False,False,False,False,True,False,2024-06-14 13:06:39+00:00,40.65494,-74.04548,182.0,3.033333333333333,False,0.0222640416019106,0.4403876360817482,1.5222245823580147,0.3,0.0989010989010989,-0.0596123639182517,257.8,29.399999999999977,2.0,3.0,False,False,False,False,False,False,False,0,False,
368051060,2024-06-14 13:12:38+00:00,40.65516,-74.04647,0.4,296.9,6.0,KRISTY ANN,IMO9862774,WDK4022,57,1.0,123.0,24.0,5.1,57.0,A,False,False,False,False,False,False,False,False,False,False,True,False,2024-06-14 13:09:41+00:00,40.65501,-74.04596,177.0,2.95,False,0.0249148851070226,0.5067434259055464,1.5471394674650374,-0.0999999999999999,-0.0338983050847457,0.1067434259055464,287.2,9.699999999999989,359.0,7.0,False,False,False,False,False,False,False,0,False,
368051060,2024-06-14 13:15:42+00:00,40.65527,-74.04681,0.1,281.6,19.0,KRISTY ANN,IMO9862774,WDK4022,57,1.0,123.0,24.0,5.1,57.0,A,False,False,False,False,False,False,False,False,False,False,True,False,2024-06-14 13:12:38+00:00,40.65516,-74.04647,184.0,3.066666666666667,False,0.0168362353385783,0.3294046044504466,1.563975702803616,-0.3,-0.0978260869565217,0.2294046044504466,296.9,15.299999999999956,6.0,13.0,False,False,False,False,False,False,False,0,False,
368051060,2024-06-14 13:18:38+00:00,40.65522,-74.04679,0.2,105.8,30.0,KRISTY ANN,IMO9862774,WDK4022,57,1.0,123.0,24.0,5.1,57.0,A,False,False,False,False,False,False,False,False,False,False,True,False,2024-06-14 13:15:42+00:00,40.65527,-74.04681,176.0,2.933333333333333,False,0.003137202246872,0.0641700459587464,1.567112905050488,0.1,0.034090909090909,-0.1358299540412536,281.6,175.8,19.0,11.0,False,False,False,False,False,False,False,0,False,
368051060,2024-06-14 13:21:41+00:00,40.65513,-74.04642,0.4,102.9,30.0,KRISTY ANN,IMO9862774,WDK4022,57,1.0,123.0,24.0,5.1,57.0,A,False,False,False,False,False,False,False,False,False,False,True,False,2024-06-14 13:18:38+00:00,40.65522,-74.04679,183.0,3.05,False,0.0176983534569199,0.348164330300065,1.584811258507408,0.2,0.0655737704918032,-0.0518356696999349,105.8,2.8999999999999773,30.0,0.0,False,False,False,False,False,False,False,0,False,
368051060,2024-06-14 13:24:36+00:00,40.65506,-74.04597,0.3,99.6,25.0,KRISTY ANN,IMO9862774,WDK4022,57,1.0,123.0,24.0,5.1,57.0,A,False,False,False,False,False,False,False,False,False,False,True,False,2024-06-14 13:21:41+00:00,40.65513,-74.04642,175.0,2.9166666666666665,False,0.0209236791399569,0.4304299708791139,1.6057349376473649,-0.1,-0.0342857142857143,0.1304299708791139,102.9,3.300000000000012,30.0,5.0,False,False,False,False,False,False,False,0,False,
368051060,2024-06-14 13:27:40+00:00,40.65501,-74.04564,0.1,101.9,17.0,KRISTY ANN,IMO9862774,WDK4022,57,1.0,123.0,24.0,5.1,57.0,A,False,False,False,False,False,False,False,False,False,False,True,False,2024-06-14 13:24:36+00:00,40.65506,-74.04597,184.0,3.066666666666667,False,0.0153281652124192,0.2998988845908119,1.6210631028597842,-0.1999999999999999,-0.0652173913043478,0.1998988845908119,99.6,2.300000000000012,25.0,8.0,False,False,False,False,False,False,False,0,False,
368051060,2024-06-14 13:30:41+00:00,40.65497,-74.04558,0.0,101.9,9.0,KRISTY ANN,IMO9862774,WDK4022,57,1.0,123.0,24.0,5.1,57.0,A,False,False,False,False,False,False,False,False,False,False,True,False,2024-06-14 13:27:40+00:00,40.65501,-74.04564,181.0,3.0166666666666666,False,0.0036382535384286,0.0723630538030008,1.624701356398213,-0.1,-0.0331491712707182,0.0723630538030008,101.9,0.0,17.0,8.0,False,False,False,False,False,False,False,0,False,
368051060,2024-06-14 13:33:41+00:00,40.65495,-74.04569,0.1,101.9,4.0,KRISTY ANN,IMO9862774,WDK4022,57,1.0,123.0,24.0,5.1,57.0,A,False,False,False,False,False,False,False,False,False,False,True,False,2024-06-14 13:30:41+00:00,40.65497,-74.04558,180.0,3.0,False,0.005152329563164,0.1030465912632804,1.6298536859613768,0.1,0.0333333333333333,0.0030465912632804,101.9,0.0,9.0,5.0,False,False,False,False,False,False,False,0,False,
368051060,2024-06-14 13:36:36+00:00,40.65499,-74.04596,0.2,280.1,5.0,KRISTY ANN,IMO9862774,WDK4022,57,1.0,123.0,24.0,5.1,57.0,A,False,False,False,False,False,False,False,False,False,False,True,False,2024-06-14 13:33:41+00:00,40.65495,-74.04569,175.0,2.9166666666666665,False,0.012530662223203,0.2577736228773193,1.64238434818458,0.1,0.0342857142857142,0.0577736228773193,101.9,178.20000000000005,4.0,1.0,False,False,False,False,False,False,False,0,False,
368051060,2024-06-14 13:39:42+00:00,40.65504,-74.04617,0.1,291.7,8.0,KRISTY ANN,IMO9862774,WDK4022,57,1.0,123.0,24.0,5.1,57.0,A,False,False,False,False,False,False,False,False,False,False,True,False,2024-06-14 13:36:36+00:00,40.65499,-74.04596,186.0,3.1,False,0.0100254060230359,0.1940401165748889,1.652409754207616,-0.1,-0.032258064516129,0.0940401165748889,280.1,11.599999999999966,5.0,3.0,False,False,False,False,False,False,False,0,False,
368051060,2024-06-14 13:42:36+00:00,40.65505,-74.04625,0.0,291.7,15.0,KRISTY ANN,IMO9862774,WDK4022,57,1.0,123.0,24.0,5.1,57.0,A,False,False,False,False,False,False,False,False,False,False,True,False,2024-06-14 13:39:42+00:00,40.65504,-74.04617,174.0,2.9,False,0.003693087504548,0.0764087069906493,1.656102841712164,-0.1,-0.0344827586206896,0.0764087069906493,291.7,0.0,8.0,7.0,False,False,False,False,False,False,False,0,False,
368051060,2024-06-14 13:45:44+00:00,40.65503,-74.04612,0.1,291.7,18.0,KRISTY ANN,IMO9862774,WDK4022,57,1.0,123.0,24.0,5.1,57.0,A,False,False,False,False,False,False,False,False,False,False,True,False,2024-06-14 13:42:36+00:00,40.65505,-74.04625,188.0,3.1333333333333333,False,0.006041957335456,0.1156970553597958,1.66214479904762,0.1,0.0319148936170212,0.0156970553597958,291.7,0.0,15.0,3.0,False,False,False,False,False,False,False,0,False,
368051060,2024-06-14 13:48:41+00:00,40.655,-74.04601,0.0,291.7,16.0,KRISTY ANN,IMO9862774,WDK4022,57,1.0,123.0,24.0,5.1,57.0,A,False,False,False,False,False,False,False,False,False,False,True,False,2024-06-14 13:45:44+00:00,40.65503,-74.04612,177.0,2.95,False,0.0053243672867366,0.1082922160014236,1.6674691663343566,-0.1,-0.0338983050847457,0.1082922160014236,291.7,0.0,18.0,2.0,False,False,False,False,False,False,False,0,False,
368051060,2024-06-14 13:51:46+00:00,40.65499,-74.04591,0.0,291.7,14.0,KRISTY ANN,IMO9862774,WDK4022,57,1.0,123.0,24.0,5.1,57.0,A,False,False,False,False,False,False,False,False,False,False,True,False,2024-06-14 13:48:41+00:00,40.655,-74.04601,185.0,3.083333333333333,False,0.0045943478125599,0.0894035250011665,1.6720635141469165,0.0,0.0,0.0894035250011665,291.7,0.0,16.0,2.0,False,False,False,False,False,False,False,0,False,
368051060,2024-06-14 13:54:36+00:00,40.655,-74.04589,0.0,291.7,12.0,KRISTY ANN,IMO9862774,WDK4022,57,1.0,123.0,24.0,5.1,57.0,A,False,False,False,False,False,False,False,False,False,False,True,False,2024-06-14 13:51:46+00:00,40.65499,-74.04591,170.0,2.833333333333333,False,0.0010910488248593,0.0231045633499631,1.673154562971776,0.0,0.0,0.0231045633499631,291.7,0.0,14.0,2.0,False,False,False,False,False,False,False,0,False,
368051060,2024-06-14 13:57:36+00:00,40.65498,-74.04589,0.0,291.7,11.0,KRISTY ANN,IMO9862774,WDK4022,57,1.0,123.0,24.0,5.1,57.0,A,False,False,False,False,False,False,False,False,False,False,True,False,2024-06-14 13:54:36+00:00,40.655,-74.04589,180.0,3.0,False,0.0012008092148172,0.0240161842963458,1.6743553721865931,0.0,0.0,0.0240161842963458,291.7,0.0,12.0,1.0,False,False,False,False,False,False,False,0,False,
368051060,2024-06-14 14:00:41+00:00,40.65498,-74.0459,0.0,291.7,11.0,KRISTY ANN,IMO9862774,WDK4022,57,1.0,123.0,24.0,5.1,57.0,A,False,False,False,False,False,False,False,False,False,False,True,False,2024-06-14 13:57:36+00:00,40.65498,-74.04589,185.0,3.083333333333333,False,0.000455494845963,0.0088636834890107,1.674810867032556,0.0,0.0,0.0088636834890107,291.7,0.0,11.0,0.0,False,False,False,False,False,False,False,0,False,
368051060,2024-06-14 14:03:36+00:00,40.65499,-74.04583,0.0,291.7,10.0,KRISTY ANN,IMO9862774,WDK4022,57,1.0,123.0,24.0,5.1,57.0,A,False,False,False,False,False,False,False,False,False,False,True,False,2024-06-14 14:00:41+00:00,40.65498,-74.0459,175.0,2.9166666666666665,False,0.0032445009399107,0.0667440193353063,1.6780553679724668,0.0,0.0,0.0667440193353063,291.7,0.0,11.0,1.0,False,False,False,False,False,False,False,0,False,
368051060,2024-06-14 14:06:42+00:00,40.65498,-74.04583,0.0,291.7,6.0,KRISTY ANN,IMO9862774,WDK4022,57,1.0,123.0,24.0,5.1,57.0,A,False,False,False,False,False,False,False,False,False,False,True,False,2024-06-14 14:03:36+00:00,40.65499,-74.04583,186.0,3.1,False,0.0006004046074086,0.0116207343369415,1.6786557725798754,0.0,0.0,0.0116207343369415,291.7,0.0,10.0,4.0,False,False,False,False,False,False,False,0,False,
368051060,2024-06-14 14:09:36+00:00,40.65499,-74.04592,0.1,291.7,4.0,KRISTY ANN,IMO9862774,WDK4022,57,1.0,123.0,24.0,5.1,57.0,A,False,False,False,False,False,False,False,False,False,False,True,False,2024-06-14 14:06:42+00:00,40.65498,-74.04583,174.0,2.9,False,0.0041431875530302,0.0857211217868325,1.6827989601329056,0.1,0.0344827586206896,-0.0142788782131674,291.7,0.0,6.0,2.0,False,False,False,False,False,False,False,0,False,
368051060,2024-06-14 14:12:43+00:00,40.65499,-74.04601,0.0,291.7,7.0,KRISTY ANN,IMO9862774,WDK4022,57,1.0,123.0,24.0,5.1,57.0,A,False,False,False,False,False,False,False,False,False,False,True,False,2024-06-14 14:09:36+00:00,40.65499,-74.04592,187.0,3.1166666666666667,False,0.004099452998647,0.0789199507760923,1.6868984131315528,-0.1,-0.0320855614973262,0.0789199507760923,291.7,0.0,4.0,3.0,False,False,False,False,False,False,False,0,False,
368051060,2024-06-14 14:15:40+00:00,40.65502,-74.04612,0.0,291.7,8.0,KRISTY ANN,IMO9862774,WDK4022,57,1.0,123.0,24.0,5.1,57.0,A,False,False,False,False,False,False,False,False,False,False,True,False,2024-06-14 14:12:43+00:00,40.65499,-74.04601,177.0,2.95,False,0.0053243679935711,0.1082922303777184,1.6922227811251238,0.0,0.0,0.1082922303777184,291.7,0.0,7.0,1.0,False,False,False,False,False,False,False,0,False,
368051060,2024-06-14 14:18:36+00:00,40.65502,-74.04616,0.0,291.7,9.0,KRISTY ANN,IMO9862774,WDK4022,57,1.0,123.0,24.0,5.1,57.0,A,False,False,False,False,False,False,False,False,False,False,True,False,2024-06-14 14:15:40+00:00,40.65502,-74.04612,176.0,2.933333333333333,False,0.0018219782915127,0.0372677377809417,1.6940447594166366,0.0,0.0,0.0372677377809417,291.7,0.0,8.0,1.0,False,False,False,False,False,False,False,0,False,
368051060,2024-06-14 14:21:41+00:00,40.65501,-74.04619,0.0,291.7,12.0,KRISTY ANN,IMO9862774,WDK4022,57,1.0,123.0,24.0,5.1,57.0,A,False,False,False,False,False,False,False,False,False,False,True,False,2024-06-14 14:18:36+00:00,40.65502,-74.04616,185.0,3.083333333333333,False,0.0014925695039701,0.0290445957529325,1.6955373289206068,0.0,0.0,0.0290445957529325,291.7,0.0,9.0,3.0,False,False,False,False,False,False,False,0,False,
368051060,2024-06-14 14:24:36+00:00,40.65502,-74.04618,0.0,291.7,13.0,KRISTY ANN,IMO9862774,WDK4022,57,1.0,123.0,24.0,5.1,57.0,A,False,False,False,False,False,False,False,False,False,False,True,False,2024-06-14 14:21:41+00:00,40.65501,-74.04619,175.0,2.9166666666666665,False,0.0007536318922977,0.0155032846415535,1.6962909608129046,0.0,0.0,0.0155032846415535,291.7,0.0,12.0,1.0,False,False,False,False,False,False,False,0,False,
368051060,2024-06-14 14:27:42+00:00,40.655,-74.04613,0.0,291.7,15.0,KRISTY ANN,IMO9862774,WDK4022,57,1.0,123.0,24.0,5.1,57.0,A,False,False,False,False,False,False,False,False,False,False,True,False,2024-06-14 14:24:36+00:00,40.65502,-74.04618,186.0,3.1,False,0.0025746508447493,0.0498319518338583,1.698865611657654,0.0,0.0,0.0498319518338583,291.7,0.0,13.0,2.0,False,False,False,False,False,False,False,0,False,
368051060,2024-06-14 14:30:36+00:00,40.655,-74.04602,0.1,291.7,14.0,KRISTY ANN,IMO9862774,WDK4022,57,1.0,123.0,24.0,5.1,57.0,A,False,False,False,False,False,False,False,False,False,False,True,False,2024-06-14 14:27:42+00:00,40.655,-74.04613,174.0,2.9,False,0.0050104418030472,0.1036643131664951,1.7038760534607011,0.1,0.0344827586206896,0.0036643131664951,291.7,0.0,15.0,1.0,False,False,False,False,False,False,False,0,False,
368051060,2024-06-14 14:33:36+00:00,40.65499,-74.04592,0.0,291.7,13.0,KRISTY ANN,IMO9862774,WDK4022,57,1.0,123.0,24.0,5.1,57.0,A,False,False,False,False,False,False,False,False,False,False,True,False,2024-06-14 14:30:36+00:00,40.655,-74.04602,180.0,3.0,False,0.0045943478131344,0.0918869562626893,1.7084704012738356,-0.1,-0.0333333333333333,0.0918869562626893,291.7,0.0,14.0,1.0,False,False,False,False,False,False,False,0,False,
368051060,2024-06-14 14:36:40+00:00,40.65495,-74.04578,0.0,291.7,11.0,KRISTY ANN,IMO9862774,WDK4022,57,1.0,123.0,24.0,5.1,57.0,A,False,False,False,False,False,False,False,False,False,False,True,False,2024-06-14 14:33:36+00:00,40.65499,-74.04592,184.0,3.066666666666667,False,0.0068141758110132,0.1333208310850427,1.715284577084849,0.0,0.0,0.1333208310850427,291.7,0.0,13.0,2.0,False,False,False,False,False,False,False,0,False,
368051060,2024-06-14 14:39:37+00:00,40.65496,-74.0457,0.0,291.7,10.0,KRISTY ANN,IMO9862774,WDK4022,57,1.0,123.0,24.0,5.1,57.0,A,False,False,False,False,False,False,False,False,False,False,True,False,2024-06-14 14:36:40+00:00,40.65495,-74.04578,177.0,2.95,False,0.0036930923546803,0.0751137428070577,1.7189776694395291,0.0,0.0,0.0751137428070577,291.7,0.0,11.0,1.0,False,False,False,False,False,False,False,0,False,
368051060,2024-06-14 14:42:42+00:00,40.65495,-74.04566,0.1,291.7,8.0,KRISTY ANN,IMO9862774,WDK4022,57,1.0,123.0,24.0,5.1,57.0,A,False,False,False,False,False,False,False,False,False,False,True,False,2024-06-14 14:39:37+00:00,40.65496,-74.0457,185.0,3.083333333333333,False,0.0019183579054603,0.0373302078900386,1.7208960273449896,0.1,0.0324324324324324,-0.0626697921099614,291.7,0.0,10.0,2.0,False,False,False,False,False,False,False,0,False,
368051060,2024-06-14 14:45:41+00:00,40.65494,-74.04563,0.0,291.7,4.0,KRISTY ANN,IMO9862774,WDK4022,57,1.0,123.0,24.0,5.1,57.0,A,False,False,False,False,False,False,False,False,False,False,True,False,2024-06-14 14:42:42+00:00,40.65495,-74.04566,179.0,2.9833333333333334,False,0.001492570816553,0.0300181840200606,1.7223885981615426,-0.1,-0.0335195530726257,0.0300181840200606,291.7,0.0,8.0,4.0,False,False,False,False,False,False,False,0,False,
368051060,2024-06-14 14:48:42+00:00,40.65495,-74.04573,0.1,291.7,3.0,KRISTY ANN,IMO9862774,WDK4022,57,1.0,123.0,24.0,5.1,57.0,A,False,False,False,False,False,False,False,False,False,False,True,False,2024-06-14 14:45:41+00:00,40.65494,-74.04563,181.0,3.0166666666666666,False,0.0045943511974191,0.0913793608326462,1.7269829493589617,0.1,0.0331491712707182,-0.0086206391673537,291.7,0.0,4.0,1.0,False,False,False,False,False,False,False,0,False,
368051060,2024-06-14 14:51:40+00:00,40.65498,-74.04583,0.1,291.7,6.0,KRISTY ANN,IMO9862774,WDK4022,57,1.0,123.0,24.0,5.1,57.0,A,False,False,False,False,False,False,False,False,False,False,True,False,2024-06-14 14:48:42+00:00,40.65495,-74.04573,178.0,2.966666666666667,False,0.0048981563899575,0.0990638371002659,1.7318811057489192,0.0,0.0,-0.000936162899734,291.7,0.0,3.0,3.0,False,False,False,False,False,False,False,0,False,
368051060,2024-06-14 14:54:36+00:00,40.65499,-74.04593,0.0,291.7,10.0,KRISTY ANN,IMO9862774,WDK4022,57,1.0,123.0,24.0,5.1,57.0,A,False,False,False,False,False,False,False,False,False,False,True,False,2024-06-14 14:51:40+00:00,40.65498,-74.04583,176.0,2.933333333333333,False,0.0045943484899916,0.093975310022557,1.736475454238911,-0.1,-0.034090909090909,0.093975310022557,291.7,0.0,6.0,4.0,False,False,False,False,False,False,False,0,False,
368051060,2024-06-14 14:57:40+00:00,40.65501,-74.04592,0.0,291.7,12.0,KRISTY ANN,IMO9862774,WDK4022,57,1.0,123.0,24.0,5.1,57.0,A,False,False,False,False,False,False,False,False,False,False,True,False,2024-06-14 14:54:36+00:00,40.65499,-74.04593,184.0,3.066666666666667,False,0.0012842967724724,0.0251275455483734,1.7377597510113834,0.0,0.0,0.0251275455483734,291.7,0.0,10.0,2.0,False,False,False,False,False,False,False,0,False,
368051060,2024-06-14 15:00:41+00:00,40.65498,-74.04582,0.1,291.7,12.0,KRISTY ANN,IMO9862774,WDK4022,57,1.0,123.0,24.0,5.1,57.0,A,False,False,False,False,False,False,False,False,False,False,True,False,2024-06-14 14:57:40+00:00,40.65501,-74.04592,181.0,3.0166666666666666,False,0.0048981544853319,0.0974218571668231,1.7426579054967153,0.1,0.0331491712707182,-0.0025781428331768,291.7,0.0,12.0,0.0,False,False,False,False,False,False,False,0,False,
368051060,2024-06-14 15:03:39+00:00,40.65499,-74.04568,0.1,291.7,13.0,KRISTY ANN,IMO9862774,WDK4022,57,1.0,123.0,24.0,5.1,57.0,A,False,False,False,False,False,False,False,False,False,False,True,False,2024-06-14 15:00:41+00:00,40.65498,-74.04582,178.0,2.966666666666667,False,0.0064051298434252,0.1295419518894991,1.7490630353401406,0.0,0.0,0.029541951889499,291.7,0.0,12.0,1.0,False,False,False,False,False,False,False,0,False,
368051060,2024-06-14 15:06:42+00:00,40.65501,-74.04558,0.0,291.7,13.0,KRISTY ANN,IMO9862774,WDK4022,57,1.0,123.0,24.0,5.1,57.0,A,False,False,False,False,False,False,False,False,False,False,True,False,2024-06-14 15:03:39+00:00,40.65499,-74.04568,183.0,3.05,False,0.004710571705771,0.0926669843758234,1.7537736070459116,-0.1,-0.0327868852459016,0.0926669843758234,291.7,0.0,13.0,0.0,False,False,False,False,False,False,False,0,False,
368051060,2024-06-14 15:09:40+00:00,40.65503,-74.04549,0.0,291.7,12.0,KRISTY ANN,IMO9862774,WDK4022,57,1.0,123.0,24.0,5.1,57.0,A,False,False,False,False,False,False,False,False,False,False,True,False,2024-06-14 15:06:42+00:00,40.65501,-74.04558,178.0,2.966666666666667,False,0.0042717025346294,0.0863939838464374,1.758045309580541,0.0,0.0,0.0863939838464374,291.7,0.0,13.0,1.0,False,False,False,False,False,False,False,0,False,
368051060,2024-06-14 15:12:40+00:00,40.65504,-74.0454,0.1,291.7,14.0,KRISTY ANN,IMO9862774,WDK4022,57,1.0,123.0,24.0,5.1,57.0,A,False,False,False,False,False,False,False,False,False,False,True,False,2024-06-14 15:09:40+00:00,40.65503,-74.04549,180.0,3.0,False,0.0041431845133094,0.0828636902661896,1.7621884940938506,0.1,0.0333333333333333,-0.0171363097338104,291.7,0.0,12.0,2.0,False,False,False,False,False,False,False,0,False,
368051060,2024-06-14 15:15:39+00:00,40.65509,-74.04527,0.1,291.7,15.0,KRISTY ANN,IMO9862774,WDK4022,57,1.0,123.0,24.0,5.1,57.0,A,False,False,False,False,False,False,False,False,False,False,True,False,2024-06-14 15:12:40+00:00,40.65504,-74.0454,179.0,2.9833333333333334,False,0.0066389322716593,0.1335204255752709,1.76882742636551,0.0,0.0,0.0335204255752709,291.7,0.0,14.0,1.0,False,False,False,False,False,False,False,0,False,
368051060,2024-06-14 15:18:42+00:00,40.65514,-74.04519,0.0,291.7,17.0,KRISTY ANN,IMO9862774,WDK4022,57,1.0,123.0,24.0,5.1,57.0,A,False,False,False,False,False,False,False,False,False,False,True,False,2024-06-14 15:15:39+00:00,40.65509,-74.04527,183.0,3.05,False,0.0047212841551012,0.0928777210839593,1.7735487105206111,-0.1,-0.0327868852459016,0.0928777210839593,291.7,0.0,15.0,2.0,False,False,False,False,False,False,False,0,False,
368051060,2024-06-14 15:21:36+00:00,40.65521,-74.0451,0.1,291.7,17.0,KRISTY ANN,IMO9862774,WDK4022,57,1.0,123.0,24.0,5.1,57.0,A,False,False,False,False,False,False,False,False,False,False,True,False,2024-06-14 15:18:42+00:00,40.65514,-74.04519,174.0,2.9,False,0.0058710493628211,0.1214699868169901,1.7794197598834325,0.1,0.0344827586206896,0.0214699868169901,291.7,0.0,17.0,0.0,False,False,False,False,False,False,False,0,False,
368051060,2024-06-14 15:24:43+00:00,40.65528,-74.04506,0.0,291.7,18.0,KRISTY ANN,IMO9862774,WDK4022,57,1.0,123.0,24.0,5.1,57.0,A,False,False,False,False,False,False,False,False,False,False,True,False,2024-06-14 15:21:36+00:00,40.65521,-74.0451,187.0,3.1166666666666667,False,0.0045807621018237,0.0881857944736122,1.784000521985256,-0.1,-0.0320855614973262,0.0881857944736122,291.7,0.0,17.0,1.0,False,False,False,False,False,False,False,0,False,
368051060,2024-06-14 15:27:41+00:00,40.65535,-74.04501,0.0,291.7,20.0,KRISTY ANN,IMO9862774,WDK4022,57,1.0,123.0,24.0,5.1,57.0,A,False,False,False,False,False,False,False,False,False,False,True,False,2024-06-14 15:24:43+00:00,40.65528,-74.04506,178.0,2.966666666666667,False,0.0047802338555476,0.0966788869661329,1.7887807558408035,0.0,0.0,0.0966788869661329,291.7,0.0,18.0,2.0,False,False,False,False,False,False,False,0,False,
368051060,2024-06-14 15:30:44+00:00,40.65542,-74.04498,0.0,291.7,20.0,KRISTY ANN,IMO9862774,WDK4022,57,1.0,123.0,24.0,5.1,57.0,A,False,False,False,False,False,False,False,False,False,False,True,False,2024-06-14 15:27:41+00:00,40.65535,-74.04501,183.0,3.05,False,0.0044193954627859,0.0869389271367725,1.7932001513035896,0.0,0.0,0.0869389271367725,291.7,0.0,20.0,0.0,False,False,False,False,False,False,False,0,False,
368051060,2024-06-14 15:33:42+00:00,40.65544,-74.04494,0.0,291.7,19.0,KRISTY ANN,IMO9862774,WDK4022,57,1.0,123.0,24.0,5.1,57.0,A,False,False,False,False,False,False,False,False,False,False,True,False,2024-06-14 15:30:44+00:00,40.65542,-74.04498,178.0,2.966666666666667,False,0.0021820877302614,0.0441321113985471,1.795382239033851,0.0,0.0,0.0441321113985471,291.7,0.0,20.0,1.0,False,False,False,False,False,False,False,0,False,
368051060,2024-06-14 15:36:45+00:00,40.65544,-74.04488,0.0,291.7,19.0,KRISTY ANN,IMO9862774,WDK4022,57,1.0,123.0,24.0,5.1,57.0,A,False,False,False,False,False,False,False,False,False,False,True,False,2024-06-14 15:33:42+00:00,40.65544,-74.04494,183.0,3.05,False,0.0027329502322623,0.0537629553887672,1.7981151892661134,0.0,0.0,0.0537629553887672,291.7,0.0,19.0,0.0,False,False,False,False,False,False,False,0,False,
368051060,2024-06-14 15:39:41+00:00,40.65545,-74.0448,0.0,291.7,16.0,KRISTY ANN,IMO9862774,WDK4022,57,1.0,123.0,24.0,5.1,57.0,A,False,False,False,False,False,False,False,False,False,False,True,False,2024-06-14 15:36:45+00:00,40.65544,-74.04488,176.0,2.933333333333333,False,0.003693065948871,0.0755399853178173,1.8018082552149843,0.0,0.0,0.0755399853178173,291.7,0.0,19.0,3.0,False,False,False,False,False,False,False,0,False,
368051060,2024-06-14 15:42:46+00:00,40.65548,-74.04476,0.1,291.7,15.0,KRISTY ANN,IMO9862774,WDK4022,57,1.0,123.0,24.0,5.1,57.0,A,False,False,False,False,False,False,False,False,False,False,True,False,2024-06-14 15:39:41+00:00,40.65545,-74.0448,185.0,3.083333333333333,False,0.0025620171436401,0.0498554687411054,1.8043702723586248,0.1,0.0324324324324324,-0.0501445312588945,291.7,0.0,16.0,1.0,False,False,False,False,False,False,False,0,False,
368051060,2024-06-14 15:45:37+00:00,40.65555,-74.0447,0.1,291.7,13.0,KRISTY ANN,IMO9862774,WDK4022,57,1.0,123.0,24.0,5.1,57.0,A,False,False,False,False,False,False,False,False,False,False,True,False,2024-06-14 15:42:46+00:00,40.65548,-74.04476,171.0,2.85,False,0.0050132623218012,0.1055423646694989,1.8093835346804257,0.0,0.0,0.0055423646694989,291.7,0.0,15.0,2.0,False,False,False,False,False,False,False,0,False,
368051060,2024-06-14 15:48:36+00:00,40.65566,-74.04469,0.1,291.7,16.0,KRISTY ANN,IMO9862774,WDK4022,57,1.0,123.0,24.0,5.1,57.0,A,False,False,False,False,False,False,False,False,False,False,True,False,2024-06-14 15:45:37+00:00,40.65555,-74.0447,179.0,2.9833333333333334,False,0.0066201390062261,0.133142460460414,1.816003673686652,0.0,0.0,0.033142460460414,291.7,0.0,13.0,3.0,False,False,False,False,False,False,False,0,False,
368051060,2024-06-14 15:51:40+00:00,40.65576,-74.04462,0.0,291.7,13.0,KRISTY ANN,IMO9862774,WDK4022,57,1.0,123.0,24.0,5.1,57.0,A,False,False,False,False,False,False,False,False,False,False,True,False,2024-06-14 15:48:36+00:00,40.65566,-74.04469,184.0,3.066666666666667,False,0.0067981356974684,0.1330070027765564,1.8228018093841205,-0.1,-0.0326086956521739,0.1330070027765564,291.7,0.0,16.0,3.0,False,False,False,False,False,False,False,0,False,
368051060,2024-06-14 15:54:39+00:00,40.6558,-74.04452,0.1,291.7,9.0,KRISTY ANN,IMO9862774,WDK4022,57,1.0,123.0,24.0,5.1,57.0,A,False,False,False,False,False,False,False,False,False,False,True,False,2024-06-14 15:51:40+00:00,40.65576,-74.04462,179.0,2.9833333333333334,False,0.0051492551872276,0.1035604395196629,1.827951064571348,0.1,0.0335195530726257,0.0035604395196629,291.7,0.0,13.0,4.0,False,False,False,False,False,False,False,0,False,
368051060,2024-06-14 15:57:39+00:00,40.65589,-74.04447,0.1,291.7,6.0,KRISTY ANN,IMO9862774,WDK4022,57,1.0,123.0,24.0,5.1,57.0,A,False,False,False,False,False,False,False,False,False,False,True,False,2024-06-14 15:54:39+00:00,40.6558,-74.04452,180.0,3.0,False,0.0058639658477877,0.1172793169557556,1.833815030419136,0.0,0.0,0.0172793169557556,291.7,0.0,9.0,3.0,False,False,False,False,False,False,False,0,False,
368051060,2024-06-14 16:00:39+00:00,40.65594,-74.04434,0.1,291.7,357.0,KRISTY ANN,IMO9862774,WDK4022,57,1.0,123.0,24.0,5.1,57.0,A,False,False,False,False,False,False,False,False,False,False,True,False,2024-06-14 15:57:39+00:00,40.65589,-74.04447,180.0,3.0,False,0.0066388649842304,0.1327772996846081,1.840453895403366,0.0,0.0,0.0327772996846081,291.7,0.0,6.0,9.0,False,False,False,False,False,False,False,0,False,
368051060,2024-06-14 16:03:39+00:00,40.65597,-74.04427,0.0,291.7,354.0,KRISTY ANN,IMO9862774,WDK4022,57,1.0,123.0,24.0,5.1,57.0,A,False,False,False,False,False,False,False,False,False,False,True,False,2024-06-14 16:00:39+00:00,40.65594,-74.04434,180.0,3.0,False,0.0036620180608466,0.0732403612169321,1.8441159134642129,-0.1,-0.0333333333333333,0.0732403612169321,291.7,0.0,357.0,3.0,False,False,False,False,False,False,False,0,False,
368051060,2024-06-14 16:06:42+00:00,40.65601,-74.04434,0.0,291.7,356.0,KRISTY ANN,IMO9862774,WDK4022,57,1.0,123.0,24.0,5.1,57.0,A,False,False,False,False,False,False,False,False,False,False,True,False,2024-06-14 16:03:39+00:00,40.65597,-74.04427,183.0,3.05,False,0.0039917120962442,0.0785254838605427,1.848107625560457,0.0,0.0,0.0785254838605427,291.7,0.0,354.0,2.0,False,False,False,False,False,False,False,0,False,
368051060,2024-06-14 16:09:37+00:00,40.65603,-74.04441,0.0,291.7,357.0,KRISTY ANN,IMO9862774,WDK4022,57,1.0,123.0,24.0,5.1,57.0,A,False,False,False,False,False,False,False,False,False,False,True,False,2024-06-14 16:06:42+00:00,40.65601,-74.04434,175.0,2.9166666666666665,False,0.0034070409448607,0.0700876994371361,1.8515146665053177,0.0,0.0,0.0700876994371361,291.7,0.0,356.0,1.0,False,False,False,False,False,False,False,0,False,
368051060,2024-06-14 16:12:43+00:00,40.65606,-74.0445,0.1,291.7,357.0,KRISTY ANN,IMO9862774,WDK4022,57,1.0,123.0,24.0,5.1,57.0,A,False,False,False,False,False,False,False,False,False,False,True,False,2024-06-14 16:09:37+00:00,40.65603,-74.04441,186.0,3.1,False,0.0044776505709354,0.0866642045987507,1.855992317076253,0.1,0.032258064516129,-0.0133357954012492,291.7,0.0,357.0,0.0,False,False,False,False,False,False,False,0,False,
368051060,2024-06-14 16:15:42+00:00,40.65615,-74.04464,0.1,291.7,357.0,KRISTY ANN,IMO9862774,WDK4022,57,1.0,123.0,24.0,5.1,57.0,A,False,False,False,False,False,False,False,False,False,False,True,False,2024-06-14 16:12:43+00:00,40.65606,-74.0445,179.0,2.9833333333333334,False,0.0083584196123531,0.1681022938797282,1.8643507366886063,0.0,0.0,0.0681022938797282,291.7,0.0,357.0,0.0,False,False,False,False,False,False,False,0,False,
368051060,2024-06-14 16:18:41+00:00,40.65625,-74.04475,0.1,321.7,357.0,KRISTY ANN,IMO9862774,WDK4022,57,1.0,123.0,24.0,5.1,57.0,A,False,False,False,False,False,False,False,False,False,False,True,False,2024-06-14 16:15:42+00:00,40.65615,-74.04464,179.0,2.9833333333333334,False,0.0078199867804308,0.1572734771483303,1.8721707234690368,0.0,0.0,0.0572734771483302,291.7,30.0,357.0,0.0,False,False,False,False,False,False,False,0,False,
368051060,2024-06-14 16:21:43+00:00,40.65638,-74.04482,0.1,315.7,352.0,KRISTY ANN,IMO9862774,WDK4022,57,1.0,123.0,24.0,5.1,57.0,A,False,False,False,False,False,False,False,False,False,False,True,False,2024-06-14 16:18:41+00:00,40.65625,-74.04475,182.0,3.033333333333333,False,0.0084313686531629,0.1667743250076185,1.8806020921222,0.0,0.0,0.0667743250076184,321.7,6.0,357.0,5.0,False,False,False,False,False,False,False,0,False,
368051060,2024-06-14 16:24:37+00:00,40.65646,-74.04484,0.0,313.6,346.0,KRISTY ANN,IMO9862774,WDK4022,57,1.0,123.0,24.0,5.1,57.0,A,False,False,False,False,False,False,False,False,False,False,True,False,2024-06-14 16:21:43+00:00,40.65638,-74.04482,174.0,2.9,False,0.004888859858518,0.1011488246589941,1.885490951980718,-0.1,-0.0344827586206896,0.1011488246589941,315.7,2.099999999999966,352.0,6.0,False,False,False,False,False,False,False,0,False,
368051060,2024-06-14 16:27:37+00:00,40.65651,-74.04486,0.0,313.6,339.0,KRISTY ANN,IMO9862774,WDK4022,57,1.0,123.0,24.0,5.1,57.0,A,False,False,False,False,False,False,False,False,False,False,True,False,2024-06-14 16:24:37+00:00,40.65646,-74.04484,180.0,3.0,False,0.0031371973302701,0.0627439466054032,1.888628149310988,0.0,0.0,0.0627439466054032,313.6,0.0,346.0,7.0,False,False,False,False,False,False,False,0,False,
368051060,2024-06-14 16:30:42+00:00,40.65651,-74.0448,0.0,313.6,326.0,KRISTY ANN,IMO9862774,WDK4022,57,1.0,123.0,24.0,5.1,57.0,A,False,False,False,False,False,False,False,False,False,False,True,False,2024-06-14 16:27:37+00:00,40.65651,-74.04486,185.0,3.083333333333333,False,0.0027329064018517,0.0531808813333307,1.89136105571284,0.0,0.0,0.0531808813333307,313.6,0.0,339.0,13.0,False,False,False,False,False,False,False,0,False,
368051060,2024-06-14 16:33:37+00:00,40.65648,-74.0447,0.0,313.6,314.0,KRISTY ANN,IMO9862774,WDK4022,57,1.0,123.0,24.0,5.1,57.0,A,False,False,False,False,False,False,False,False,False,False,True,False,2024-06-14 16:30:42+00:00,40.65651,-74.0448,175.0,2.9166666666666665,False,0.0048980592527163,0.1007600760558782,1.8962591149655563,0.0,0.0,0.1007600760558782,313.6,0.0,326.0,12.0,False,False,False,False,False,False,False,0,False,
368051060,2024-06-14 16:36:44+00:00,40.65645,-74.04463,0.0,313.6,305.0,KRISTY ANN,IMO9862774,WDK4022,57,1.0,123.0,24.0,5.1,57.0,A,False,False,False,False,False,False,False,False,False,False,True,False,2024-06-14 16:33:37+00:00,40.65648,-74.0447,187.0,3.1166666666666667,False,0.0036619968397913,0.0704983348836841,1.899921111805348,0.0,0.0,0.0704983348836841,313.6,0.0,314.0,9.0,False,False,False,False,False,False,False,0,False,
368051060,2024-06-14 16:39:40+00:00,40.65648,-74.04449,0.1,313.6,297.0,KRISTY ANN,IMO9862774,WDK4022,57,1.0,123.0,24.0,5.1,57.0,A,False,False,False,False,False,False,False,False,False,False,True,False,2024-06-14 16:36:44+00:00,40.65645,-74.04463,176.0,2.933333333333333,False,0.0066262938141194,0.1355378280160798,1.9065474056194671,0.1,0.034090909090909,0.0355378280160798,313.6,0.0,305.0,8.0,False,False,False,False,False,False,False,0,False,
368051060,2024-06-14 16:42:45+00:00,40.65659,-74.04436,0.1,40.3,284.0,KRISTY ANN,IMO9862774,WDK4022,57,1.0,123.0,24.0,5.1,57.0,A,False,False,False,False,False,False,False,False,False,False,True,False,2024-06-14 16:39:40+00:00,40.65648,-74.04449,185.0,3.083333333333333,False,0.0088702031025991,0.1726093576721987,1.9154176087220665,0.0,0.0,0.0726093576721987,313.6,86.69999999999999,297.0,13.0,False,False,False,False,False,False,False,0,False,
368051060,2024-06-14 16:45:39+00:00,40.65667,-74.04422,0.1,48.7,278.0,KRISTY ANN,IMO9862774,WDK4022,57,1.0,123.0,24.0,5.1,57.0,A,False,False,False,False,False,False,False,False,False,False,True,False,2024-06-14 16:42:45+00:00,40.65659,-74.04436,174.0,2.9,False,0.0079833753296877,0.1651732826831949,1.923400984051754,0.0,0.0,0.0651732826831948,40.3,8.400000000000006,284.0,6.0,False,False,False,False,False,False,False,0,False,
368051060,2024-06-14 16:48:43+00:00,40.65679,-74.04408,0.2,33.1,270.0,KRISTY ANN,IMO9862774,WDK4022,57,1.0,123.0,24.0,5.1,57.0,A,False,False,False,False,False,False,False,False,False,False,True,False,2024-06-14 16:45:39+00:00,40.65667,-74.04422,184.0,3.066666666666667,False,0.0096214871591153,0.1882464878957345,1.9330224712108692,0.1,0.0326086956521739,-0.0117535121042654,48.7,15.599999999999994,278.0,8.0,False,False,False,False,False,False,False,0,False,
368051060,2024-06-14 16:51:37+00:00,40.65688,-74.04393,0.1,54.4,265.0,KRISTY ANN,IMO9862774,WDK4022,57,1.0,123.0,24.0,5.1,57.0,A,False,False,False,False,False,False,False,False,False,False,True,False,2024-06-14 16:48:43+00:00,40.65679,-74.04408,174.0,2.9,False,0.0087108406617266,0.1802242895529652,1.941733311872596,-0.1,-0.0344827586206896,0.0802242895529652,33.1,21.30000000000001,270.0,5.0,False,False,False,False,False,False,False,0,False,
368051060,2024-06-14 16:54:41+00:00,40.65692,-74.04374,0.1,54.4,266.0,KRISTY ANN,IMO9862774,WDK4022,57,1.0,123.0,24.0,5.1,57.0,A,False,False,False,False,False,False,False,False,False,False,True,False,2024-06-14 16:51:37+00:00,40.65688,-74.04393,184.0,3.066666666666667,False,0.0089812101338886,0.1757193287065174,1.9507145220064848,0.0,0.0,0.0757193287065174,54.4,0.0,265.0,1.0,False,False,False,False,False,False,False,0,False,
368051060,2024-06-14 16:57:38+00:00,40.657,-74.04358,0.1,55.0,265.0,KRISTY ANN,IMO9862774,WDK4022,57,1.0,123.0,24.0,5.1,57.0,A,False,False,False,False,False,False,False,False,False,False,True,False,2024-06-14 16:54:41+00:00,40.65692,-74.04374,177.0,2.95,False,0.0087282113735303,0.1775229431904476,1.959442733380015,0.0,0.0,0.0775229431904476,54.4,0.5999999999999943,266.0,1.0,False,False,False,False,False,False,False,0,False,
368051060,2024-06-14 17:00:42+00:00,40.65712,-74.04345,0.1,33.1,264.0,KRISTY ANN,IMO9862774,WDK4022,57,1.0,123.0,24.0,5.1,57.0,A,False,False,False,False,False,False,False,False,False,False,True,False,2024-06-14 16:57:38+00:00,40.657,-74.04358,184.0,3.066666666666667,False,0.0093258309116303,0.1824619091405937,1.9687685642916453,0.0,0.0,0.0824619091405937,55.0,21.90000000000001,265.0,1.0,False,False,False,False,False,False,False,0,False,
368051060,2024-06-14 17:03:39+00:00,40.65724,-74.04337,0.1,25.8,261.0,KRISTY ANN,IMO9862774,WDK4022,57,1.0,123.0,24.0,5.1,57.0,A,False,False,False,False,False,False,False,False,False,False,True,False,2024-06-14 17:00:42+00:00,40.65712,-74.04345,177.0,2.95,False,0.008073877601386,0.164214459689208,1.9768424418930317,0.0,0.0,0.064214459689208,33.1,7.300000000000011,264.0,3.0,False,False,False,False,False,False,False,0,False,
368051060,2024-06-14 17:06:41+00:00,40.65743,-74.04327,0.1,12.6,255.0,KRISTY ANN,IMO9862774,WDK4022,57,1.0,123.0,24.0,5.1,57.0,A,False,False,False,False,False,False,False,False,False,False,True,False,2024-06-14 17:03:39+00:00,40.65724,-74.04337,182.0,3.033333333333333,False,0.0122833800623959,0.2429679572781609,1.9891258219554275,0.0,0.0,0.1429679572781609,25.8,13.199999999999989,261.0,6.0,False,False,False,False,False,False,False,0,False,
368051060,2024-06-14 17:09:43+00:00,40.65762,-74.04331,0.1,328.5,245.0,KRISTY ANN,IMO9862774,WDK4022,57,1.0,123.0,24.0,5.1,57.0,A,False,False,False,False,False,False,False,False,False,False,True,False,2024-06-14 17:06:41+00:00,40.65743,-74.04327,182.0,3.033333333333333,False,0.0115522591128711,0.2285062242106372,2.0006780810682985,0.0,0.0,0.1285062242106372,12.6,44.10000000000002,255.0,10.0,False,False,False,False,False,False,False,0,False,
368051060,2024-06-14 17:12:39+00:00,40.65773,-74.04342,0.1,328.5,237.0,KRISTY ANN,IMO9862774,WDK4022,57,1.0,123.0,24.0,5.1,57.0,A,False,False,False,False,False,False,False,False,False,False,True,False,2024-06-14 17:09:43+00:00,40.65762,-74.04331,176.0,2.933333333333333,False,0.0082898300802791,0.169564706187529,2.0089679111485776,0.0,0.0,0.069564706187529,328.5,0.0,245.0,8.0,False,False,False,False,False,False,False,0,False,
368051060,2024-06-14 17:15:41+00:00,40.65783,-74.04353,0.1,328.5,231.0,KRISTY ANN,IMO9862774,WDK4022,57,1.0,123.0,24.0,5.1,57.0,A,False,False,False,False,False,False,False,False,False,False,True,False,2024-06-14 17:12:39+00:00,40.65773,-74.04342,182.0,3.033333333333333,False,0.0078199107538651,0.1546795533731569,2.016787821902443,0.0,0.0,0.0546795533731569,328.5,0.0,237.0,6.0,False,False,False,False,False,False,False,0,False,
368051060,2024-06-14 17:18:38+00:00,40.65793,-74.04362,0.1,328.5,224.0,KRISTY ANN,IMO9862774,WDK4022,57,1.0,123.0,24.0,5.1,57.0,A,False,False,False,False,False,False,False,False,False,False,True,False,2024-06-14 17:15:41+00:00,40.65783,-74.04353,177.0,2.95,False,0.0072699813080807,0.1478640266050322,2.0240578032105234,0.0,0.0,0.0478640266050321,328.5,0.0,231.0,7.0,False,False,False,False,False,False,False,0,False,
368051060,2024-06-14 17:21:38+00:00,40.65802,-74.0437,0.1,328.5,218.0,KRISTY ANN,IMO9862774,WDK4022,57,1.0,123.0,24.0,5.1,57.0,A,False,False,False,False,False,False,False,False,False,False,True,False,2024-06-14 17:18:38+00:00,40.65793,-74.04362,180.0,3.0,False,0.0065174062664487,0.1303481253289746,2.030575209476972,0.0,0.0,0.0303481253289746,328.5,0.0,224.0,6.0,False,False,False,False,False,False,False,0,False,
368051060,2024-06-14 17:24:37+00:00,40.65806,-74.04382,0.1,328.5,213.0,KRISTY ANN,IMO9862774,WDK4022,57,1.0,123.0,24.0,5.1,57.0,A,False,False,False,False,False,False,False,False,False,False,True,False,2024-06-14 17:21:38+00:00,40.65802,-74.0437,179.0,2.9833333333333334,False,0.0059700511215553,0.1200680672491578,2.0365452605985275,0.0,0.0,0.0200680672491578,328.5,0.0,218.0,5.0,False,False,False,False,False,False,False,0,False,
368051060,2024-06-14 17:27:37+00:00,40.65815,-74.04397,0.1,328.5,208.0,KRISTY ANN,IMO9862774,WDK4022,57,1.0,123.0,24.0,5.1,57.0,A,False,False,False,False,False,False,False,False,False,False,True,False,2024-06-14 17:24:37+00:00,40.65806,-74.04382,180.0,3.0,False,0.0087107386489874,0.1742147729797479,2.045255999247515,0.0,0.0,0.0742147729797479,328.5,0.0,213.0,5.0,False,False,False,False,False,False,False,0,False,
368051060,2024-06-14 17:30:39+00:00,40.65819,-74.04409,0.1,328.5,204.0,KRISTY ANN,IMO9862774,WDK4022,57,1.0,123.0,24.0,5.1,57.0,A,False,False,False,False,False,False,False,False,False,False,True,False,2024-06-14 17:27:37+00:00,40.65815,-74.04397,182.0,3.033333333333333,False,0.0059700413703943,0.1180887304034055,2.0512260406179093,0.0,0.0,0.0180887304034055,328.5,0.0,208.0,4.0,False,False,False,False,False,False,False,0,False,
368051060,2024-06-14 17:33:41+00:00,40.65823,-74.04419,0.0,328.5,200.0,KRISTY ANN,IMO9862774,WDK4022,57,1.0,123.0,24.0,5.1,57.0,A,False,False,False,False,False,False,False,False,False,False,True,False,2024-06-14 17:30:39+00:00,40.65819,-74.04409,182.0,3.033333333333333,False,0.0051491084326663,0.1018504964703227,2.0563751490505755,-0.1,-0.0329670329670329,0.1018504964703227,328.5,0.0,204.0,4.0,False,False,False,False,False,False,False,0,False,
368051060,2024-06-14 17:36:38+00:00,40.65829,-74.04428,0.0,328.5,196.0,KRISTY ANN,IMO9862774,WDK4022,57,1.0,123.0,24.0,5.1,57.0,A,False,False,False,False,False,False,False,False,False,False,True,False,2024-06-14 17:33:41+00:00,40.65823,-74.04419,177.0,2.95,False,0.0054572293760356,0.1109944957837764,2.0618323784266117,0.0,0.0,0.1109944957837764,328.5,0.0,200.0,4.0,False,False,False,False,False,False,False,0,False,
368051060,2024-06-14 17:39:39+00:00,40.65831,-74.04432,0.0,328.5,196.0,KRISTY ANN,IMO9862774,WDK4022,57,1.0,123.0,24.0,5.1,57.0,A,False,False,False,False,False,False,False,False,False,False,True,False,2024-06-14 17:36:38+00:00,40.65829,-74.04428,181.0,3.0166666666666666,False,0.0021820222875193,0.0433993383153011,2.0640144007141306,0.0,0.0,0.0433993383153011,328.5,0.0,196.0,0.0,False,False,False,False,False,False,False,0,False,
368051060,2024-06-14 17:42:42+00:00,40.65834,-74.04439,0.0,328.5,195.0,KRISTY ANN,IMO9862774,WDK4022,57,1.0,123.0,24.0,5.1,57.0,A,False,False,False,False,False,False,False,False,False,False,True,False,2024-06-14 17:39:39+00:00,40.65831,-74.04432,183.0,3.05,False,0.0036619194431382,0.0720377595371464,2.0676763201572688,0.0,0.0,0.0720377595371464,328.5,0.0,196.0,1.0,False,False,False,False,False,False,False,0,False,
368051060,2024-06-14 17:45:42+00:00,40.65838,-74.04443,0.0,328.5,193.0,KRISTY ANN,IMO9862774,WDK4022,57,1.0,123.0,24.0,5.1,57.0,A,False,False,False,False,False,False,False,False,False,False,True,False,2024-06-14 17:42:42+00:00,40.65834,-74.04439,180.0,3.0,False,0.0030144723592746,0.0602894471854932,2.0706907925165434,0.0,0.0,0.0602894471854932,328.5,0.0,195.0,2.0,False,False,False,False,False,False,False,0,False,
368051060,2024-06-14 17:48:43+00:00,40.65837,-74.04445,0.0,328.5,196.0,KRISTY ANN,IMO9862774,WDK4022,57,1.0,123.0,24.0,5.1,57.0,A,False,False,False,False,False,False,False,False,False,False,True,False,2024-06-14 17:45:42+00:00,40.65838,-74.04443,181.0,3.0166666666666666,False,0.0010910102885148,0.0216996521472572,2.071781802805058,0.0,0.0,0.0216996521472572,328.5,0.0,193.0,3.0,False,False,False,False,False,False,False,0,False,
368051060,2024-06-14 17:51:42+00:00,40.65837,-74.04448,0.0,328.5,197.0,KRISTY ANN,IMO9862774,WDK4022,57,1.0,123.0,24.0,5.1,57.0,A,False,False,False,False,False,False,False,False,False,False,True,False,2024-06-14 17:48:43+00:00,40.65837,-74.04445,179.0,2.9833333333333334,False,0.0013664151031179,0.0274809741409205,2.073148217908176,0.0,0.0,0.0274809741409205,328.5,0.0,196.0,1.0,False,False,False,False,False,False,False,0,False,
368051060,2024-06-14 17:54:45+00:00,40.65842,-74.04457,0.0,328.5,196.0,KRISTY ANN,IMO9862774,WDK4022,57,1.0,123.0,24.0,5.1,57.0,A,False,False,False,False,False,False,False,False,False,False,True,False,2024-06-14 17:51:42+00:00,40.65837,-74.04448,183.0,3.05,False,0.0050809390700753,0.099952899739187,2.078229156978252,0.0,0.0,0.099952899739187,328.5,0.0,197.0,1.0,False,False,False,False,False,False,False,0,False,
368051060,2024-06-14 17:57:37+00:00,40.65838,-74.04458,0.0,328.5,197.0,KRISTY ANN,IMO9862774,WDK4022,57,1.0,123.0,24.0,5.1,57.0,A,False,False,False,False,False,False,False,False,False,False,True,False,2024-06-14 17:54:45+00:00,40.65842,-74.04457,172.0,2.8666666666666667,False,0.0024444274102053,0.0511624341670883,2.0806735843884567,0.0,0.0,0.0511624341670883,328.5,0.0,196.0,1.0,False,False,False,False,False,False,False,0,False,
368051060,2024-06-14 18:00:43+00:00,40.65839,-74.04464,0.0,328.5,198.0,KRISTY ANN,IMO9862774,WDK4022,57,1.0,123.0,24.0,5.1,57.0,A,False,False,False,False,False,False,False,False,False,False,True,False,2024-06-14 17:57:37+00:00,40.65838,-74.04458,186.0,3.1,False,0.0027980070185817,0.054154974553196,2.0834715914070387,0.0,0.0,0.054154974553196,328.5,0.0,197.0,1.0,False,False,False,False,False,False,False,0,False,
368051060,2024-06-14 18:03:37+00:00,40.6584,-74.04467,0.0,328.5,196.0,KRISTY ANN,IMO9862774,WDK4022,57,1.0,123.0,24.0,5.1,57.0,A,False,False,False,False,False,False,False,False,False,False,True,False,2024-06-14 18:00:43+00:00,40.65839,-74.04464,174.0,2.9,False,0.0014925061230119,0.0308794370278337,2.0849640975300505,0.0,0.0,0.0308794370278337,328.5,0.0,198.0,2.0,False,False,False,False,False,False,False,0,False,
368051060,2024-06-14 18:06:37+00:00,40.65842,-74.0447,0.0,328.5,194.0,KRISTY ANN,IMO9862774,WDK4022,57,1.0,123.0,24.0,5.1,57.0,A,False,False,False,False,False,False,False,False,False,False,True,False,2024-06-14 18:03:37+00:00,40.6584,-74.04467,180.0,3.0,False,0.0018190741514706,0.0363814830294139,2.086783171681521,0.0,0.0,0.0363814830294139,328.5,0.0,196.0,2.0,False,False,False,False,False,False,False,0,False,
368051060,2024-06-14 18:09:37+00:00,40.65842,-74.04471,0.0,328.5,193.0,KRISTY ANN,IMO9862774,WDK4022,57,1.0,123.0,24.0,5.1,57.0,A,False,False,False,False,False,False,False,False,False,False,True,False,2024-06-14 18:06:37+00:00,40.65842,-74.0447,180.0,3.0,False,0.0004554713592733,0.0091094271854677,2.0872386430407945,0.0,0.0,0.0091094271854677,328.5,0.0,194.0,1.0,False,False,False,False,False,False,False,0,False,
368051060,2024-06-14 18:12:43+00:00,40.65841,-74.04468,0.1,328.5,191.0,KRISTY ANN,IMO9862774,WDK4022,57,1.0,123.0,24.0,5.1,57.0,A,False,False,False,False,False,False,False,False,False,False,True,False,2024-06-14 18:09:37+00:00,40.65842,-74.04471,186.0,3.1,False,0.0014925057478116,0.0288872080221611,2.088731148788606,0.1,0.032258064516129,-0.0711127919778388,328.5,0.0,193.0,2.0,False,False,False,False,False,False,False,0,False,
368051060,2024-06-14 18:15:37+00:00,40.6584,-74.04455,0.0,328.5,191.0,KRISTY ANN,IMO9862774,WDK4022,57,1.0,123.0,24.0,5.1,57.0,A,False,False,False,False,False,False,False,False,False,False,True,False,2024-06-14 18:12:43+00:00,40.65841,-74.04468,174.0,2.9,False,0.005951491782146,0.1231343127340561,2.094682640570752,-0.1,-0.0344827586206896,0.1231343127340561,328.5,0.0,191.0,0.0,False,False,False,False,False,False,False,0,False,
368051060,2024-06-14 18:18:37+00:00,40.65836,-74.04442,0.1,328.5,193.0,KRISTY ANN,IMO9862774,WDK4022,57,1.0,123.0,24.0,5.1,57.0,A,False,False,False,False,False,False,False,False,False,False,True,False,2024-06-14 18:15:37+00:00,40.6584,-74.04455,180.0,3.0,False,0.0063896452241377,0.1277929044827552,2.10107228579489,0.1,0.0333333333333333,0.0277929044827552,328.5,0.0,191.0,2.0,False,False,False,False,False,False,False,0,False,
368051060,2024-06-14 18:21:41+00:00,40.65832,-74.04427,0.1,328.5,198.0,KRISTY ANN,IMO9862774,WDK4022,57,1.0,123.0,24.0,5.1,57.0,A,False,False,False,False,False,False,False,False,False,False,True,False,2024-06-14 18:18:37+00:00,40.65836,-74.04442,184.0,3.066666666666667,False,0.0072418967779313,0.1416892847856126,2.1083141825728213,0.0,0.0,0.0416892847856125,328.5,0.0,193.0,5.0,False,False,False,False,False,False,False,0,False,
368051060,2024-06-14 18:24:38+00:00,40.65829,-74.04419,0.0,328.5,200.0,KRISTY ANN,IMO9862774,WDK4022,57,1.0,123.0,24.0,5.1,57.0,A,False,False,False,False,False,False,False,False,False,False,True,False,2024-06-14 18:21:41+00:00,40.65832,-74.04427,177.0,2.95,False,0.0040646627439896,0.0826711066574164,2.112378845316811,-0.1,-0.0338983050847457,0.0826711066574164,328.5,0.0,198.0,2.0,False,False,False,False,False,False,False,0,False,
368051060,2024-06-14 18:27:37+00:00,40.65827,-74.04415,0.0,328.5,202.0,KRISTY ANN,IMO9862774,WDK4022,57,1.0,123.0,24.0,5.1,57.0,A,False,False,False,False,False,False,False,False,False,False,True,False,2024-06-14 18:24:38+00:00,40.65829,-74.04419,179.0,2.9833333333333334,False,0.0021820227442705,0.0438842563093519,2.114560868061081,0.0,0.0,0.0438842563093519,328.5,0.0,200.0,2.0,False,False,False,False,False,False,False,0,False,
368051060,2024-06-14 18:30:43+00:00,40.65827,-74.04413,0.0,328.5,200.0,KRISTY ANN,IMO9862774,WDK4022,57,1.0,123.0,24.0,5.1,57.0,A,False,False,False,False,False,False,False,False,False,False,True,False,2024-06-14 18:27:37+00:00,40.65827,-74.04415,186.0,3.1,False,0.0009109447679814,0.0176311890577055,2.1154718128290626,0.0,0.0,0.0176311890577055,328.5,0.0,202.0,2.0,False,False,False,False,False,False,False,0,False,
368051060,2024-06-14 18:33:41+00:00,40.65823,-74.0441,0.0,328.5,201.0,KRISTY ANN,IMO9862774,WDK4022,57,1.0,123.0,24.0,5.1,57.0,A,False,False,False,False,False,False,False,False,False,False,True,False,2024-06-14 18:30:43+00:00,40.65827,-74.04413,178.0,2.966666666666667,False,0.002763126495632,0.05588345721503,2.118234939324694,0.0,0.0,0.05588345721503,328.5,0.0,200.0,1.0,False,False,False,False,False,False,False,0,False,
368051060,2024-06-14 18:36:37+00:00,40.65822,-74.04404,0.0,328.5,203.0,KRISTY ANN,IMO9862774,WDK4022,57,1.0,123.0,24.0,5.1,57.0,A,False,False,False,False,False,False,False,False,False,False,True,False,2024-06-14 18:33:41+00:00,40.65823,-74.0441,176.0,2.933333333333333,False,0.0027980134204596,0.0572320926912208,2.1210329527451544,0.0,0.0,0.0572320926912208,328.5,0.0,201.0,2.0,False,False,False,False,False,False,False,0,False,
368051060,2024-06-14 18:39:37+00:00,40.65823,-74.04404,0.0,328.5,203.0,KRISTY ANN,IMO9862774,WDK4022,57,1.0,123.0,24.0,5.1,57.0,A,False,False,False,False,False,False,False,False,False,False,True,False,2024-06-14 18:36:37+00:00,40.65822,-74.04404,180.0,3.0,False,0.0006004046074086,0.0120080921481729,2.121633357352563,0.0,0.0,0.0120080921481729,328.5,0.0,203.0,0.0,False,False,False,False,False,False,False,0,False,
368051060,2024-06-14 18:42:41+00:00,40.65819,-74.04402,0.0,328.5,201.0,KRISTY ANN,IMO9862774,WDK4022,57,1.0,123.0,24.0,5.1,57.0,A,False,False,False,False,False,False,False,False,False,False,True,False,2024-06-14 18:39:37+00:00,40.65823,-74.04404,184.0,3.066666666666667,False,0.0025685780002771,0.0502547869619443,2.1242019353528403,0.0,0.0,0.0502547869619443,328.5,0.0,203.0,2.0,False,False,False,False,False,False,False,0,False,
368051060,2024-06-14 18:45:41+00:00,40.65815,-74.04395,0.0,328.5,205.0,KRISTY ANN,IMO9862774,WDK4022,57,1.0,123.0,24.0,5.1,57.0,A,False,False,False,False,False,False,False,False,False,False,True,False,2024-06-14 18:42:41+00:00,40.65819,-74.04402,180.0,3.0,False,0.0039916288767844,0.0798325775356887,2.128193564229625,0.0,0.0,0.0798325775356887,328.5,0.0,201.0,4.0,False,False,False,False,False,False,False,0,False,
368051060,2024-06-14 18:48:42+00:00,40.65816,-74.04393,0.0,328.5,208.0,KRISTY ANN,IMO9862774,WDK4022,57,1.0,123.0,24.0,5.1,57.0,A,False,False,False,False,False,False,False,False,False,False,True,False,2024-06-14 18:45:41+00:00,40.65815,-74.04395,181.0,3.0166666666666666,False,0.0010910127968287,0.0216997020363721,2.129284577026453,0.0,0.0,0.0216997020363721,328.5,0.0,205.0,3.0,False,False,False,False,False,False,False,0,False,
368051060,2024-06-14 18:51:37+00:00,40.65816,-74.04391,0.0,328.5,213.0,KRISTY ANN,IMO9862774,WDK4022,57,1.0,123.0,24.0,5.1,57.0,A,False,False,False,False,False,False,False,False,False,False,True,False,2024-06-14 18:48:42+00:00,40.65816,-74.04393,175.0,2.9166666666666665,False,0.0009109462700463,0.0187394661266682,2.1301955232965,0.0,0.0,0.0187394661266682,328.5,0.0,208.0,5.0,False,False,False,False,False,False,False,0,False,
368051060,2024-06-14 18:54:38+00:00,40.6582,-74.04399,0.1,328.5,215.0,KRISTY ANN,IMO9862774,WDK4022,57,1.0,123.0,24.0,5.1,57.0,A,False,False,False,False,False,False,False,False,False,False,True,False,2024-06-14 18:51:37+00:00,40.65816,-74.04391,181.0,3.0166666666666666,False,0.0043640500484149,0.0867987854933362,2.134559573344915,0.1,0.0331491712707182,-0.0132012145066637,328.5,0.0,213.0,2.0,False,False,False,False,False,False,False,0,False,
368051060,2024-06-14 18:57:43+00:00,40.65824,-74.04407,0.0,328.5,214.0,KRISTY ANN,IMO9862774,WDK4022,57,1.0,123.0,24.0,5.1,57.0,A,False,False,False,False,False,False,False,False,False,False,True,False,2024-06-14 18:54:38+00:00,40.6582,-74.04399,185.0,3.083333333333333,False,0.0043640482246724,0.0849220195071388,2.1389236215695875,-0.1,-0.0324324324324324,0.0849220195071388,328.5,0.0,215.0,1.0,False,False,False,False,False,False,False,0,False,
368051060,2024-06-14 19:00:37+00:00,40.65825,-74.04414,0.0,328.5,214.0,KRISTY ANN,IMO9862774,WDK4022,57,1.0,123.0,24.0,5.1,57.0,A,False,False,False,False,False,False,False,False,False,False,True,False,2024-06-14 18:57:43+00:00,40.65824,-74.04407,174.0,2.9,False,0.0032443478297617,0.0671244378571389,2.1421679693993494,0.0,0.0,0.0671244378571389,328.5,0.0,214.0,0.0,False,False,False,False,False,False,False,0,False,
368051060,2024-06-14 19:03:42+00:00,40.65828,-74.0442,0.1,328.5,214.0,KRISTY ANN,IMO9862774,WDK4022,57,1.0,123.0,24.0,5.1,57.0,A,False,False,False,False,False,False,False,False,False,False,True,False,2024-06-14 19:00:37+00:00,40.65825,-74.04414,185.0,3.083333333333333,False,0.0032730346290496,0.0636914846733986,2.145441004028399,0.1,0.0324324324324324,-0.0363085153266013,328.5,0.0,214.0,0.0,False,False,False,False,False,False,False,0,False,
368051060,2024-06-14 19:06:43+00:00,40.65831,-74.04424,0.0,328.5,213.0,KRISTY ANN,IMO9862774,WDK4022,57,1.0,123.0,24.0,5.1,57.0,A,False,False,False,False,False,False,False,False,False,False,True,False,2024-06-14 19:03:42+00:00,40.65828,-74.0442,181.0,3.0166666666666666,False,0.0025619621825271,0.0509561539066176,2.148002966210926,-0.1,-0.0331491712707182,0.0509561539066176,328.5,0.0,214.0,1.0,False,False,False,False,False,False,False,0,False,
368051060,2024-06-14 19:09:37+00:00,40.65831,-74.04423,0.0,328.5,214.0,KRISTY ANN,IMO9862774,WDK4022,57,1.0,123.0,24.0,5.1,57.0,A,False,False,False,False,False,False,False,False,False,False,True,False,2024-06-14 19:06:43+00:00,40.65831,-74.04424,174.0,2.9,False,0.0004554721108875,0.0094235609149158,2.1484584383218137,0.0,0.0,0.0094235609149158,328.5,0.0,213.0,1.0,False,False,False,False,False,False,False,0,False,
368051060,2024-06-14 19:12:42+00:00,40.65832,-74.04424,0.0,328.5,211.0,KRISTY ANN,IMO9862774,WDK4022,57,1.0,123.0,24.0,5.1,57.0,A,False,False,False,False,False,False,False,False,False,False,True,False,2024-06-14 19:09:37+00:00,40.65831,-74.04423,185.0,3.083333333333333,False,0.0007536182758896,0.0146650042875815,2.1492120565977038,0.0,0.0,0.0146650042875815,328.5,0.0,214.0,3.0,False,False,False,False,False,False,False,0,False,
368051060,2024-06-14 19:15:37+00:00,40.6583,-74.04422,0.0,328.5,211.0,KRISTY ANN,IMO9862774,WDK4022,57,1.0,123.0,24.0,5.1,57.0,A,False,False,False,False,False,False,False,False,False,False,True,False,2024-06-14 19:12:42+00:00,40.65832,-74.04424,175.0,2.9166666666666665,False,0.0015072365927394,0.0310060099077837,2.150719293190442,0.0,0.0,0.0310060099077837,328.5,0.0,211.0,0.0,False,False,False,False,False,False,False,0,False,
368051060,2024-06-14 19:18:41+00:00,40.65833,-74.04414,0.0,328.5,214.0,KRISTY ANN,IMO9862774,WDK4022,57,1.0,123.0,24.0,5.1,57.0,A,False,False,False,False,False,False,False,False,False,False,True,False,2024-06-14 19:15:37+00:00,40.6583,-74.04422,184.0,3.066666666666667,False,0.0040646622543414,0.07952600062842,2.1547839554447843,0.0,0.0,0.07952600062842,328.5,0.0,211.0,3.0,False,False,False,False,False,False,False,0,False,
368051060,2024-06-14 19:21:38+00:00,40.65838,-74.04409,0.0,328.5,215.0,KRISTY ANN,IMO9862774,WDK4022,57,1.0,123.0,24.0,5.1,57.0,A,False,False,False,False,False,False,False,False,False,False,True,False,2024-06-14 19:18:41+00:00,40.65833,-74.04414,177.0,2.95,False,0.0037680905519805,0.0766391298707914,2.158552045996765,0.0,0.0,0.0766391298707914,328.5,0.0,214.0,1.0,False,False,False,False,False,False,False,0,False,
368051060,2024-06-14 19:24:37+00:00,40.65842,-74.04406,0.0,328.5,214.0,KRISTY ANN,IMO9862774,WDK4022,57,1.0,123.0,24.0,5.1,57.0,A,False,False,False,False,False,False,False,False,False,False,True,False,2024-06-14 19:21:38+00:00,40.65838,-74.04409,179.0,2.9833333333333334,False,0.0027631249765546,0.0555712285787535,2.16131517097332,0.0,0.0,0.0555712285787535,328.5,0.0,215.0,1.0,False,False,False,False,False,False,False,0,False,
368051060,2024-06-14 19:27:43+00:00,40.65847,-74.04399,0.1,328.5,216.0,KRISTY ANN,IMO9862774,WDK4022,57,1.0,123.0,24.0,5.1,57.0,A,False,False,False,False,False,False,False,False,False,False,True,False,2024-06-14 19:24:37+00:00,40.65842,-74.04406,186.0,3.1,False,0.0043791995287567,0.0847587005565822,2.1656943705020764,0.1,0.032258064516129,-0.0152412994434178,328.5,0.0,214.0,2.0,False,False,False,False,False,False,False,0,False,
368051060,2024-06-14 19:30:38+00:00,40.65854,-74.04397,0.1,328.5,218.0,KRISTY ANN,IMO9862774,WDK4022,57,1.0,123.0,24.0,5.1,57.0,A,False,False,False,False,False,False,False,False,False,False,True,False,2024-06-14 19:27:43+00:00,40.65847,-74.04399,175.0,2.9166666666666665,False,0.0043004201490093,0.0884657859224788,2.169994790651086,0.0,0.0,-0.0115342140775211,328.5,0.0,216.0,2.0,False,False,False,False,False,False,False,0,False,
368051060,2024-06-14 19:33:37+00:00,40.65863,-74.04388,0.1,328.5,217.0,KRISTY ANN,IMO9862774,WDK4022,57,1.0,123.0,24.0,5.1,57.0,A,False,False,False,False,False,False,False,False,False,False,True,False,2024-06-14 19:30:38+00:00,40.65854,-74.04397,179.0,2.9833333333333334,False,0.006782554452005,0.1364089163531742,2.176777345103091,0.0,0.0,0.0364089163531742,328.5,0.0,218.0,1.0,False,False,False,False,False,False,False,0,False,
368051060,2024-06-14 19:36:37+00:00,40.65872,-74.04382,0.0,328.5,217.0,KRISTY ANN,IMO9862774,WDK4022,57,1.0,123.0,24.0,5.1,57.0,A,False,False,False,False,False,False,False,False,False,False,True,False,2024-06-14 19:33:37+00:00,40.65863,-74.04388,180.0,3.0,False,0.0060553805611816,0.1211076112236322,2.182832725664273,-0.1,-0.0333333333333333,0.1211076112236322,328.5,0.0,217.0,0.0,False,False,False,False,False,False,False,0,False,
368051060,2024-06-14 19:39:39+00:00,40.65875,-74.04382,0.0,328.5,215.0,KRISTY ANN,IMO9862774,WDK4022,57,1.0,123.0,24.0,5.1,57.0,A,False,False,False,False,False,False,False,False,False,False,True,False,2024-06-14 19:36:37+00:00,40.65872,-74.04382,182.0,3.033333333333333,False,0.001801213821462,0.0356284052596896,2.184633939485735,0.0,0.0,0.0356284052596896,328.5,0.0,217.0,2.0,False,False,False,False,False,False,False,0,False,
368051060,2024-06-14 19:42:39+00:00,40.65874,-74.04379,0.0,328.5,216.0,KRISTY ANN,IMO9862774,WDK4022,57,1.0,123.0,24.0,5.1,57.0,A,False,False,False,False,False,False,False,False,False,False,True,False,2024-06-14 19:39:39+00:00,40.65875,-74.04382,180.0,3.0,False,0.0014924995600528,0.029849991201056,2.1861264390457875,0.0,0.0,0.029849991201056,328.5,0.0,215.0,1.0,False,False,False,False,False,False,False,0,False,
368051060,2024-06-14 19:45:38+00:00,40.65871,-74.04381,0.0,328.5,216.0,KRISTY ANN,IMO9862774,WDK4022,57,1.0,123.0,24.0,5.1,57.0,A,False,False,False,False,False,False,False,False,False,False,True,False,2024-06-14 19:42:39+00:00,40.65874,-74.04379,179.0,2.9833333333333334,False,0.0020184598789796,0.0405947238230553,2.1881448989247674,0.0,0.0,0.0405947238230553,328.5,0.0,216.0,0.0,False,False,False,False,False,False,False,0,False,
368051060,2024-06-14 19:48:38+00:00,40.65874,-74.04378,0.0,328.5,213.0,KRISTY ANN,IMO9862774,WDK4022,57,1.0,123.0,24.0,5.1,57.0,A,False,False,False,False,False,False,False,False,False,False,True,False,2024-06-14 19:45:38+00:00,40.65871,-74.04381,180.0,3.0,False,0.0022608497508533,0.0452169950170672,2.1904057486756208,0.0,0.0,0.0452169950170672,328.5,0.0,216.0,3.0,False,False,False,False,False,False,False,0,False,
368051060,2024-06-14 19:51:39+00:00,40.65871,-74.04374,0.1,328.5,212.0,KRISTY ANN,IMO9862774,WDK4022,57,1.0,123.0,24.0,5.1,57.0,A,False,False,False,False,False,False,False,False,False,False,True,False,2024-06-14 19:48:38+00:00,40.65874,-74.04378,181.0,3.0166666666666666,False,0.0025619538313913,0.0509559878066794,2.192967702507012,0.1,0.0331491712707182,-0.0490440121933205,328.5,0.0,213.0,1.0,False,False,False,False,False,False,False,0,False,
368051060,2024-06-14 19:54:38+00:00,40.65867,-74.04366,0.0,328.5,212.0,KRISTY ANN,IMO9862774,WDK4022,57,1.0,123.0,24.0,5.1,57.0,A,False,False,False,False,False,False,False,False,False,False,True,False,2024-06-14 19:51:39+00:00,40.65871,-74.04374,179.0,2.9833333333333334,False,0.0043640267892322,0.0877681365432192,2.1973317292962444,-0.1,-0.0335195530726257,0.0877681365432192,328.5,0.0,212.0,0.0,False,False,False,False,False,False,False,0,False,
368051060,2024-06-14 19:57:38+00:00,40.65864,-74.04362,0.0,328.5,214.0,KRISTY ANN,IMO9862774,WDK4022,57,1.0,123.0,24.0,5.1,57.0,A,False,False,False,False,False,False,False,False,False,False,True,False,2024-06-14 19:54:38+00:00,40.65867,-74.04366,180.0,3.0,False,0.0025619551912938,0.0512391038258766,2.199893684487538,0.0,0.0,0.0512391038258766,328.5,0.0,212.0,2.0,False,False,False,False,False,False,False,0,False,
368051060,2024-06-14 20:00:42+00:00,40.65855,-74.04352,0.0,145.7,220.0,KRISTY ANN,IMO9862774,WDK4022,57,1.0,123.0,24.0,5.1,57.0,A,False,False,False,False,False,False,False,False,False,False,True,False,2024-06-14 19:57:38+00:00,40.65864,-74.04362,184.0,3.066666666666667,False,0.0070671527653865,0.138270380192345,2.206960837252925,0.0,0.0,0.138270380192345,328.5,177.2,214.0,6.0,False,False,False,False,False,False,False,0,False,
368051060,2024-06-14 20:03:40+00:00,40.65855,-74.04348,0.0,145.7,221.0,KRISTY ANN,IMO9862774,WDK4022,57,1.0,123.0,24.0,5.1,57.0,A,False,False,False,False,False,False,False,False,False,False,True,False,2024-06-14 20:00:42+00:00,40.65855,-74.04352,178.0,2.966666666666667,False,0.0018218818884771,0.0368470494298753,2.208782719141402,0.0,0.0,0.0368470494298753,145.7,0.0,220.0,1.0,False,False,False,False,False,False,False,0,False,
368051060,2024-06-14 20:06:43+00:00,40.65854,-74.04348,0.0,145.7,219.0,KRISTY ANN,IMO9862774,WDK4022,57,1.0,123.0,24.0,5.1,57.0,A,False,False,False,False,False,False,False,False,False,False,True,False,2024-06-14 20:03:40+00:00,40.65855,-74.04348,183.0,3.05,False,0.0006004046070267,0.0118112381710174,2.2093831237484287,0.0,0.0,0.0118112381710174,145.7,0.0,221.0,2.0,False,False,False,False,False,False,False,0,False,
368051060,2024-06-14 20:09:42+00:00,40.65857,-74.0435,0.0,145.7,219.0,KRISTY ANN,IMO9862774,WDK4022,57,1.0,123.0,24.0,5.1,57.0,A,False,False,False,False,False,False,False,False,False,False,True,False,2024-06-14 20:06:43+00:00,40.65854,-74.04348,179.0,2.9833333333333334,False,0.0020184609259525,0.0405947448794933,2.2114015846743813,0.0,0.0,0.0405947448794933,145.7,0.0,219.0,0.0,False,False,False,False,False,False,False,0,False,
368051060,2024-06-14 20:12:44+00:00,40.6586,-74.04356,0.1,145.7,217.0,KRISTY ANN,IMO9862774,WDK4022,57,1.0,123.0,24.0,5.1,57.0,A,False,False,False,False,False,False,False,False,False,False,True,False,2024-06-14 20:09:42+00:00,40.65857,-74.0435,182.0,3.033333333333333,False,0.0032730236840729,0.064741127816827,2.2146746083584543,0.1,0.0329670329670329,-0.035258872183173,145.7,0.0,219.0,2.0,False,False,False,False,False,False,False,0,False,
368051060,2024-06-14 20:15:44+00:00,40.65861,-74.04357,0.0,145.7,215.0,KRISTY ANN,IMO9862774,WDK4022,57,1.0,123.0,24.0,5.1,57.0,A,False,False,False,False,False,False,False,False,False,False,True,False,2024-06-14 20:12:44+00:00,40.6586,-74.04356,180.0,3.0,False,0.0007536170789111,0.015072341578223,2.2154282254373654,-0.1,-0.0333333333333333,0.015072341578223,145.7,0.0,217.0,2.0,False,False,False,False,False,False,False,0,False,
368051060,2024-06-14 20:18:43+00:00,40.65862,-74.04358,0.0,145.7,215.0,KRISTY ANN,IMO9862774,WDK4022,57,1.0,123.0,24.0,5.1,57.0,A,False,False,False,False,False,False,False,False,False,False,True,False,2024-06-14 20:15:44+00:00,40.65861,-74.04357,179.0,2.9833333333333334,False,0.0007536170373421,0.0151565437677757,2.2161818424747075,0.0,0.0,0.0151565437677757,145.7,0.0,215.0,0.0,False,False,False,False,False,False,False,0,False,
368051060,2024-06-14 20:21:44+00:00,40.65856,-74.0435,0.0,145.7,218.0,KRISTY ANN,IMO9862774,WDK4022,57,1.0,123.0,24.0,5.1,57.0,A,False,False,False,False,False,False,False,False,False,False,True,False,2024-06-14 20:18:43+00:00,40.65862,-74.04358,181.0,3.0166666666666666,False,0.0051239129068159,0.1019120799145709,2.221305755381524,0.0,0.0,0.1019120799145709,145.7,0.0,215.0,3.0,False,False,False,False,False,False,False,0,False,
368051060,2024-06-14 20:24:42+00:00,40.65854,-74.04347,0.0,145.7,219.0,KRISTY ANN,IMO9862774,WDK4022,57,1.0,123.0,24.0,5.1,57.0,A,False,False,False,False,False,False,False,False,False,False,True,False,2024-06-14 20:21:44+00:00,40.65856,-74.0435,178.0,2.966666666666667,False,0.0018190719963294,0.0367902201504836,2.223124827377853,0.0,0.0,0.0367902201504836,145.7,0.0,218.0,1.0,False,False,False,False,False,False,False,0,False,
368051060,2024-06-14 20:27:44+00:00,40.65856,-74.04349,0.0,145.7,220.0,KRISTY ANN,IMO9862774,WDK4022,57,1.0,123.0,24.0,5.1,57.0,A,False,False,False,False,False,False,False,False,False,False,True,False,2024-06-14 20:24:42+00:00,40.65854,-74.04347,182.0,3.033333333333333,False,0.0015072346114294,0.0298134318744294,2.2246320619892828,0.0,0.0,0.0298134318744294,145.7,0.0,219.0,1.0,False,False,False,False,False,False,False,0,False,
368051060,2024-06-14 20:30:43+00:00,40.65856,-74.04349,0.0,145.7,220.0,KRISTY ANN,IMO9862774,WDK4022,57,1.0,123.0,24.0,5.1,57.0,A,False,False,False,False,False,False,False,False,False,False,True,False,2024-06-14 20:27:44+00:00,40.65856,-74.04349,179.0,2.9833333333333334,False,0.0,0.0,2.2246320619892828,0.0,0.0,0.0,145.7,0.0,220.0,0.0,False,False,False,False,False,False,False,0,False,
368051060,2024-06-14 20:33:44+00:00,40.65856,-74.04349,0.0,145.7,222.0,KRISTY ANN,IMO9862774,WDK4022,57,1.0,123.0,24.0,5.1,57.0,A,False,False,False,False,False,False,False,False,False,False,True,False,2024-06-14 20:30:43+00:00,40.65856,-74.04349,181.0,3.0166666666666666,False,0.0,0.0,2.2246320619892828,0.0,0.0,0.0,145.7,0.0,220.0,2.0,False,False,False,False,False,False,False,0,False,
368051060,2024-06-14 20:36:43+00:00,40.65854,-74.04348,0.0,145.7,222.0,KRISTY ANN,IMO9862774,WDK4022,57,1.0,123.0,24.0,5.1,57.0,A,False,False,False,False,False,False,False,False,False,False,True,False,2024-06-14 20:33:44+00:00,40.65856,-74.04349,179.0,2.9833333333333334,False,0.0012842881766089,0.0258292594178326,2.225916350165892,0.0,0.0,0.0258292594178326,145.7,0.0,222.0,0.0,False,False,False,False,False,False,False,0,False,
368051060,2024-06-14 20:39:43+00:00,40.65852,-74.04347,0.0,145.7,221.0,KRISTY ANN,IMO9862774,WDK4022,57,1.0,123.0,24.0,5.1,57.0,A,False,False,False,False,False,False,False,False,False,False,True,False,2024-06-14 20:36:43+00:00,40.65854,-74.04348,180.0,3.0,False,0.001284288225394,0.0256857645078803,2.227200638391285,0.0,0.0,0.0256857645078803,145.7,0.0,222.0,1.0,False,False,False,False,False,False,False,0,False,
368051060,2024-06-14 20:42:38+00:00,40.65848,-74.04341,0.0,145.7,221.0,KRISTY ANN,IMO9862774,WDK4022,57,1.0,123.0,24.0,5.1,57.0,A,False,False,False,False,False,False,False,False,False,False,True,False,2024-06-14 20:39:43+00:00,40.65852,-74.04347,175.0,2.9166666666666665,False,0.0036381455326192,0.0748418509567384,2.2308387839239048,0.0,0.0,0.0748418509567384,145.7,0.0,221.0,0.0,False,False,False,False,False,False,False,0,False,
368051060,2024-06-14 20:45:42+00:00,40.65846,-74.04335,0.1,145.7,221.0,KRISTY ANN,IMO9862774,WDK4022,57,1.0,123.0,24.0,5.1,57.0,A,False,False,False,False,False,False,False,False,False,False,True,False,2024-06-14 20:42:38+00:00,40.65848,-74.04341,184.0,3.066666666666667,False,0.0029850094335493,0.0584023584824873,2.233823793357454,0.1,0.0326086956521739,-0.0415976415175126,145.7,0.0,221.0,0.0,False,False,False,False,False,False,False,0,False,
368051060,2024-06-14 20:48:38+00:00,40.65831,-74.04326,0.1,163.3,225.0,KRISTY ANN,IMO9862774,WDK4022,57,1.0,123.0,24.0,5.1,57.0,A,False,False,False,False,False,False,False,False,False,False,True,False,2024-06-14 20:45:42+00:00,40.65846,-74.04335,176.0,2.933333333333333,False,0.0098951041112656,0.2023998568213423,2.24371889746872,0.0,0.0,0.1023998568213423,145.7,17.600000000000023,221.0,4.0,False,False,False,False,False,False,False,0,False,
368051060,2024-06-14 20:51:41+00:00,40.65825,-74.04322,0.0,163.3,230.0,KRISTY ANN,IMO9862774,WDK4022,57,1.0,123.0,24.0,5.1,57.0,A,False,False,False,False,False,False,False,False,False,False,True,False,2024-06-14 20:48:38+00:00,40.65831,-74.04326,183.0,3.05,False,0.0040369252423124,0.0794149227995887,2.247755822711032,-0.1,-0.0327868852459016,0.0794149227995887,163.3,0.0,225.0,5.0,False,False,False,False,False,False,False,0,False,
368051060,2024-06-14 20:54:43+00:00,40.65827,-74.04323,0.0,163.3,227.0,KRISTY ANN,IMO9862774,WDK4022,57,1.0,123.0,24.0,5.1,57.0,A,False,False,False,False,False,False,False,False,False,False,True,False,2024-06-14 20:51:41+00:00,40.65825,-74.04322,182.0,3.033333333333333,False,0.0012842888786089,0.0254035162801771,2.249040111589641,0.0,0.0,0.0254035162801771,163.3,0.0,230.0,3.0,False,False,False,False,False,False,False,0,False,
368051060,2024-06-14 20:57:38+00:00,40.65829,-74.04316,0.0,163.3,227.0,KRISTY ANN,IMO9862774,WDK4022,57,1.0,123.0,24.0,5.1,57.0,A,False,False,False,False,False,False,False,False,False,False,True,False,2024-06-14 20:54:43+00:00,40.65827,-74.04323,175.0,2.9166666666666665,False,0.0034069398667204,0.070085620115392,2.252447051456361,0.0,0.0,0.070085620115392,163.3,0.0,227.0,0.0,False,False,False,False,False,False,False,0,False,
368051060,2024-06-14 21:00:39+00:00,40.65829,-74.04323,0.1,163.3,227.0,KRISTY ANN,IMO9862774,WDK4022,57,1.0,123.0,24.0,5.1,57.0,A,False,False,False,False,False,False,False,False,False,False,True,False,2024-06-14 20:57:38+00:00,40.65829,-74.04316,181.0,3.0166666666666666,False,0.0031883057314947,0.0634138156540398,2.2556353571878565,0.1,0.0331491712707182,-0.0365861843459601,163.3,0.0,227.0,0.0,False,False,False,False,False,False,False,0,False,
368051060,2024-06-14 21:03:38+00:00,40.65834,-74.04333,0.1,163.3,225.0,KRISTY ANN,IMO9862774,WDK4022,57,1.0,123.0,24.0,5.1,57.0,A,False,False,False,False,False,False,False,False,False,False,True,False,2024-06-14 21:00:39+00:00,40.65829,-74.04323,179.0,2.9833333333333334,False,0.0054550548647312,0.1097106006314658,2.261090412052588,0.0,0.0,0.0097106006314658,163.3,0.0,227.0,2.0,False,False,False,False,False,False,False,0,False,
368051060,2024-06-14 21:06:40+00:00,40.65841,-74.0434,0.1,163.3,221.0,KRISTY ANN,IMO9862774,WDK4022,57,1.0,123.0,24.0,5.1,57.0,A,False,False,False,False,False,False,False,False,False,False,True,False,2024-06-14 21:03:38+00:00,40.65834,-74.04333,182.0,3.033333333333333,False,0.0052753261956804,0.1043471115629094,2.2663657382482683,0.0,0.0,0.0043471115629094,163.3,0.0,225.0,4.0,False,False,False,False,False,False,False,0,False,
368051060,2024-06-14 21:09:42+00:00,40.65853,-74.04349,0.0,322.9,213.0,KRISTY ANN,IMO9862774,WDK4022,57,1.0,123.0,24.0,5.1,57.0,A,False,False,False,False,False,False,False,False,False,False,True,False,2024-06-14 21:06:40+00:00,40.65841,-74.0434,182.0,3.033333333333333,False,0.0082893728019328,0.1639656158624078,2.274655111050201,-0.1,-0.0329670329670329,0.1639656158624078,163.3,159.59999999999997,221.0,8.0,False,False,False,False,False,False,False,0,False,
368051060,2024-06-14 21:12:44+00:00,40.65853,-74.04352,0.0,322.9,213.0,KRISTY ANN,IMO9862774,WDK4022,57,1.0,123.0,24.0,5.1,57.0,A,False,False,False,False,False,False,False,False,False,False,True,False,2024-06-14 21:09:42+00:00,40.65853,-74.04349,182.0,3.033333333333333,False,0.0013664118258697,0.0270279262259959,2.276021522876071,0.0,0.0,0.0270279262259959,322.9,0.0,213.0,0.0,False,False,False,False,False,False,False,0,False,
368051060,2024-06-14 21:15:42+00:00,40.65854,-74.04356,0.1,322.9,210.0,KRISTY ANN,IMO9862774,WDK4022,57,1.0,123.0,24.0,5.1,57.0,A,False,False,False,False,False,False,False,False,False,False,True,False,2024-06-14 21:12:44+00:00,40.65853,-74.04352,178.0,2.966666666666667,False,0.001918265050357,0.0387963718049745,2.277939787926428,0.1,0.0337078651685393,-0.0612036281950254,322.9,0.0,213.0,3.0,False,False,False,False,False,False,False,0,False,
368051060,2024-06-14 21:18:42+00:00,40.65859,-74.04362,0.0,322.9,208.0,KRISTY ANN,IMO9862774,WDK4022,57,1.0,123.0,24.0,5.1,57.0,A,False,False,False,False,False,False,False,False,False,False,True,False,2024-06-14 21:15:42+00:00,40.65854,-74.04356,180.0,3.0,False,0.004059613231379,0.0811922646275802,2.281999401157807,-0.1,-0.0333333333333333,0.0811922646275802,322.9,0.0,210.0,2.0,False,False,False,False,False,False,False,0,False,
368051060,2024-06-14 21:21:43+00:00,40.65861,-74.04367,0.0,322.9,206.0,KRISTY ANN,IMO9862774,WDK4022,57,1.0,123.0,24.0,5.1,57.0,A,False,False,False,False,False,False,False,False,False,False,True,False,2024-06-14 21:18:42+00:00,40.65859,-74.04362,181.0,3.0166666666666666,False,0.0025745424396502,0.0512063689654201,2.284573943597457,0.0,0.0,0.0512063689654201,322.9,0.0,208.0,2.0,False,False,False,False,False,False,False,0,False,
368051060,2024-06-14 21:24:42+00:00,40.65866,-74.04369,0.0,322.9,206.0,KRISTY ANN,IMO9862774,WDK4022,57,1.0,123.0,24.0,5.1,57.0,A,False,False,False,False,False,False,False,False,False,False,True,False,2024-06-14 21:21:43+00:00,40.65861,-74.04367,179.0,2.9833333333333334,False,0.0031371888051352,0.0630942999915461,2.2877111324025923,0.0,0.0,0.0630942999915461,322.9,0.0,206.0,0.0,False,False,False,False,False,False,False,0,False,
368051060,2024-06-14 21:27:41+00:00,40.65864,-74.04377,0.0,322.9,206.0,KRISTY ANN,IMO9862774,WDK4022,57,1.0,123.0,24.0,5.1,57.0,A,False,False,False,False,False,False,False,False,False,False,True,False,2024-06-14 21:24:42+00:00,40.65866,-74.04369,179.0,2.9833333333333334,False,0.0038365241340028,0.0771591445944716,2.2915476565365958,0.0,0.0,0.0771591445944716,322.9,0.0,206.0,0.0,False,False,False,False,False,False,False,0,False,
368051060,2024-06-14 21:30:38+00:00,40.65863,-74.04382,0.0,322.9,206.0,KRISTY ANN,IMO9862774,WDK4022,57,1.0,123.0,24.0,5.1,57.0,A,False,False,False,False,False,False,False,False,False,False,True,False,2024-06-14 21:27:41+00:00,40.65864,-74.04377,177.0,2.95,False,0.0023551658653263,0.0479016786168061,2.293902822401922,0.0,0.0,0.0479016786168061,322.9,0.0,206.0,0.0,False,False,False,False,False,False,False,0,False,
368051060,2024-06-14 21:33:43+00:00,40.65864,-74.04389,0.0,322.9,204.0,KRISTY ANN,IMO9862774,WDK4022,57,1.0,123.0,24.0,5.1,57.0,A,False,False,False,False,False,False,False,False,False,False,True,False,2024-06-14 21:30:38+00:00,40.65863,-74.04382,185.0,3.083333333333333,False,0.0032443295128762,0.0631328986289432,2.297147151914798,0.0,0.0,0.0631328986289432,322.9,0.0,206.0,2.0,False,False,False,False,False,False,False,0,False,
368051060,2024-06-14 21:36:42+00:00,40.65864,-74.044,0.0,322.9,201.0,KRISTY ANN,IMO9862774,WDK4022,57,1.0,123.0,24.0,5.1,57.0,A,False,False,False,False,False,False,False,False,False,False,True,False,2024-06-14 21:33:43+00:00,40.65864,-74.04389,179.0,2.9833333333333334,False,0.0050101684349816,0.1007631640554969,2.3021573203497794,0.0,0.0,0.1007631640554969,322.9,0.0,204.0,3.0,False,False,False,False,False,False,False,0,False,
368051060,2024-06-14 21:39:42+00:00,40.65865,-74.04405,0.0,322.9,198.0,KRISTY ANN,IMO9862774,WDK4022,57,1.0,123.0,24.0,5.1,57.0,A,False,False,False,False,False,False,False,False,False,False,True,False,2024-06-14 21:36:42+00:00,40.65864,-74.044,180.0,3.0,False,0.0023551655347615,0.04710331069523,2.304512485884541,0.0,0.0,0.04710331069523,322.9,0.0,201.0,3.0,False,False,False,False,False,False,False,0,False,
368051060,2024-06-14 21:42:38+00:00,40.65867,-74.04409,0.0,322.9,196.0,KRISTY ANN,IMO9862774,WDK4022,57,1.0,123.0,24.0,5.1,57.0,A,False,False,False,False,False,False,False,False,False,False,True,False,2024-06-14 21:39:42+00:00,40.65865,-74.04405,176.0,2.933333333333333,False,0.0021820140791583,0.0446321061646029,2.306694499963699,0.0,0.0,0.0446321061646029,322.9,0.0,198.0,2.0,False,False,False,False,False,False,False,0,False,
368051060,2024-06-14 21:45:43+00:00,40.65869,-74.04413,0.0,322.9,194.0,KRISTY ANN,IMO9862774,WDK4022,57,1.0,123.0,24.0,5.1,57.0,A,False,False,False,False,False,False,False,False,False,False,True,False,2024-06-14 21:42:38+00:00,40.65867,-74.04409,185.0,3.083333333333333,False,0.0021820136224043,0.0424608056251665,2.308876513586104,0.0,0.0,0.0424608056251665,322.9,0.0,196.0,2.0,False,False,False,False,False,False,False,0,False,
368051060,2024-06-14 21:48:42+00:00,40.65874,-74.04417,0.0,322.9,191.0,KRISTY ANN,IMO9862774,WDK4022,57,1.0,123.0,24.0,5.1,57.0,A,False,False,False,False,False,False,False,False,False,False,True,False,2024-06-14 21:45:43+00:00,40.65869,-74.04413,179.0,2.9833333333333334,False,0.0035116064003086,0.070624486263191,2.312388119986412,0.0,0.0,0.070624486263191,322.9,0.0,194.0,3.0,False,False,False,False,False,False,False,0,False,
368051060,2024-06-14 21:51:43+00:00,40.65874,-74.04423,0.0,322.9,186.0,KRISTY ANN,IMO9862774,WDK4022,57,1.0,123.0,24.0,5.1,57.0,A,False,False,False,False,False,False,False,False,False,False,True,False,2024-06-14 21:48:42+00:00,40.65874,-74.04417,181.0,3.0166666666666666,False,0.0027328150495101,0.0543543324764446,2.3151209350359223,0.0,0.0,0.0543543324764446,322.9,0.0,191.0,5.0,False,False,False,False,False,False,False,0,False,
368051060,2024-06-14 21:54:39+00:00,40.65871,-74.04424,0.0,322.9,185.0,KRISTY ANN,IMO9862774,WDK4022,57,1.0,123.0,24.0,5.1,57.0,A,False,False,False,False,False,False,False,False,False,False,True,False,2024-06-14 21:51:43+00:00,40.65874,-74.04423,176.0,2.933333333333333,False,0.0018579083658942,0.0380026711205647,2.3169788434018166,0.0,0.0,0.0380026711205647,322.9,0.0,186.0,1.0,False,False,False,False,False,False,False,0,False,
368051060,2024-06-14 21:57:39+00:00,40.65867,-74.04432,0.1,322.9,180.0,KRISTY ANN,IMO9862774,WDK4022,57,1.0,123.0,24.0,5.1,57.0,A,False,False,False,False,False,False,False,False,False,False,True,False,2024-06-14 21:54:39+00:00,40.65871,-74.04424,180.0,3.0,False,0.0043640267892322,0.0872805357846458,2.321342870191049,0.1,0.0333333333333333,-0.0127194642153541,322.9,0.0,185.0,5.0,False,False,False,False,False,False,False,0,False,
368051060,2024-06-14 22:00:39+00:00,40.65864,-74.04444,0.1,322.9,177.0,KRISTY ANN,IMO9862774,WDK4022,57,1.0,123.0,24.0,5.1,57.0,A,False,False,False,False,False,False,False,False,False,False,True,False,2024-06-14 21:57:39+00:00,40.65867,-74.04432,180.0,3.0,False,0.005754785812384,0.1150957162476801,2.327097656003433,0.0,0.0,0.0150957162476801,322.9,0.0,180.0,3.0,False,False,False,False,False,False,False,0,False,
368051060,2024-06-14 22:03:43+00:00,40.65858,-74.04458,0.1,251.1,172.0,KRISTY ANN,IMO9862774,WDK4022,57,1.0,123.0,24.0,5.1,57.0,A,False,False,False,False,False,False,False,False,False,False,True,False,2024-06-14 22:00:39+00:00,40.65864,-74.04444,184.0,3.066666666666667,False,0.0073238151663247,0.1432920358628757,2.3344214711697577,0.0,0.0,0.0432920358628757,322.9,71.79999999999998,177.0,5.0,False,False,False,False,False,False,False,0,False,
368051060,2024-06-14 22:06:43+00:00,40.6585,-74.04474,0.2,236.9,166.0,KRISTY ANN,IMO9862774,WDK4022,57,1.0,123.0,24.0,5.1,57.0,A,False,False,False,False,False,False,False,False,False,False,True,False,2024-06-14 22:03:43+00:00,40.65858,-74.04458,180.0,3.0,False,0.0087280672611543,0.1745613452230867,2.343149538430912,0.1,0.0333333333333333,-0.0254386547769133,251.1,14.199999999999989,172.0,6.0,False,False,False,False,False,False,False,0,False,
368051060,2024-06-14 22:09:39+00:00,40.6584,-74.04495,0.2,239.3,158.0,KRISTY ANN,IMO9862774,WDK4022,57,1.0,123.0,24.0,5.1,57.0,A,False,False,False,False,False,False,False,False,False,False,True,False,2024-06-14 22:06:43+00:00,40.6585,-74.04474,176.0,2.933333333333333,False,0.0112931736614481,0.2309967339841671,2.3544427120923603,0.0,0.0,0.0309967339841671,236.9,2.4000000000000057,166.0,8.0,False,False,False,False,False,False,False,0,False,
368051060,2024-06-14 22:12:40+00:00,40.65828,-74.0452,0.2,232.6,152.0,KRISTY ANN,IMO9862774,WDK4022,57,1.0,123.0,24.0,5.1,57.0,A,False,False,False,False,False,False,False,False,False,False,True,False,2024-06-14 22:09:39+00:00,40.6584,-74.04495,181.0,3.0166666666666666,False,0.0134747578991043,0.2680062344573236,2.3679174699914647,0.0,0.0,0.0680062344573235,239.3,6.700000000000017,158.0,6.0,False,False,False,False,False,False,False,0,False,
368051060,2024-06-14 22:15:44+00:00,40.6581,-74.04541,0.2,218.3,145.0,KRISTY ANN,IMO9862774,WDK4022,57,1.0,123.0,24.0,5.1,57.0,A,False,False,False,False,False,False,False,False,False,False,True,False,2024-06-14 22:12:40+00:00,40.65828,-74.0452,184.0,3.066666666666667,False,0.0144320920035377,0.2823670174605213,2.3823495619950026,0.0,0.0,0.0823670174605213,232.6,14.299999999999985,152.0,7.0,False,False,False,False,False,False,False,0,False,
368051060,2024-06-14 22:18:39+00:00,40.65789,-74.04564,0.3,223.2,138.0,KRISTY ANN,IMO9862774,WDK4022,57,1.0,123.0,24.0,5.1,57.0,A,False,False,False,False,False,False,False,False,False,False,True,False,2024-06-14 22:15:44+00:00,40.6581,-74.04541,175.0,2.9166666666666665,False,0.0163926458851025,0.3372201439221104,2.398742207880105,0.0999999999999999,0.0342857142857142,0.0372201439221104,218.3,4.899999999999977,145.0,7.0,False,False,False,False,False,False,False,0,False,
368051060,2024-06-14 22:21:38+00:00,40.65764,-74.04593,0.4,219.8,131.0,KRISTY ANN,IMO9862774,WDK4022,57,1.0,123.0,24.0,5.1,57.0,A,False,False,False,False,False,False,False,False,False,False,True,False,2024-06-14 22:18:39+00:00,40.65789,-74.04564,179.0,2.9833333333333334,False,0.0199943975173058,0.4021219612419058,2.418736605397411,0.1,0.0335195530726257,0.0021219612419057,223.2,3.3999999999999773,138.0,7.0,False,False,False,False,False,False,False,0,False,
368051060,2024-06-14 22:24:42+00:00,40.65733,-74.04629,0.4,220.0,118.0,KRISTY ANN,IMO9862774,WDK4022,57,1.0,123.0,24.0,5.1,57.0,A,False,False,False,False,False,False,False,False,False,False,True,False,2024-06-14 22:21:38+00:00,40.65764,-74.04593,184.0,3.066666666666667,False,0.0248051381349052,0.485317920030755,2.4435417435323163,0.0,0.0,0.085317920030755,219.8,0.1999999999999886,131.0,13.0,False,False,False,False,False,False,False,0,False,
368051060,2024-06-14 22:27:43+00:00,40.657,-74.04659,0.5,213.4,104.0,KRISTY ANN,IMO9862774,WDK4022,57,1.0,123.0,24.0,5.1,57.0,A,False,False,False,False,False,False,False,False,False,False,True,False,2024-06-14 22:24:42+00:00,40.65733,-74.04629,181.0,3.0166666666666666,False,0.0240683337133535,0.4787071898788559,2.46761007724567,0.0999999999999999,0.0331491712707182,-0.021292810121144,220.0,6.599999999999994,118.0,14.0,False,False,False,False,False,False,False,0,False,
368051060,2024-06-14 22:30:41+00:00,40.65664,-74.04679,0.4,198.2,86.0,KRISTY ANN,IMO9862774,WDK4022,57,1.0,123.0,24.0,5.1,57.0,A,False,False,False,False,False,False,False,False,False,False,True,False,2024-06-14 22:27:43+00:00,40.657,-74.04659,178.0,2.966666666666667,False,0.0234558116847128,0.4743872026121692,2.491065888930383,-0.0999999999999999,-0.0337078651685393,0.0743872026121692,213.4,15.200000000000015,104.0,18.0,False,False,False,False,False,False,False,0,False,
368051060,2024-06-14 22:33:44+00:00,40.65632,-74.04689,0.4,189.3,72.0,KRISTY ANN,IMO9862774,WDK4022,57,1.0,123.0,24.0,5.1,57.0,A,False,False,False,False,False,False,False,False,False,False,True,False,2024-06-14 22:30:41+00:00,40.65664,-74.04679,183.0,3.05,False,0.019745479778351,0.3884356677708394,2.510811368708734,0.0,0.0,-0.0115643322291605,198.2,8.899999999999977,86.0,14.0,False,False,False,False,False,False,False,0,False,
368051060,2024-06-14 22:36:39+00:00,40.65603,-74.04683,0.2,156.5,58.0,KRISTY ANN,IMO9862774,WDK4022,57,1.0,123.0,24.0,5.1,57.0,A,False,False,False,False,False,False,False,False,False,False,True,False,2024-06-14 22:33:44+00:00,40.65632,-74.04689,175.0,2.9166666666666665,False,0.0176249062349161,0.3625694996897032,2.52843627494365,-0.2,-0.0685714285714285,0.1625694996897032,189.3,32.80000000000001,72.0,14.0,False,False,False,False,False,False,False,0,False,
368051060,2024-06-14 22:39:39+00:00,40.65584,-74.04671,0.1,148.8,54.0,KRISTY ANN,IMO9862774,WDK4022,57,1.0,123.0,24.0,5.1,57.0,A,False,False,False,False,False,False,False,False,False,False,True,False,2024-06-14 22:36:39+00:00,40.65603,-74.04683,180.0,3.0,False,0.0126495438481617,0.2529908769632346,2.541085818791812,-0.1,-0.0333333333333333,0.1529908769632345,156.5,7.699999999999989,58.0,4.0,False,False,False,False,False,False,False,0,False,
368051060,2024-06-14 22:42:42+00:00,40.65572,-74.04656,0.2,137.8,48.0,KRISTY ANN,IMO9862774,WDK4022,57,1.0,123.0,24.0,5.1,57.0,A,False,False,False,False,False,False,False,False,False,False,True,False,2024-06-14 22:39:39+00:00,40.65584,-74.04671,183.0,3.05,False,0.0099292910127618,0.1953303150051506,2.551015109804574,0.1,0.0327868852459016,-0.0046696849948493,148.8,11.0,54.0,6.0,False,False,False,False,False,False,False,0,False,
368051060,2024-06-14 22:45:44+00:00,40.65545,-74.04621,0.5,137.5,33.0,KRISTY ANN,IMO9862774,WDK4022,57,1.0,123.0,24.0,5.1,57.0,A,False,False,False,False,False,False,False,False,False,False,True,False,2024-06-14 22:42:42+00:00,40.65572,-74.04656,182.0,3.033333333333333,False,0.0227364688303505,0.4497323504904495,2.5737515786349245,0.3,0.0989010989010989,-0.0502676495095504,137.8,0.3000000000000113,48.0,15.0,False,False,False,False,False,False,False,0,False,
368051060,2024-06-14 22:48:43+00:00,40.65502,-74.04561,0.7,130.4,12.0,KRISTY ANN,IMO9862774,WDK4022,57,1.0,123.0,24.0,5.1,57.0,A,False,False,False,False,False,False,False,False,False,False,True,False,2024-06-14 22:45:44+00:00,40.65545,-74.04621,179.0,2.9833333333333334,False,0.0375958020622246,0.7561166895196019,2.611347380697149,0.1999999999999999,0.0670391061452513,0.0561166895196019,137.5,7.099999999999994,33.0,21.0,False,False,False,False,False,False,False,0,False,
368051060,2024-06-14 22:51:45+00:00,40.65488,-74.04533,0.1,115.4,350.0,KRISTY ANN,IMO9862774,WDK4022,57,1.0,123.0,24.0,5.1,57.0,A,False,False,False,False,False,False,False,False,False,False,True,False,2024-06-14 22:48:43+00:00,40.65502,-74.04561,182.0,3.033333333333333,False,0.0152746907279777,0.3021367396742858,2.626622071425127,-0.6,-0.1978021978021978,0.2021367396742858,130.4,15.0,12.0,22.0,False,False,False,False,False,False,False,0,False,
368051060,2024-06-14 22:54:39+00:00,40.65492,-74.04569,0.3,271.3,352.0,KRISTY ANN,IMO9862774,WDK4022,57,1.0,123.0,24.0,5.1,57.0,A,False,False,False,False,False,False,False,False,False,False,True,False,2024-06-14 22:51:45+00:00,40.65488,-74.04533,174.0,2.9,False,0.0165727708819302,0.3428849147985561,2.6431948423070573,0.1999999999999999,0.0689655172413793,0.0428849147985561,115.4,155.89999999999998,350.0,2.0,False,False,False,False,False,False,False,0,False,
368051060,2024-06-14 22:57:46+00:00,40.65498,-74.04613,0.3,280.9,3.0,KRISTY ANN,IMO9862774,WDK4022,57,1.0,123.0,24.0,5.1,57.0,A,False,False,False,False,False,False,False,False,False,False,True,False,2024-06-14 22:54:39+00:00,40.65492,-74.04569,187.0,3.1166666666666667,False,0.0203629693305943,0.3920143828349707,2.663557811637652,0.0,0.0,0.0920143828349707,271.3,9.599999999999966,352.0,11.0,False,False,False,False,False,False,False,0,False,
368051060,2024-06-14 23:00:39+00:00,40.65501,-74.04638,0.1,282.8,15.0,KRISTY ANN,IMO9862774,WDK4022,57,1.0,123.0,24.0,5.1,57.0,A,False,False,False,False,False,False,False,False,False,False,True,False,2024-06-14 22:57:46+00:00,40.65498,-74.04613,173.0,2.8833333333333333,False,0.0115289433415175,0.2399086475691505,2.6750867549791693,-0.1999999999999999,-0.0693641618497109,0.1399086475691505,280.9,1.900000000000034,3.0,12.0,False,False,False,False,False,False,False,0,False,
368051060,2024-06-14 23:03:45+00:00,40.65501,-74.04646,0.0,282.8,19.0,KRISTY ANN,IMO9862774,WDK4022,57,1.0,123.0,24.0,5.1,57.0,A,False,False,False,False,False,False,False,False,False,False,True,False,2024-06-14 23:00:39+00:00,40.65501,-74.04638,186.0,3.1,False,0.0036439571286157,0.0705282024893368,2.678730712107785,-0.1,-0.032258064516129,0.0705282024893368,282.8,0.0,15.0,4.0,False,False,False,False,False,False,False,0,False,
368051060,2024-06-14 23:06:40+00:00,40.65506,-74.04652,0.0,282.8,24.0,KRISTY ANN,IMO9862774,WDK4022,57,1.0,123.0,24.0,5.1,57.0,A,False,False,False,False,False,False,False,False,False,False,True,False,2024-06-14 23:03:45+00:00,40.65501,-74.04646,175.0,2.9166666666666665,False,0.0040597105767924,0.0835140461511596,2.6827904226845773,0.0,0.0,0.0835140461511596,282.8,0.0,19.0,5.0,False,False,False,False,False,False,False,0,False,
368051060,2024-06-14 23:09:39+00:00,40.65503,-74.04652,0.0,282.8,24.0,KRISTY ANN,IMO9862774,WDK4022,57,1.0,123.0,24.0,5.1,57.0,A,False,False,False,False,False,False,False,False,False,False,True,False,2024-06-14 23:06:40+00:00,40.65506,-74.04652,179.0,2.9833333333333334,False,0.0018012138222259,0.0362255293855495,2.6845916365068034,0.0,0.0,0.0362255293855495,282.8,0.0,24.0,0.0,False,False,False,False,False,False,False,0,False,
368051060,2024-06-14 23:12:39+00:00,40.65501,-74.04643,0.0,282.8,24.0,KRISTY ANN,IMO9862774,WDK4022,57,1.0,123.0,24.0,5.1,57.0,A,False,False,False,False,False,False,False,False,False,False,True,False,2024-06-14 23:09:39+00:00,40.65503,-74.04652,180.0,3.0,False,0.0042717025346294,0.0854340506925881,2.6888633390414327,0.0,0.0,0.0854340506925881,282.8,0.0,24.0,0.0,False,False,False,False,False,False,False,0,False,
368051060,2024-06-14 23:15:41+00:00,40.65502,-74.04644,0.1,282.8,21.0,KRISTY ANN,IMO9862774,WDK4022,57,1.0,123.0,24.0,5.1,57.0,A,False,False,False,False,False,False,False,False,False,False,True,False,2024-06-14 23:12:39+00:00,40.65501,-74.04643,182.0,3.033333333333333,False,0.0007536318926479,0.0149070044699601,2.6896169709340807,0.1,0.0329670329670329,-0.0850929955300398,282.8,0.0,24.0,3.0,False,False,False,False,False,False,False,0,False,
368051060,2024-06-14 23:18:44+00:00,40.65502,-74.04641,0.1,282.8,19.0,KRISTY ANN,IMO9862774,WDK4022,57,1.0,123.0,24.0,5.1,57.0,A,False,False,False,False,False,False,False,False,False,False,True,False,2024-06-14 23:15:41+00:00,40.65502,-74.04644,183.0,3.05,False,0.001366483719214,0.0268816469353579,2.6909834546532947,0.0,0.0,-0.0731183530646421,282.8,0.0,21.0,2.0,False,False,False,False,False,False,False,0,False,
368051060,2024-06-14 23:21:42+00:00,40.65505,-74.04652,0.0,282.7,21.0,KRISTY ANN,IMO9862774,WDK4022,57,1.0,123.0,24.0,5.1,57.0,A,False,False,False,False,False,False,False,False,False,False,True,False,2024-06-14 23:18:44+00:00,40.65502,-74.04641,178.0,2.966666666666667,False,0.0053243658741294,0.1076838041958758,2.696307820527424,-0.1,-0.0337078651685393,0.1076838041958758,282.8,0.1000000000000227,19.0,2.0,False,False,False,False,False,False,False,0,False,
368051060,2024-06-14 23:24:44+00:00,40.65503,-74.04653,0.0,282.7,23.0,KRISTY ANN,IMO9862774,WDK4022,57,1.0,123.0,24.0,5.1,57.0,A,False,False,False,False,False,False,False,False,False,False,True,False,2024-06-14 23:21:42+00:00,40.65505,-74.04652,182.0,3.033333333333333,False,0.001284296676333,0.0254036705208733,2.697592117203757,0.0,0.0,0.0254036705208733,282.7,0.0,21.0,2.0,False,False,False,False,False,False,False,0,False,
368051060,2024-06-14 23:27:42+00:00,40.65504,-74.04648,0.0,282.7,22.0,KRISTY ANN,IMO9862774,WDK4022,57,1.0,123.0,24.0,5.1,57.0,A,False,False,False,False,False,False,False,False,False,False,True,False,2024-06-14 23:24:44+00:00,40.65503,-74.04653,178.0,2.966666666666667,False,0.0023552846980363,0.0476349714209598,2.699947401901793,0.0,0.0,0.0476349714209598,282.7,0.0,23.0,1.0,False,False,False,False,False,False,False,0,False,
368051060,2024-06-14 23:30:45+00:00,40.65504,-74.04647,0.0,282.7,21.0,KRISTY ANN,IMO9862774,WDK4022,57,1.0,123.0,24.0,5.1,57.0,A,False,False,False,False,False,False,False,False,False,False,True,False,2024-06-14 23:27:42+00:00,40.65504,-74.04648,183.0,3.05,False,0.0004554944363356,0.0089605462885704,2.700402896338129,0.0,0.0,0.0089605462885704,282.7,0.0,22.0,1.0,False,False,False,False,False,False,False,0,False,
368051060,2024-06-14 23:33:39+00:00,40.65503,-74.04649,0.0,282.7,22.0,KRISTY ANN,IMO9862774,WDK4022,57,1.0,123.0,24.0,5.1,57.0,A,False,False,False,False,False,False,False,False,False,False,True,False,2024-06-14 23:30:45+00:00,40.65504,-74.04647,174.0,2.9,False,0.0010910483690358,0.0225734145317767,2.701493944707165,0.0,0.0,0.0225734145317767,282.7,0.0,21.0,1.0,False,False,False,False,False,False,False,0,False,
368051060,2024-06-14 23:36:45+00:00,40.65503,-74.04645,0.0,282.7,22.0,KRISTY ANN,IMO9862774,WDK4022,57,1.0,123.0,24.0,5.1,57.0,A,False,False,False,False,False,False,False,False,False,False,True,False,2024-06-14 23:33:39+00:00,40.65503,-74.04649,186.0,3.1,False,0.0018219780184277,0.0352640906792458,2.7033159227255927,0.0,0.0,0.0352640906792458,282.7,0.0,22.0,0.0,False,False,False,False,False,False,False,0,False,
368051060,2024-06-14 23:39:43+00:00,40.65503,-74.04649,0.0,282.7,22.0,KRISTY ANN,IMO9862774,WDK4022,57,1.0,123.0,24.0,5.1,57.0,A,False,False,False,False,False,False,False,False,False,False,True,False,2024-06-14 23:36:45+00:00,40.65503,-74.04645,178.0,2.966666666666667,False,0.0018219780184277,0.036848993631122,2.7051379007440204,0.0,0.0,0.036848993631122,282.7,0.0,22.0,0.0,False,False,False,False,False,False,False,0,False,
368051060,2024-06-14 23:42:45+00:00,40.65511,-74.0466,0.0,282.7,25.0,KRISTY ANN,IMO9862774,WDK4022,57,1.0,123.0,24.0,5.1,57.0,A,False,False,False,False,False,False,False,False,False,False,True,False,2024-06-14 23:39:43+00:00,40.65503,-74.04649,182.0,3.033333333333333,False,0.0069408615247426,0.1372917664234818,2.712078762268763,0.0,0.0,0.1372917664234818,282.7,0.0,22.0,3.0,False,False,False,False,False,False,False,0,False,
368051060,2024-06-14 23:45:42+00:00,40.65509,-74.04661,0.0,282.7,25.0,KRISTY ANN,IMO9862774,WDK4022,57,1.0,123.0,24.0,5.1,57.0,A,False,False,False,False,False,False,False,False,False,False,True,False,2024-06-14 23:42:45+00:00,40.65511,-74.0466,177.0,2.95,False,0.0012842965303384,0.0261212853628156,2.713363058799102,0.0,0.0,0.0261212853628156,282.7,0.0,25.0,0.0,False,False,False,False,False,False,False,0,False,
368051060,2024-06-14 23:48:39+00:00,40.65507,-74.04664,0.1,282.7,23.0,KRISTY ANN,IMO9862774,WDK4022,57,1.0,123.0,24.0,5.1,57.0,A,False,False,False,False,False,False,False,False,False,False,True,False,2024-06-14 23:45:42+00:00,40.65509,-74.04661,177.0,2.95,False,0.0018191253842447,0.0369991603575194,2.7151821841833463,0.1,0.0338983050847457,-0.0630008396424805,282.7,0.0,25.0,2.0,False,False,False,False,False,False,False,0,False,
368051060,2024-06-14 23:51:39+00:00,40.65517,-74.04682,0.1,290.5,27.0,KRISTY ANN,IMO9862774,WDK4022,57,1.0,123.0,24.0,5.1,57.0,A,False,False,False,False,False,False,False,False,False,False,True,False,2024-06-14 23:48:39+00:00,40.65507,-74.04664,180.0,3.0,False,0.0101622028537254,0.2032440570745084,2.725344387037072,0.0,0.0,0.1032440570745084,282.7,7.800000000000011,23.0,4.0,False,False,False,False,False,False,False,0,False,
368051060,2024-06-14 23:54:39+00:00,40.65522,-74.04688,0.0,290.5,34.0,KRISTY ANN,IMO9862774,WDK4022,57,1.0,123.0,24.0,5.1,57.0,A,False,False,False,False,False,False,False,False,False,False,True,False,2024-06-14 23:51:39+00:00,40.65517,-74.04682,180.0,3.0,False,0.0040597061646564,0.0811941232931283,2.7294040932017283,-0.1,-0.0333333333333333,0.0811941232931283,290.5,0.0,27.0,7.0,False,False,False,False,False,False,False,0,False,
368051060,2024-06-14 23:57:42+00:00,40.65519,-74.04686,0.1,290.5,34.0,KRISTY ANN,IMO9862774,WDK4022,57,1.0,123.0,24.0,5.1,57.0,A,False,False,False,False,False,False,False,False,False,False,True,False,2024-06-14 23:54:39+00:00,40.65522,-74.04688,183.0,3.05,False,0.0020184815715478,0.0397078341943847,2.7314225747732763,0.1,0.0327868852459016,-0.0602921658056152,290.5,0.0,34.0,0.0,False,False,False,False,False,False,False,0,False,
